Fecha,Carapungo_x,Carapungo_y
2018-01-01,0,17.82863636363636
2018-01-02,0,24.38772727272727
2018-01-03,468.146,25.76913043478261
2018-01-04,297.855,20.94409090909091
2018-01-05,374.6,23.22666666666667
2018-01-06,0,22.24625
2018-01-07,152.062,17.14708333333333
2018-01-08,443.088,24.31833333333333
2018-01-09,392.746,25.95909090909091
2018-01-10,0,23.04958333333333
2018-01-11,379.826,25.62277777777778
2018-01-12,533.348,26.09125
2018-01-13,0,17.12416666666667
2018-01-14,459.27,6.983333333333333
2018-01-15,0,11.26916666666667
2018-01-16,0,15.70958333333333
2018-01-17,0,9.92625
2018-01-18,594,12.48541666666667
2018-01-19,0,12.79333333333333
2018-01-20,496.876,9.87625
2018-01-21,0,7.314166666666666
2018-01-22,365.461,12.39458333333334
2018-01-23,0,20.86041666666667
2018-01-24,175.491,15.44545454545455
2018-01-25,372.586,15.46652173913044
2018-01-26,0,22.57625
2018-01-27,404.922,15.12
2018-01-28,304.728,15.64833333333333
2018-01-29,294.964,20.00916666666667
2018-01-30,320.509,19.33842105263158
2018-01-31,292.303,21.43478260869565
2018-02-01,392.196,20.63458333333334
2018-02-02,0,20.65916666666667
2018-02-03,610.632,18.68833333333333
2018-02-04,540.717,11.65583333333333
2018-02-05,353.298,8.84375
2018-02-06,0,10.76375
2018-02-07,416.001,10.89875
2018-02-08,394.247,11.10416666666667
2018-02-09,396.425,12.89416666666667
2018-02-10,604.89,13.74416666666667
2018-02-11,0,17.55
2018-02-12,524.913,23.56041666666667
2018-02-13,459.317,23.11958333333333
2018-02-14,508.535,19.21666666666667
2018-02-15,0,12.35458333333333
2018-02-16,0,16.42333333333334
2018-02-17,0,15.60208333333333
2018-02-18,0,13.68541666666667
2018-02-19,435.412,8.307916666666666
2018-02-20,0,13.91375
2018-02-21,349.116,11.51583333333333
2018-02-22,0,9.171666666666667
2018-02-23,569.422,7.705833333333334
2018-02-24,0,8.38625
2018-02-25,271.298,10.49375
2018-02-26,0,13.17541666666667
2018-02-27,0,13.75666666666667
2018-02-28,0,12.9625
2018-03-01,388.911,18.10583333333333
2018-03-02,0,14.66208333333333
2018-03-03,0,13.38958333333333
2018-03-04,0,13.69333333333333
2018-03-05,0,13.43
2018-03-06,0,16.48125
2018-03-07,0,18.68
2018-03-08,0,15.3725
2018-03-09,0,13.59916666666667
2018-03-10,232.402,17.74043478260869
2018-03-11,438.004,12.0425
2018-03-12,261.083,19.09416666666667
2018-03-13,0,22.65833333333333
2018-03-14,334.346,27.35916666666667
2018-03-15,0,32.72521739130435
2018-03-16,0,25.68086956521739
2018-03-17,0,21.8025
2018-03-18,513.679,14.99708333333333
2018-03-19,0,19.94375
2018-03-20,519.378,24.855
2018-03-21,396.273,21.325
2018-03-22,0,20.77652173913043
2018-03-23,0,25.53458333333333
2018-03-24,0,25.11041666666667
2018-03-25,380.052,23.10833333333333
2018-03-26,592.584,21.72666666666667
2018-03-27,468.806,23.33958333333333
2018-03-28,484.598,20.76083333333333
2018-03-29,0,15.122
2018-03-30,504.215,15.93791666666667
2018-03-31,0,7.502916666666667
2018-04-01,0,10.56375
2018-04-02,0,10.39541666666667
2018-04-03,0,14.32304347826087
2018-04-04,0,13.88625
2018-04-05,0,16.87130434782609
2018-04-06,0,14.0704347826087
2018-04-07,0,18.6275
2018-04-08,265.041,17.21291666666667
2018-04-09,0,15.48625
2018-04-10,0,13.14208333333333
2018-04-11,0,26.29083333333334
2018-04-12,130.759,23.13291666666667
2018-04-13,0,20.05391304347826
2018-04-14,554.787,21.49875
2018-04-15,347.891,20.27583333333333
2018-04-16,0,19.56166666666666
2018-04-17,386.045,16.43958333333333
2018-04-18,392.274,17.85083333333333
2018-04-19,366.783,19.36888888888889
2018-04-20,272.769,15.40625
2018-04-21,271.278,16.53291666666667
2018-04-22,212.724,13.62416666666667
2018-04-23,0,17.01083333333333
2018-04-24,396.814,28.34083333333333
2018-04-25,0,19.08333333333333
2018-04-26,0,24.01166666666667
2018-04-27,429.545,24.8425
2018-04-28,0,16.3825
2018-04-29,0,26.15666666666667
2018-04-30,0,20.72791666666667
2018-05-01,0,20.45791666666667
2018-05-02,0,21.04208333333333
2018-05-03,507.788,19.11304347826087
2018-05-04,336.877,17.32166666666667
2018-05-05,404.818,17.09125
2018-05-06,422.623,15.26875
2018-05-07,0,15.56652173913043
2018-05-08,0,20.44333333333333
2018-05-09,0,17.66
2018-05-10,387.314,23.01043478260869
2018-05-11,0,21.38454545454545
2018-05-12,388.919,22.22416666666667
2018-05-13,0,13.54916666666667
2018-05-14,0,17.50041666666667
2018-05-15,304.192,17.94956521739131
2018-05-16,0,14.17375
2018-05-17,589.104,22.71291666666667
2018-05-18,0,14.52666666666667
2018-05-19,0,18.91166666666667
2018-05-20,0,17.51416666666666
2018-05-21,0,13.43291666666667
2018-05-22,294.812,22.45142857142857
2018-05-23,0,13.55958333333333
2018-05-24,0,17.93
2018-05-25,0,17.85458333333333
2018-05-26,477.718,18.18666666666667
2018-05-27,0,16.06958333333333
2018-05-28,295.893,20.17333333333334
2018-05-29,0,23.54375
2018-05-30,386.348,23.99521739130435
2018-05-31,137.22,24.15347826086957
2018-06-01,280.572,26.37173913043478
2018-06-02,416.034,20.18333333333333
2018-06-03,0,18.07083333333333
2018-06-04,359.115,17.27125
2018-06-05,0,19.4925
2018-06-06,210.399,21.34523809523809
2018-06-07,122.76,17.96090909090909
2018-06-08,186.385,15.31681818181818
2018-06-09,234.416,20.82208333333334
2018-06-10,0,16.7525
2018-06-11,255.345,16.89708333333333
2018-06-12,0,23.60130434782609
2018-06-13,252.222,21.82625
2018-06-14,225.169,20.02863636363636
2018-06-15,0,20.96041666666667
2018-06-16,256.365,18.51625
2018-06-17,396,12.29
2018-06-18,340,12.75608695652174
2018-06-19,350,18.37875
2018-06-20,365.847,15.92318181818182
2018-06-21,254.53,15.755
2018-06-22,138.761,17.99782608695652
2018-06-23,0,21.56
2018-06-24,323.054,19.52708333333333
2018-06-25,334,20.4675
2018-06-26,0,18.94
2018-06-27,0,15.98916666666667
2018-06-28,0,17.38166666666667
2018-06-29,0,16.52916666666667
2018-06-30,428.621,17.745
2018-07-01,336.169,12.16041666666667
2018-07-02,128.447,21.5975
2018-07-03,111.336,22.93391304347826
2018-07-04,290.87,18.64875
2018-07-05,0,20.49208333333333
2018-07-06,568.955,20.81166666666667
2018-07-07,0,13.95708333333334
2018-07-08,192.678,15.94541666666667
2018-07-09,283.286,14.10666666666667
2018-07-10,132.381,17.34
2018-07-11,230.915,20.98173913043478
2018-07-12,153.102,17.26625
2018-07-13,298.955,11.85666666666667
2018-07-14,413,11.51333333333333
2018-07-15,255.408,10.78916666666667
2018-07-16,81.935,13.25041666666667
2018-07-17,284.978,13.80125
2018-07-18,495.998,18.3575
2018-07-19,244.951,19.72666666666667
2018-07-20,387.788,20.57708333333333
2018-07-21,0,20.57541666666667
2018-07-22,0,18.34916666666667
2018-07-23,286.387,15.67083333333333
2018-07-24,185.568,17.4125
2018-07-25,250.296,20.85166666666667
2018-07-26,226.366,21.07583333333333
2018-07-27,0,18.78416666666667
2018-07-28,123.959,19.14083333333333
2018-07-29,346,17.57
2018-07-30,0,11.52333333333333
2018-07-31,0,18.35916666666667
2018-08-01,191.101,20.9
2018-08-02,141.481,19.09625
2018-08-03,0,19.79833333333334
2018-08-04,0,12.49875
2018-08-05,323.511,16.06041666666667
2018-08-06,566.461,12.87958333333333
2018-08-07,569.047,11.87833333333333
2018-08-08,294.384,10.225
2018-08-09,308.985,10.95625
2018-08-10,311.254,10.72958333333333
2018-08-11,235.838,10.16625
2018-08-12,269.189,13.03375
2018-08-13,272.85,19.41583333333334
2018-08-14,418.698,23.78875
2018-08-15,0,22.93583333333333
2018-08-16,280.458,12.1625
2018-08-17,238.564,17.19208333333333
2018-08-18,111.243,20.2475
2018-08-19,206.875,16.7
2018-08-20,185.502,13.56
2018-08-21,267.492,11.78958333333333
2018-08-22,0,16.82260869565217
2018-08-23,428.506,20.56608695652174
2018-08-24,92.169,20.98521739130435
2018-08-25,135.537,17.04916666666667
2018-08-26,257.039,11.58541666666667
2018-08-27,373.936,17.07095238095238
2018-08-28,197.962,18.54916666666667
2018-08-29,164.379,19.89041666666667
2018-08-30,225.974,27.11708333333333
2018-08-31,0,27.88782608695652
2018-09-01,312.275,25.28869565217391
2018-09-02,386.863,20.79791666666667
2018-09-03,248.545,18.28291666666667
2018-09-04,430.935,14.29458333333333
2018-09-05,543.873,24.1975
2018-09-06,229.501,30.02217391304348
2018-09-07,0,32.24375
2018-09-08,553,27.60208333333334
2018-09-09,387.108,15.54458333333333
2018-09-10,256.879,20.89208333333334
2018-09-11,0,28.20590909090909
2018-09-12,0,30.81083333333333
2018-09-13,392,29.84652173913043
2018-09-14,0,19.98956521739131
2018-09-15,0,20.85166666666667
2018-09-16,0,18.49521739130435
2018-09-17,327.664,20.86
2018-09-18,249.533,22.6595652173913
2018-09-19,259.64,28.421
2018-09-20,127.92,19.81416666666667
2018-09-21,380.167,20.54875
2018-09-22,298.544,21.37913043478261
2018-09-23,0,
2018-09-24,479.086,
2018-09-25,386.613,23.0375
2018-09-26,497.867,25.08681818181818
2018-09-27,511.288,24.87157894736842
2018-09-28,187.375,30.76458333333333
2018-09-29,321.262,35.12
2018-09-30,0,22.1475
2018-10-01,588.748,29.46421052631579
2018-10-02,539.46,39.93363636363636
2018-10-03,447.032,40.45761904761905
2018-10-04,499.258,35.34238095238095
2018-10-05,304.132,31.13705882352942
2018-10-06,0,35.61047619047619
2018-10-07,0,34.45166666666667
2018-10-08,0,21.34958333333333
2018-10-09,0,23.87291666666667
2018-10-10,0,20.95708333333333
2018-10-11,0,33.37086956521739
2018-10-12,396.003,28.03958333333334
2018-10-13,244.682,27.52578947368421
2018-10-14,487.483,26.07625
2018-10-15,393.685,33.28545454545454
2018-10-16,387.255,27.89235294117647
2018-10-17,463.296,34.01869565217392
2018-10-18,0,37.06
2018-10-19,426.163,35.34391304347826
2018-10-20,0,19.44625
2018-10-21,520.583,18.99375
2018-10-22,350.712,28.49347826086957
2018-10-23,0,25.52772727272727
2018-10-24,346.006,30.42727272727273
2018-10-25,0,33.56166666666667
2018-10-26,484.985,27.91666666666667
2018-10-27,0,24.8225
2018-10-28,362.969,25.60875
2018-10-29,0,26.24434782608696
2018-10-30,240.464,26.95083333333334
2018-10-31,505.742,29.07791666666667
2018-11-01,0,27.92130434782608
2018-11-02,438.83,26.26208333333333
2018-11-03,0,18.15291666666667
2018-11-04,0,10.56375
2018-11-05,0,19.14333333333333
2018-11-06,285.943,20.89761904761905
2018-11-07,351.582,20.30363636363636
2018-11-08,0,16.80375
2018-11-09,532.768,14.75833333333333
2018-11-10,0,13.09666666666667
2018-11-11,551.077,15.25125
2018-11-12,0,16.845
2018-11-13,548,18.00083333333333
2018-11-14,533.115,20.57541666666667
2018-11-15,579,16.63541666666667
2018-11-16,0,17.01958333333333
2018-11-17,0,27.33304347826087
2018-11-18,453.863,25.89625
2018-11-19,0,21.135
2018-11-20,0,23.83708333333334
2018-11-21,0,27.12083333333333
2018-11-22,400.903,21.82333333333333
2018-11-23,427.466,14.76041666666667
2018-11-24,0,19.74291666666667
2018-11-25,503.708,17.30833333333333
2018-11-26,0,9.904583333333333
2018-11-27,0,17.43
2018-11-28,366.655,19.91086956521739
2018-11-29,0,20.69409090909091
2018-11-30,0,16.58333333333333
2018-12-01,233.263,16.68714285714286
2018-12-02,344.359,17.5625
2018-12-03,0,24.325
2018-12-04,428.776,24.40913043478261
2018-12-05,0,21.86791666666667
2018-12-06,327.055,26.15041666666667
2018-12-07,539.674,23.47166666666667
2018-12-08,0,22.6375
2018-12-09,311.953,18.43208333333333
2018-12-10,547.1,18.68565217391304
2018-12-11,0,19.67333333333334
2018-12-12,0,16.39909090909091
2018-12-13,382.257,19.2404347826087
2018-12-14,0,16.03409090909091
2018-12-15,305.385,21.40291666666667
2018-12-16,290.52,17.99583333333333
2018-12-17,521.093,19.075
2018-12-18,0,21.86666666666666
2018-12-19,0,17.70478260869565
2018-12-20,0,17.63428571428571
2018-12-21,0,18.41208333333333
2018-12-22,0,18.57958333333334
2018-12-23,151.066,19.93333333333333
2018-12-24,478.739,20.68041666666667
2018-12-25,388.064,13.3775
2018-12-26,255.8,14.4175
2018-12-27,296.027,13.24041666666667
2018-12-28,0,14.33666666666667
2018-12-29,366.39,18.91875
2018-12-30,377.58,17.53166666666667
2018-12-31,0,18.11333333333333
2019-01-01,299.648,10.78619047619047
2019-01-02,199.122,15.25666666666667
2019-01-03,343.542,13.18086956521739
2019-01-04,0,13.99869565217391
2019-01-05,380.056,21.2
2019-01-06,0,20.96291666666667
2019-01-07,0,19.73625
2019-01-08,0,15.24833333333333
2019-01-09,0,15.48391304347826
2019-01-10,0,10.66833333333333
2019-01-11,0,11.26375
2019-01-12,383.431,11.72166666666667
2019-01-13,0,10.50619047619048
2019-01-14,408.563,14.77125
2019-01-15,0,17.69125
2019-01-16,0,22.89291666666666
2019-01-17,0,19.02380952380953
2019-01-18,454.61,16.38708333333333
2019-01-19,0,13.93958333333333
2019-01-20,0,8.885416666666666
2019-01-21,341.122,12.91458333333333
2019-01-22,0,16.67458333333333
2019-01-23,299.043,16.11208333333333
2019-01-24,292.028,14.86375
2019-01-25,287.828,19.47166666666667
2019-01-26,213.752,21.83458333333333
2019-01-27,314.303,14.75208333333333
2019-01-28,0,10.62583333333333
2019-01-29,0,13.47916666666667
2019-01-30,569,13.21708333333333
2019-01-31,0,13.00416666666667
2019-02-01,0,12.48136363636364
2019-02-02,491.217,13.98291666666667
2019-02-03,0,11.76666666666667
2019-02-04,0,9.255833333333333
2019-02-05,0,11.80541666666667
2019-02-06,0,18.9975
2019-02-07,0,14.7975
2019-02-08,395.298,17.67166666666667
2019-02-09,0,10.59208333333333
2019-02-10,546.846,9.8975
2019-02-11,0,11.96666666666667
2019-02-12,458.74,14.19791666666667
2019-02-13,0,18.91708333333333
2019-02-14,0,22.1825
2019-02-15,564.854,22.01727272727273
2019-02-16,412.736,30.06869565217391
2019-02-17,322.747,23.99666666666667
2019-02-18,0,16.41875
2019-02-19,0,12.74375
2019-02-20,0,12.54875
2019-02-21,0,21.76086956521739
2019-02-22,0,23.9195652173913
2019-02-23,0,21.34416666666667
2019-02-24,0,6.977083333333334
2019-02-25,0,13.51727272727273
2019-02-26,363.996,14.81041666666667
2019-02-27,437.344,12.59625
2019-02-28,0,17.07708333333333
2019-03-01,608.008,17.8625
2019-03-02,0,19.58458333333333
2019-03-03,494.175,16.97208333333333
2019-03-04,0,13.63791666666667
2019-03-05,0,22.41916666666667
2019-03-06,0,25.02041666666667
2019-03-07,0,27.16375
2019-03-08,316.673,22.97695652173913
2019-03-09,0,19.71958333333333
2019-03-10,0,14.96625
2019-03-11,0,14.51958333333334
2019-03-12,332.148,17.85333333333334
2019-03-13,0,21.76875
2019-03-14,499.301,19.1075
2019-03-15,394,16.34166666666667
2019-03-16,263.865,23.40583333333333
2019-03-17,606.893,15.5875
2019-03-18,0,17.02125
2019-03-19,0,13.73083333333333
2019-03-20,0,19.9475
2019-03-21,243.61,12.93333333333333
2019-03-22,0,20.9725
2019-03-23,349.752,29.34375
2019-03-24,581.475,23.91375
2019-03-25,0,18.52652173913043
2019-03-26,486.843,23.28333333333333
2019-03-27,0,21.28041666666667
2019-03-28,607.957,17.81375
2019-03-29,0,19.375
2019-03-30,0,26.82227272727273
2019-03-31,0,19.86666666666667
2019-04-01,0,15.39666666666667
2019-04-02,461.712,13.24
2019-04-03,0,12.59375
2019-04-04,0,8.72875
2019-04-05,0,14.94
2019-04-06,0,15.3225
2019-04-07,0,20.87125
2019-04-08,454.069,23.64
2019-04-09,310.6,25.10875
2019-04-10,0,15.13125
2019-04-11,422.218,19.83208333333333
2019-04-12,0,21.82125
2019-04-13,0,14.30041666666667
2019-04-14,455.944,17.585
2019-04-15,0,16.095
2019-04-16,334.464,21.46636363636363
2019-04-17,0,18.835
2019-04-18,387.727,19.7625
2019-04-19,0,9.520833333333334
2019-04-20,0,11.80375
2019-04-21,0,7.600416666666667
2019-04-22,520.15,16.345
2019-04-23,0,21.1675
2019-04-24,0,17.8025
2019-04-25,0,16.8075
2019-04-26,0,16.36166666666667
2019-04-27,353.28,20.69583333333333
2019-04-28,0,13.43125
2019-04-29,0,17.7025
2019-04-30,0,18.05909090909091
2019-05-01,153.49,19.19416666666667
2019-05-02,0,16.01
2019-05-03,0,18.69625
2019-05-04,0,18.02541666666667
2019-05-05,354,7.825416666666666
2019-05-06,0,13.9925
2019-05-07,0,11.905
2019-05-08,0,13.99583333333333
2019-05-09,0,12.77375
2019-05-10,0,13.14916666666667
2019-05-11,144.477,19.74
2019-05-12,0,16.43555555555555
2019-05-13,0,23.92
2019-05-14,0,22.50666666666666
2019-05-15,0,19.05217391304348
2019-05-16,360.648,20.36291666666667
2019-05-17,0,16.57791666666667
2019-05-18,403.151,11.145
2019-05-19,0,12.99833333333333
2019-05-20,0,23.40090909090909
2019-05-21,0,21.61208333333333
2019-05-22,360.572,19.35043478260869
2019-05-23,0,15.98291666666667
2019-05-24,214.279,16.84583333333333
2019-05-25,0,14.08166666666667
2019-05-26,0,11.65458333333333
2019-05-27,412.392,14.56708333333333
2019-05-28,0,16.14541666666667
2019-05-29,582.834,15.06375
2019-05-30,0,11.15733333333333
2019-05-31,0,10.30416666666667
2019-06-01,440.304,11.34291666666667
2019-06-02,0,11.64416666666667
2019-06-03,0,16.60541666666667
2019-06-04,229.165,11.50708333333333
2019-06-05,0,14.36791666666667
2019-06-06,0,14.19625
2019-06-07,0,16.64578947368421
2019-06-08,258.534,19.915
2019-06-09,0,14.2125
2019-06-10,0,12.22333333333333
2019-06-11,446.869,14.95125
2019-06-12,0,18.99217391304348
2019-06-13,0,20.21
2019-06-14,0,15.79166666666667
2019-06-15,0,17.83875
2019-06-16,0,14.9125
2019-06-17,207.169,9.437083333333334
2019-06-18,0,11.06833333333333
2019-06-19,277.193,9.998333333333333
2019-06-20,445.157,12.22208333333333
2019-06-21,0,11.7425
2019-06-22,0,13.28208333333333
2019-06-23,0,8.729583333333334
2019-06-24,0,14.55416666666667
2019-06-25,247.473,18.56375
2019-06-26,195.589,19.35333333333334
2019-06-27,185.31,18.10083333333333
2019-06-28,259.533,13.91833333333333
2019-06-29,0,11.62291666666667
2019-06-30,335,9.3825
2019-07-01,0,14.78708333333333
2019-07-02,320.345,23.22
2019-07-03,350.863,21.91208333333333
2019-07-04,343.393,20.22130434782608
2019-07-05,228.498,19.6875
2019-07-06,375.646,12.6725
2019-07-07,0,9.015416666666667
2019-07-08,0,13.26916666666667
2019-07-09,363.824,18.30375
2019-07-10,290.243,21.64652173913043
2019-07-11,101.561,19.59708333333333
2019-07-12,0,18.61818181818182
2019-07-13,467.583,19.1275
2019-07-14,0,11.96375
2019-07-15,0,13.31083333333333
2019-07-16,406.186,15.63363636363636
2019-07-17,0,13.84083333333333
2019-07-18,291.147,11.60291666666667
2019-07-19,147.667,12.25291666666667
2019-07-20,269.691,10.1525
2019-07-21,438.5,12.65041666666667
2019-07-22,0,14.72583333333333
2019-07-23,0,13.08041666666667
2019-07-24,0,12.11125
2019-07-25,0,17.21416666666667
2019-07-26,299.787,15.1425
2019-07-27,0,14.73125
2019-07-28,0,8.840416666666666
2019-07-29,147.28,17.28409090909091
2019-07-30,149.207,17.62791666666667
2019-07-31,0,15.33333333333333
2019-08-01,313.621,18.46916666666667
2019-08-02,0,21.99625
2019-08-03,0,18.46
2019-08-04,0,13.21857142857143
2019-08-05,298.394,18.578125
2019-08-06,49.207,16.98
2019-08-07,408.197,14.12
2019-08-08,326.024,11.85416666666667
2019-08-09,0,12.83833333333333
2019-08-10,389.167,12.40666666666667
2019-08-11,229.567,5.501428571428571
2019-08-12,303.01,12.57625
2019-08-13,495.883,16.435
2019-08-14,0,27.54631578947368
2019-08-15,0,33.45636363636363
2019-08-16,0,16.41625
2019-08-17,0,25.27125
2019-08-18,0,15.99875
2019-08-19,324.589,15.80291666666667
2019-08-20,295.273,13.25458333333333
2019-08-21,338.37,11.93875
2019-08-22,230.836,14.8025
2019-08-23,0,14.06708333333333
2019-08-24,298.881,17.31916666666667
2019-08-25,0,14.985
2019-08-26,299.281,15.62
2019-08-27,392.589,14.27666666666667
2019-08-28,285.489,12.01625
2019-08-29,193.649,12.92
2019-08-30,271.283,22.67458333333333
2019-08-31,257.629,25.17565217391304
2019-09-01,0,15.92826086956522
2019-09-02,325.937,25.92913043478261
2019-09-03,0,28.58952380952381
2019-09-04,0,26.91375
2019-09-05,0,19.0725
2019-09-06,243.068,23.32521739130435
2019-09-07,144.452,25.65173913043478
2019-09-08,157.971,14.66791666666667
2019-09-09,330.078,15.15958333333333
2019-09-10,0,23.24952380952381
2019-09-11,455.841,18.97526315789473
2019-09-12,0,27.71608695652174
2019-09-13,333.691,25.78909090909091
2019-09-14,577.074,19.24478260869565
2019-09-15,573,14.51041666666667
2019-09-16,273.592,20.79695652173913
2019-09-17,0,27.44166666666667
2019-09-18,0,21.24791666666667
2019-09-19,0,18.60083333333333
2019-09-20,0,19.89583333333333
2019-09-21,0,21.80791666666667
2019-09-22,513.08,17.98625
2019-09-23,0,18.17869565217391
2019-09-24,0,19.38304347826087
2019-09-25,0,22.35739130434783
2019-09-26,0,23.59705882352941
2019-09-27,436.763,18.3975
2019-09-28,0,11.86
2019-09-29,307.323,11.42
2019-09-30,0,15.83666666666667
2019-10-01,428.842,21.20333333333333
2019-10-02,558.067,15.09458333333333
2019-10-03,0,16.13541666666667
2019-10-04,490.113,19.06666666666667
2019-10-05,0,13.21
2019-10-06,0,9.438333333333334
2019-10-07,0,14.19913043478261
2019-10-08,0,24.05434782608696
2019-10-09,429.225,18.27041666666667
2019-10-10,0,16.68545454545454
2019-10-11,0,16.83666666666667
2019-10-12,0,24.63130434782608
2019-10-13,0,20.57
2019-10-14,314.459,21.30958333333333
2019-10-15,0,20.74590909090909
2019-10-16,0,19.77958333333333
2019-10-17,0,18.17166666666667
2019-10-18,457.386,21.84708333333333
2019-10-19,0,15.92333333333333
2019-10-20,0,14.19833333333333
2019-10-21,0,15.42041666666667
2019-10-22,578,10.48166666666667
2019-10-23,0,14.96
2019-10-24,0,21.8304347826087
2019-10-25,441.278,21.215
2019-10-26,0,18.89291666666667
2019-10-27,448.211,19.00090909090909
2019-10-28,0,13.55208333333333
2019-10-29,350.838,24.70916666666666
2019-10-30,475.56,18.82083333333333
2019-10-31,0,19.24333333333334
2019-11-01,417.589,14.64375
2019-11-02,449.726,11.69375
2019-11-03,538.538,13.5
2019-11-04,0,11.57458333333333
2019-11-05,413.403,12.32791666666667
2019-11-06,580,13.3725
2019-11-07,423.679,13.71291666666667
2019-11-08,350.42,16.65913043478261
2019-11-09,0,10.20125
2019-11-10,500.225,10.39666666666667
2019-11-11,0,11.02958333333333
2019-11-12,0,12.61166666666667
2019-11-13,0,8.7425
2019-11-14,531.908,9.383333333333335
2019-11-15,0,9.07904761904762
2019-11-16,0,9.86875
2019-11-17,448.194,8.267916666666666
2019-11-18,334.307,11.73833333333334
2019-11-19,0,16.93708333333333
2019-11-20,0,14.02208333333333
2019-11-21,514.119,12.68833333333333
2019-11-22,0,14.31541666666667
2019-11-23,522.758,15.31
2019-11-24,332.947,13.96666666666667
2019-11-25,515.824,13.28416666666667
2019-11-26,342.822,15.51041666666667
2019-11-27,0,11.61166666666667
2019-11-28,0,13.71166666666667
2019-11-29,0,18.92625
2019-11-30,564.841,11.89833333333333
2019-12-01,0,10.25625
2019-12-02,429.12,14.925
2019-12-03,503.731,18.92958333333333
2019-12-04,533.302,16.24583333333333
2019-12-05,506.615,15.8
2019-12-06,0,12.13916666666667
2019-12-07,0,8.229166666666666
2019-12-08,0,8.250833333333334
2019-12-09,0,13.82916666666667
2019-12-10,0,14.05333333333333
2019-12-11,0,15.46208333333333
2019-12-12,0,13.1125
2019-12-13,0,20.0375
2019-12-14,522.138,20.68416666666667
2019-12-15,0,22.91416666666667
2019-12-16,462.288,18.33782608695652
2019-12-17,563.504,11.82578947368421
2019-12-18,475.082,17.90791666666667
2019-12-19,500.048,15.10166666666667
2019-12-20,0,18.25833333333333
2019-12-21,465.733,18.98375
2019-12-22,0,14.515
2019-12-23,362.399,12.78583333333333
2019-12-24,0,14.67708333333333
2019-12-25,315.126,13.1525
2019-12-26,263.916,14.055
2019-12-27,531.836,11.29916666666667
2019-12-28,489.39,14.11625
2019-12-29,381.881,10.9125
2019-12-30,0,8.337083333333334
2019-12-31,0,8.818333333333333
2020-01-01,0,5.899047619047619
2020-01-02,0,8.488333333333333
2020-01-03,344.889,11.47625
2020-01-04,322.89,12.35208333333333
2020-01-05,349.625,6.813333333333333
2020-01-06,321.435,8.317916666666667
2020-01-07,0,15.32583333333333
2020-01-08,528.439,16.54736842105263
2020-01-09,482.877,17.91434782608696
2020-01-10,425.721,14.925
2020-01-11,380.589,13.18291666666667
2020-01-12,339.783,10.69833333333333
2020-01-13,248.96,12.43541666666667
2020-01-14,305.993,14.38590909090909
2020-01-15,285.156,16.83363636363636
2020-01-16,437.678,17.20590909090909
2020-01-17,313.587,12.35782608695652
2020-01-18,0,8.68125
2020-01-19,386.576,8.040416666666667
2020-01-20,557,9.839583333333334
2020-01-21,0,8.1675
2020-01-22,0,7.365416666666667
2020-01-23,0,12.49791666666667
2020-01-24,501.795,10.80416666666667
2020-01-25,0,14.665
2020-01-26,504.902,10.79375
2020-01-27,0,8.164583333333333
2020-01-28,316.589,16.53
2020-01-29,0,12.60666666666667
2020-01-30,0,17.6425
2020-01-31,0,19.76416666666667
2020-02-01,0,19.80166666666667
2020-02-02,0,11.16583333333333
2020-02-03,441.103,14.20541666666667
2020-02-04,498.777,13.36875
2020-02-05,180.997,21.11458333333333
2020-02-06,296.836,23.305
2020-02-07,308.999,25.135
2020-02-08,521.095,13.92125
2020-02-09,553.984,8.888333333333334
2020-02-10,0,16.98833333333333
2020-02-11,381.875,19.55363636363636
2020-02-12,341.382,25.15041666666667
2020-02-13,353,20.44083333333333
2020-02-14,344.018,22.10291666666667
2020-02-15,567.24,18.58166666666667
2020-02-16,381.966,17.51208333333333
2020-02-17,501.856,16.33652173913044
2020-02-18,447.041,14.04375
2020-02-19,0,16.28458333333333
2020-02-20,0,15.19416666666667
2020-02-21,0,11.54625
2020-02-22,0,9.803333333333333
2020-02-23,0,15.38458333333333
2020-02-24,0,12.2975
2020-02-25,511,10.42333333333333
2020-02-26,0,9.399166666666668
2020-02-27,0,11.03291666666667
2020-02-28,0,14.37416666666667
2020-02-29,488.229,19.1325
2020-03-01,426.714,18.26875
2020-03-02,549.196,19.04958333333333
2020-03-03,385.658,16.60333333333334
2020-03-04,0,16.90875
2020-03-05,393.64,17.065
2020-03-06,0,12.045
2020-03-07,0,11.29833333333333
2020-03-08,0,12.84041666666667
2020-03-09,515.663,20.35166666666667
2020-03-10,480.838,16.77916666666667
2020-03-11,489.922,15.42708333333333
2020-03-12,0,16.129
2020-03-13,0,
2020-03-14,0,6.517500000000001
2020-03-15,501,7.60625
2020-03-16,0,7.318750000000001
2020-03-17,0,7.804583333333333
2020-03-18,272.813,10.73458333333333
2020-03-19,414.617,11.6825
2020-03-20,0,5.150833333333333
2020-03-21,312.723,7.010000000000001
2020-03-22,299.191,11.6025
2020-03-23,718.303,16.36
2020-03-24,644.303,21.33
2020-03-25,0,17.19916666666667
2020-03-26,619.362,12.07666666666667
2020-03-27,0,8.77375
2020-03-28,0,6.691666666666666
2020-03-29,0,9.22875
2020-03-30,0,18.5875
2020-03-31,0,10.56083333333333
2020-04-01,0,7.522083333333334
2020-04-02,0,11.61541666666667
2020-04-03,342.666,13.32
2020-04-04,558.551,10.63291666666667
2020-04-05,0,7.83875
2020-04-06,504.171,8.512916666666667
2020-04-07,0,7.166250000000001
2020-04-08,437.364,10.47916666666667
2020-04-09,0,8.87875
2020-04-10,0,10.10166666666667
2020-04-11,0,6.032083333333333
2020-04-12,0,9.6875
2020-04-13,572.029,5.305833333333333
2020-04-14,0,5.409583333333334
2020-04-15,0,7.122083333333333
2020-04-16,0,11.67541666666667
2020-04-17,456,16.18625
2020-04-18,460.809,11.83458333333333
2020-04-19,382.258,10.58375
2020-04-20,286.109,10.50125
2020-04-21,0,10.1775
2020-04-22,385.922,12.83333333333333
2020-04-23,0,8.85375
2020-04-24,0,9.048333333333334
2020-04-25,0,7.919999999999999
2020-04-26,409.868,12.09791666666666
2020-04-27,0,15.60416666666667
2020-04-28,0,12.90958333333333
2020-04-29,505.333,12.04708333333333
2020-04-30,0,8.800833333333333
2020-05-01,0,11.23
2020-05-02,0,8.537916666666666
2020-05-03,522.705,9.337916666666667
2020-05-04,0,8.794166666666667
2020-05-05,0,12.03458333333333
2020-05-06,537.341,12.25291666666667
2020-05-07,0,9.44625
2020-05-08,367.393,10.51041666666667
2020-05-09,349.578,8.887083333333333
2020-05-10,414.77,11.38458333333333
2020-05-11,324.727,9.64875
2020-05-12,0,6.416363636363636
2020-05-13,0,10.0678947368421
2020-05-14,0,18.47541666666667
2020-05-15,389.979,13.62875
2020-05-16,0,11.77958333333333
2020-05-17,349.706,8.31875
2020-05-18,0,6.9875
2020-05-19,331.498,12.53041666666667
2020-05-20,265.915,10.82291666666667
2020-05-21,0,13.52583333333333
2020-05-22,0,14.51791666666667
2020-05-23,0,13.26541666666667
2020-05-24,436.866,7.9675
2020-05-25,444,9.650833333333333
2020-05-26,280.458,9.975833333333334
2020-05-27,373.422,11.48083333333333
2020-05-28,0,10.52125
2020-05-29,0,9.512916666666667
2020-05-30,0,7.821666666666666
2020-05-31,408,7.849166666666666
2020-06-01,0,8.150416666666667
2020-06-02,468.014,11.24458333333333
2020-06-03,0,11.11375
2020-06-04,260.198,12.68
2020-06-05,0,16.79869565217391
2020-06-06,224.098,12.63833333333333
2020-06-07,247.143,12.39739130434783
2020-06-08,0,13.54291666666666
2020-06-09,0,13.64875
2020-06-10,465,13.25041666666667
2020-06-11,441.103,14.55666666666667
2020-06-12,0,13.53791666666667
2020-06-13,393.814,19.54
2020-06-14,0,12.55791666666667
2020-06-15,0,11.52541666666667
2020-06-16,400.849,14.56583333333333
2020-06-17,0,13.07416666666666
2020-06-18,314.18,9.35375
2020-06-19,570.269,10.12208333333333
2020-06-20,329.271,11.0625
2020-06-21,331.351,9.85125
2020-06-22,386.131,9.873333333333333
2020-06-23,0,15.27291666666667
2020-06-24,0,15.84833333333333
2020-06-25,0,15.79958333333333
2020-06-26,0,10.14708333333333
2020-06-27,291.683,13.72041666666667
2020-06-28,357.643,16.09916666666667
2020-06-29,406.227,17.93458333333333
2020-06-30,0,13.635
2020-07-01,0,14.43875
2020-07-02,0,12.70875
2020-07-03,0,13.69916666666666
2020-07-04,0,11.58583333333333
2020-07-05,0,12.82541666666667
2020-07-06,0,15.9375
2020-07-07,0,13.84083333333333
2020-07-08,0,17.26
2020-07-09,0,17.675
2020-07-10,0,13.52166666666667
2020-07-11,0,16.02666666666667
2020-07-12,379.938,14.79625
2020-07-13,0,10.23791666666667
2020-07-14,0,11.61291666666667
2020-07-15,274.322,10.38625
2020-07-16,156.622,9.812916666666666
2020-07-17,0,12.11541666666667
2020-07-18,413.274,10.31958333333333
2020-07-19,585.775,10.93666666666667
2020-07-20,0,11.505
2020-07-21,464.869,11.81583333333333
2020-07-22,0,13.41958333333333
2020-07-23,0,10.41041666666667
2020-07-24,428.784,15.89708333333333
2020-07-25,297.047,13.04416666666667
2020-07-26,0,10.58708333333333
2020-07-27,0,11.65416666666667
2020-07-28,308.254,14.71125
2020-07-29,0,11.79208333333333
2020-07-30,479.919,12.59166666666667
2020-07-31,262.158,13.95916666666667
2020-08-01,323.436,10.67166666666667
2020-08-02,0,12.41625
2020-08-03,530.689,16.11458333333333
2020-08-04,275.725,13.50541666666667
2020-08-05,273.656,18.915
2020-08-06,293.522,18.13375
2020-08-07,393.381,15.5425
2020-08-08,160.06,11.90375
2020-08-09,149.097,11.0975
2020-08-10,221.973,16.01041666666667
2020-08-11,451.563,19.79958333333333
2020-08-12,305.767,19.07791666666667
2020-08-13,204.132,18.04541666666667
2020-08-14,0,12.14333333333333
2020-08-15,508,15.18333333333333
2020-08-16,407.032,15.05166666666667
2020-08-17,214.184,13.95958333333333
2020-08-18,0,9.590833333333334
2020-08-19,0,11.27791666666667
2020-08-20,0,11.24666666666667
2020-08-21,0,12.25333333333333
2020-08-22,0,16.48791666666667
2020-08-23,403.311,13.60083333333333
2020-08-24,119.928,16.225
2020-08-25,424.031,18.10166666666667
2020-08-26,229.586,16.40458333333333
2020-08-27,0,14.31583333333333
2020-08-28,0,11.4675
2020-08-29,0,13.51291666666667
2020-08-30,316.597,12.70666666666667
2020-08-31,205.947,16.36458333333333
2020-09-01,0,15.02166666666667
2020-09-02,265.857,19.90958333333333
2020-09-03,0,17.04875
2020-09-04,290.815,16.92291666666667
2020-09-05,0,10.63333333333333
2020-09-06,0,12.75333333333333
2020-09-07,472.458,17.50791666666667
2020-09-08,396.46,12.6925
2020-09-09,0,16.27166666666666
2020-09-10,573,18.131
2020-09-11,297.371,21.56916666666666
2020-09-12,0,18.23833333333333
2020-09-13,264.186,10.08
2020-09-14,502.013,9.991666666666667
2020-09-15,0,17.10875
2020-09-16,479.857,24.77125
2020-09-17,451.376,22.37
2020-09-18,494.85,18.49458333333333
2020-09-19,0,23.33333333333333
2020-09-20,399.477,18.29125
2020-09-21,0,15.8475
2020-09-22,300.739,15.53041666666667
2020-09-23,0,17.27916666666667
2020-09-24,575.765,12.40375
2020-09-25,0,12.36083333333333
2020-09-26,215.751,19.17458333333333
2020-09-27,233.543,22.30666666666667
2020-09-28,0,12.82333333333333
2020-09-29,409.192,19.78208333333333
2020-09-30,0,14.49208333333333
2020-10-01,355.518,17.72875
2020-10-02,134.631,19.56375
2020-10-03,0,18.00458333333333
2020-10-04,0,15.26333333333333
2020-10-05,0,12.15541666666667
2020-10-06,625.385,15.92125
2020-10-07,0,15.46375
2020-10-08,0,10.46416666666667
2020-10-09,325.664,10.73458333333333
2020-10-10,234.614,12.81208333333333
2020-10-11,112.577,15.43083333333333
2020-10-12,270.074,15.57333333333333
2020-10-13,493.204,16.94291666666667
2020-10-14,0,17.31291666666667
2020-10-15,375.1,18.13375
2020-10-16,0,12.9275
2020-10-17,312.497,12.79125
2020-10-18,0,12.92625
2020-10-19,273.695,13.14083333333333
2020-10-20,462.197,23.09083333333334
2020-10-21,0,18.91166666666667
2020-10-22,399.2,9.785833333333333
2020-10-23,0,14.69217391304348
2020-10-24,462.904,19.47666666666667
2020-10-25,0,16.86291666666667
2020-10-26,390.394,18.27
2020-10-27,0,18.66583333333334
2020-10-28,0,8.264583333333333
2020-10-29,454.067,18.38041666666667
2020-10-30,347.271,14.76416666666667
2020-10-31,0,17.91875
2020-11-01,311.472,18.10583333333333
2020-11-02,285.186,16.97291666666667
2020-11-03,213.433,17.8
2020-11-04,345.582,24.28666666666667
2020-11-05,506.256,29.48083333333333
2020-11-06,0,28.12291666666667
2020-11-07,508.532,27.07
2020-11-08,0,25.24416666666667
2020-11-09,457.562,21.36791666666667
2020-11-10,414.215,28.59708333333333
2020-11-11,405.732,27.32833333333333
2020-11-12,450.233,27.77875
2020-11-13,261.621,33.3925
2020-11-14,0,36.44375
2020-11-15,0,26.4504347826087
2020-11-16,0,30.00347826086957
2020-11-17,525.403,30.48791666666667
2020-11-18,513.926,30.979375
2020-11-19,469.87,17.107
2020-11-20,0,14.68304347826087
2020-11-21,389.011,16.85
2020-11-22,0,22.64833333333334
2020-11-23,0,17.09
2020-11-24,0,17.655
2020-11-25,718.418,18.19625
2020-11-26,477.346,12.3175
2020-11-27,0,21.23291666666667
2020-11-28,550.114,24.66666666666667
2020-11-29,379.478,16.24916666666667
2020-11-30,565.959,15.06458333333333
2020-12-01,0,13.48
2020-12-02,0,11.89833333333333
2020-12-03,0,13.28083333333333
2020-12-04,451.092,8.235833333333334
2020-12-05,0,16.44208333333333
2020-12-06,374.16,12.3975
2020-12-07,383.867,12.40291666666667
2020-12-08,0,11.64416666666667
2020-12-09,0,14.40333333333333
2020-12-10,0,14.26916666666667
2020-12-11,425.358,16.18166666666667
2020-12-12,0,21.09166666666667
2020-12-13,0,12.18208333333333
2020-12-14,0,13.69291666666667
2020-12-15,533.76,12.27625
2020-12-16,388.108,17.06416666666667
2020-12-17,0,13.65333333333333
2020-12-18,334.232,12.09666666666667
2020-12-19,405.753,10.53125
2020-12-20,298.355,8.27875
2020-12-21,426.94,11.0775
2020-12-22,0,14.24166666666667
2020-12-23,0,13.13208333333333
2020-12-24,0,9.59125
2020-12-25,573,7.819166666666667
2020-12-26,0,8.515833333333333
2020-12-27,266.825,10.65291666666667
2020-12-28,507.471,5.847083333333334
2020-12-29,475.745,9.02375
2020-12-30,0,8.849130434782609
2020-12-31,0,14.99625
2021-01-01,0,16.814375
2021-01-02,0,6.229166666666667
2021-01-03,0,5.846666666666667
2021-01-04,0,5.789166666666667
2021-01-05,0,5.472
2021-01-06,473.417,9.576666666666666
2021-01-07,421.842,11.2725
2021-01-08,632.168,11.26291666666667
2021-01-09,0,10.38666666666667
2021-01-10,438.404,7.902916666666667
2021-01-11,0,10.19625
2021-01-12,0,11.28
2021-01-13,0,13.66875
2021-01-14,0,13.85083333333333
2021-01-15,435.796,11.43666666666667
2021-01-16,0,9.635
2021-01-17,450.927,9.522083333333333
2021-01-18,0,11.64666666666667
2021-01-19,500.699,13.59375
2021-01-20,0,10.68666666666667
2021-01-21,392.875,11.88291666666667
2021-01-22,0,10.69041666666667
2021-01-23,445.938,14.99666666666667
2021-01-24,467.933,9.90375
2021-01-25,0,12.82347826086957
2021-01-26,0,11.32541666666667
2021-01-27,517.98,13.61791666666667
2021-01-28,395.14,10.59125
2021-01-29,460.5,12.93958333333333
2021-01-30,384.681,10.345
2021-01-31,349.604,13.61583333333333
2021-02-01,353.848,12.91583333333333
2021-02-02,433.428,13.32958333333333
2021-02-03,546,12.52208333333333
2021-02-04,0,15.72125
2021-02-05,0,12.56125
2021-02-06,530.816,16.43291666666667
2021-02-07,349,16.09166666666667
2021-02-08,0,12.65375
2021-02-09,488.38,18.52739130434783
2021-02-10,0,12.825
2021-02-11,0,9.46125
2021-02-12,0,13.565
2021-02-13,529.941,13.3875
2021-02-14,546.369,14.7725
2021-02-15,0,18.99333333333333
2021-02-16,686.488,7.243749999999999
2021-02-17,0,9.352500000000001
2021-02-18,0,8.285416666666666
2021-02-19,0,8.066666666666666
2021-02-20,536.479,10.14416666666667
2021-02-21,554.454,7.183333333333334
2021-02-22,0,8.852083333333333
2021-02-23,0,17.095
2021-02-24,0,15.92391304347826
2021-02-25,0,10.71041666666667
2021-02-26,0,12.10833333333333
2021-02-27,0,9.426666666666668
2021-02-28,0,9.537916666666666
2021-03-01,0,7.693333333333332
2021-03-02,0,9.77375
2021-03-03,0,10.02
2021-03-04,0,10.0225
2021-03-05,0,15.475
2021-03-06,377.968,22.545
2021-03-07,0,17.17347826086957
2021-03-08,0,9.095833333333333
2021-03-09,0,7.751666666666666
2021-03-10,0,8.959583333333333
2021-03-11,0,11.92583333333334
2021-03-12,0,11.78416666666667
2021-03-13,0,15.66541666666667
2021-03-14,0,10.02791666666667
2021-03-15,0,10.51333333333333
2021-03-16,0,12.76208333333333
2021-03-17,0,21.89333333333333
2021-03-18,0,12.65083333333333
2021-03-19,0,19.52041666666667
2021-03-20,0,13.09375
2021-03-21,0,15.02916666666667
2021-03-22,0,10.23458333333333
2021-03-23,0,14.4175
2021-03-24,367.488,17.75666666666667
2021-03-25,0,15.82
2021-03-26,544.2,20.43958333333333
2021-03-27,621.169,17.925
2021-03-28,0,13.92166666666667
2021-03-29,0,10.7425
2021-03-30,0,13.6575
2021-03-31,0,10.97125
2021-04-01,0,12.03583333333333
2021-04-02,274.834,9.836666666666666
2021-04-03,0,8.78125
2021-04-04,0,12.50666666666667
2021-04-05,0,12.6925
2021-04-06,549.105,13.77458333333333
2021-04-07,518.655,16.94208333333333
2021-04-08,0,10.74166666666667
2021-04-09,0,12.14916666666667
2021-04-10,0,13.48333333333333
2021-04-11,0,15.84916666666667
2021-04-12,0,15.61416666666667
2021-04-13,406.951,12.49
2021-04-14,0,15.74833333333333
2021-04-15,0,10.81083333333333
2021-04-16,457.215,13.31125
2021-04-17,0,14.67625
2021-04-18,0,18.4
2021-04-19,0,16.01708333333334
2021-04-20,307.34,20.84458333333333
2021-04-21,396.104,11.48958333333333
2021-04-22,300.101,17.47125
2021-04-23,542.266,15.10416666666667
2021-04-24,0,
2021-04-25,518.125,
2021-04-26,0,
2021-04-27,456.879,
2021-04-28,0,
2021-04-29,0,5.295
2021-04-30,0,8.712083333333334
2021-05-01,0,11.29416666666667
2021-05-02,0,9.448333333333332
2021-05-03,0,12.39625
2021-05-04,425.761,15.83208333333334
2021-05-05,0,12.81708333333333
2021-05-06,325.335,11.49791666666667
2021-05-07,518.851,17.30666666666667
2021-05-08,0,13.71375
2021-05-09,446.646,12.20833333333333
2021-05-10,0,9.56125
2021-05-11,490.257,9.140416666666667
2021-05-12,0,14.70458333333333
2021-05-13,298.436,14.72208333333333
2021-05-14,530.459,11.52666666666667
2021-05-15,0,10.47208333333333
2021-05-16,0,7.486250000000001
2021-05-17,0,9.19875
2021-05-18,0,13.11125
2021-05-19,0,17.97708333333333
2021-05-20,253.732,17.29941176470588
2021-05-21,315.221,10.48363636363636
2021-05-22,426.442,10.55208333333333
2021-05-23,372.17,9.109583333333333
2021-05-24,583.475,10.10208333333333
2021-05-25,0,14.065
2021-05-26,0,16.31375
2021-05-27,362.172,15.79625
2021-05-28,526.569,13.50208333333333
2021-05-29,428.258,14.49583333333333
2021-05-30,597.8,15.89041666666667
2021-05-31,516.19,19.45833333333333
2021-06-01,354.869,18.99791666666667
2021-06-02,0,18.94458333333333
2021-06-03,321.987,15.85375
2021-06-04,414.473,16.90041666666667
2021-06-05,353.281,16.4675
2021-06-06,0,10.33375
2021-06-07,0,8.922916666666667
2021-06-08,0,10.28208333333333
2021-06-09,0,14.75
2021-06-10,287.835,15.10916666666667
2021-06-11,0,18.97291666666667
2021-06-12,447.715,17.62541666666667
2021-06-13,0,9.35
2021-06-14,0,12.06791666666667
2021-06-15,0,10.90166666666667
2021-06-16,0,18.39166666666667
2021-06-17,357.724,15.10625
2021-06-18,0,13.33083333333333
2021-06-19,0,14.48916666666667
2021-06-20,0,10.73458333333333
2021-06-21,0,11.415
2021-06-22,306.836,16.11041666666667
2021-06-23,0,14.56166666666667
2021-06-24,327.469,14.56666666666666
2021-06-25,0,11.89166666666667
2021-06-26,529.867,15.37416666666667
2021-06-27,0,15.3225
2021-06-28,377.06,15.59791666666667
2021-06-29,147.979,13.5835
2021-06-30,357.078,14.31125
2021-07-01,306.226,14.65583333333333
2021-07-02,0,18.40208333333333
2021-07-03,286.147,15.41333333333333
2021-07-04,0,10.30541666666667
2021-07-05,377.945,16.19916666666667
2021-07-06,0,14.50083333333333
2021-07-07,245.289,15.04916666666667
2021-07-08,243.68,17.12041666666667
2021-07-09,514.255,18.48333333333333
2021-07-10,0,16.96739130434782
2021-07-11,0,14.67166666666667
2021-07-12,0,15.95375
2021-07-13,0,14.61125
2021-07-14,361.772,17.00916666666667
2021-07-15,193.367,19.03208333333333
2021-07-16,364.531,18.24
2021-07-17,0,14.05458333333333
2021-07-18,0,15.21583333333333
2021-07-19,0,12.02875
2021-07-20,0,9.489166666666668
2021-07-21,315.222,9.782083333333334
2021-07-22,0,10.65458333333333
2021-07-23,0,12.82958333333333
2021-07-24,0,16.575
2021-07-25,0,10.37208333333333
2021-07-26,406,12.96166666666667
2021-07-27,449.127,13.35708333333333
2021-07-28,293,18.10208333333333
2021-07-29,0,17.28791666666667
2021-07-30,0,16.16083333333333
2021-07-31,475.837,16.84083333333333
2021-08-01,292.295,11.82958333333333
2021-08-02,588,9.962083333333334
2021-08-03,350.305,19.1104347826087
2021-08-04,543.69,15.84
2021-08-05,0,20.09
2021-08-06,289.685,23.425
2021-08-07,0,22.2725
2021-08-08,397.255,21.52041666666667
2021-08-09,0,17.75916666666667
2021-08-10,343.001,17.05333333333333
2021-08-11,0,18.1225
2021-08-12,0,18.37583333333333
2021-08-13,502.252,17.03125
2021-08-14,0,21.23583333333333
2021-08-15,581.565,14.43541666666667
2021-08-16,0,13.29333333333333
2021-08-17,0,15.14458333333334
2021-08-18,0,15.87166666666667
2021-08-19,478.888,17.6625
2021-08-20,293.993,20.07375
2021-08-21,0,23.77625
2021-08-22,573.807,14.04625
2021-08-23,0,16.12875
2021-08-24,538.022,14.91875
2021-08-25,0,13.80666666666667
2021-08-26,0,16.83333333333333
2021-08-27,0,17.1475
2021-08-28,0,16.59125
2021-08-29,0,15.51041666666667
2021-08-30,0,18.44041666666667
2021-08-31,355.885,16.72625
2021-09-01,563.735,20.75208333333333
2021-09-02,334.109,13.74833333333333
2021-09-03,466.62,21.26083333333333
2021-09-04,376.674,16.76333333333333
2021-09-05,495.167,13.64625
2021-09-06,0,13.94083333333333
2021-09-07,515.098,20.55333333333333
2021-09-08,0,23.32166666666667
2021-09-09,230.312,19.73625
2021-09-10,537.655,17.01291666666667
2021-09-11,0,15.09083333333333
2021-09-12,0,10.27166666666667
2021-09-13,431.642,14.68266666666667
2021-09-14,281.249,18.7575
2021-09-15,0,18.76291666666667
2021-09-16,256.468,15.23375
2021-09-17,292.049,9.665833333333333
2021-09-18,0,17.64083333333333
2021-09-19,309.63,18.67166666666667
2021-09-20,482.957,14.56916666666667
2021-09-21,0,17.20541666666667
2021-09-22,0,15.78333333333333
2021-09-23,0,15.9875
2021-09-24,0,17.39916666666667
2021-09-25,472.057,11.01708333333333
2021-09-26,0,9.51375
2021-09-27,189.598,13.21625
2021-09-28,0,18.51913043478261
2021-09-29,0,13.09583333333333
2021-09-30,506.203,12.17708333333333
2021-10-01,0,22.72833333333334
2021-10-02,350.21,21.42125
2021-10-03,394.978,19.25541666666667
2021-10-04,0,19.48
2021-10-05,0,16.3525
2021-10-06,0,24.30458333333334
2021-10-07,332.048,17.33583333333333
2021-10-08,0,18.68166666666667
2021-10-09,495.839,15.74166666666667
2021-10-10,0,17.02041666666667
2021-10-11,382.639,22.88875
2021-10-12,474.622,24.6125
2021-10-13,338.33,19.27083333333333
2021-10-14,376.807,17.72666666666667
2021-10-15,0,19.4975
2021-10-16,0,15.0725
2021-10-17,0,12.22416666666667
2021-10-18,553.603,20.14166666666667
2021-10-19,618.868,17.60458333333333
2021-10-20,434.021,17.04375
2021-10-21,548.734,16.12291666666667
2021-10-22,357.876,20.71
2021-10-23,527.48,11.82166666666667
2021-10-24,0,13.88958333333333
2021-10-25,0,14.41375
2021-10-26,0,14.91875
2021-10-27,315.125,19.9525
2021-10-28,254.423,17.95666666666667
2021-10-29,0,18.52875
2021-10-30,565.261,17.90416666666667
2021-10-31,0,14.79583333333333
2021-11-01,548.584,8.976666666666667
2021-11-02,0,8.33625
2021-11-03,355.902,13.51208333333333
2021-11-04,488.556,13.93916666666667
2021-11-05,378.863,18.06416666666667
2021-11-06,0,14.32041666666667
2021-11-07,506.522,15.36875
2021-11-08,0,10.40041666666667
2021-11-09,0,9.549166666666666
2021-11-10,0,11.86333333333333
2021-11-11,0,13.81166666666667
2021-11-12,0,11.90041666666667
2021-11-13,0,15.74375
2021-11-14,508.676,12.46333333333333
2021-11-15,560.228,13.40208333333334
2021-11-16,0,8.691666666666666
2021-11-17,0,9.589583333333334
2021-11-18,0,8.015416666666667
2021-11-19,0,7.13625
2021-11-20,0,9.3225
2021-11-21,0,14.26708333333333
2021-11-22,0,13.27583333333333
2021-11-23,0,9.577777777777778
2021-11-24,0,9.9525
2021-11-25,0,13.32541666666667
2021-11-26,436.448,18.00708333333333
2021-11-27,499.302,20.81916666666667
2021-11-28,478.317,18.47291666666667
2021-11-29,0,7.850416666666667
2021-11-30,0,16.71625
2021-12-01,399.187,
2021-12-02,337.317,
2021-12-03,513.344,
2021-12-04,0,
2021-12-05,529.842,
2021-12-06,585.402,
2021-12-07,458.687,6.255
2021-12-08,0,12.41625
2021-12-09,482.948,12.52625
2021-12-10,563.146,9.543333333333333
2021-12-11,0,8.263333333333334
2021-12-12,0,4.917083333333333
2021-12-13,0,5.937083333333334
2021-12-14,0,8.061666666666666
2021-12-15,0,11.40916666666667
2021-12-16,0,8.767083333333334
2021-12-17,0,7.837083333333333
2021-12-18,0,8.703333333333333
2021-12-19,0,8.519166666666667
2021-12-20,0,9.0175
2021-12-21,412.554,7.642499999999999
2021-12-22,485.696,9.967916666666667
2021-12-23,289.616,12.08916666666667
2021-12-24,504.287,12.51875
2021-12-25,0,11.36625
2021-12-26,524.715,17.07416666666667
2021-12-27,0,15.33291666666667
2021-12-28,0,15.15708333333333
2021-12-29,0,14.14166666666667
2021-12-30,562.675,17.88166666666666
2021-12-31,389.139,20.27416666666667
2022-01-01,0,20.45571428571429
2022-01-02,667.619,13.23833333333333
2022-01-03,126.511,14.01833333333333
2022-01-04,43.207,13.59791666666667
2022-01-05,579.35,0.63
2022-01-06,265.267,13.88
2022-01-07,405.487,18.74125
2022-01-08,105.251,16.60791666666666
2022-01-09,446.493,13.52625
2022-01-10,0,6.651666666666666
2022-01-11,136.313,14.18416666666667
2022-01-12,0,10.46125
2022-01-13,136.738,8.625833333333334
2022-01-14,0,18.18875
2022-01-15,146.795,21.03875
2022-01-16,512.155,23.70375
2022-01-17,144.367,18.60833333333333
2022-01-18,376.548,19.0325
2022-01-19,0,14.93875
2022-01-20,372.922,13.67958333333333
2022-01-21,0,15.97916666666667
2022-01-22,230.708,12.72083333333333
2022-01-23,358.929,16.87625
2022-01-24,305.483,16.94833333333333
2022-01-25,0,7.373684210526315
2022-01-26,0,
2022-01-27,274.966,
2022-01-28,0,
2022-01-29,0,
2022-01-30,0,
2022-01-31,0,
2022-02-01,0,
2022-02-02,983.152,
2022-02-03,"1,028.81",
2022-02-04,560.257,
2022-02-05,306.028,
2022-02-06,0,
2022-02-07,0,
2022-02-08,0,
2022-02-09,525.802,2.784
2022-02-10,475.181,6.999166666666667
2022-02-11,0,6.1525
2022-02-12,0,6.513749999999999
2022-02-13,0,6.120833333333334
2022-02-14,491.012,9.155416666666666
2022-02-15,0,9.307083333333333
2022-02-16,0,13.37208333333333
2022-02-17,518.542,13.91625
2022-02-18,0,7.96125
2022-02-19,143.052,7.15375
2022-02-20,0,4.940416666666667
2022-02-21,352.712,6.296250000000001
2022-02-22,0,13.4775
2022-02-23,298,16.82083333333333
2022-02-24,0,6.497083333333333
2022-02-25,0,7.150833333333334
2022-02-26,0,7.609166666666667
2022-02-27,0,6.645833333333333
2022-02-28,0,7.122083333333333
2022-03-01,0,6.41
2022-03-02,0,6.026666666666666
2022-03-03,0,6.293333333333333
2022-03-04,260.739,8.7925
2022-03-05,0,2.92875
2022-03-06,0,6.639166666666667
2022-03-07,0,6.977083333333333
2022-03-08,0,9.17
2022-03-09,299.53,12.595
2022-03-10,0,10.26375
2022-03-11,0,8.139583333333333
2022-03-12,0,8.845833333333333
2022-03-13,458.617,11.19
2022-03-14,618.653,9.110833333333334
2022-03-15,0,6.587499999999999
2022-03-16,0,8.454166666666667
2022-03-17,0,7.7175
2022-03-18,377.321,12.26875
2022-03-19,0,8.583333333333334
2022-03-20,362.847,7.111249999999999
2022-03-21,579.004,9.745833333333334
2022-03-22,649.488,15.80583333333333
2022-03-23,404.039,10.98625
2022-03-24,0,7.78375
2022-03-25,0,11.5775
2022-03-26,0,7.639583333333333
2022-03-27,0,11.15291666666667
2022-03-28,0,14.42833333333333
2022-03-29,0,7.546666666666667
2022-03-30,0,10.795
2022-03-31,0,12.41
2022-04-01,0,7.977916666666666
2022-04-02,0,10.02041666666667
2022-04-03,398.615,10.96875
2022-04-04,0,12.17583333333334
2022-04-05,335.134,10.87708333333333
2022-04-06,545.941,12.0
2022-04-07,0,11.92782608695652
2022-04-08,0,12.225
2022-04-09,0,9.539583333333333
2022-04-10,0,6.87375
2022-04-11,0,9.18625
2022-04-12,141,9.510416666666666
2022-04-13,0,13.40875
2022-04-14,849.248,13.25833333333333
2022-04-15,0,12.52583333333333
2022-04-16,0,9.946666666666667
2022-04-17,0,8.950000000000001
2022-04-18,0,7.852916666666666
2022-04-19,0,7.645
2022-04-20,0,9.484583333333333
2022-04-21,0,9.012916666666667
2022-04-22,0,7.213333333333334
2022-04-23,536.797,8.963333333333333
2022-04-24,0,7.452500000000001
2022-04-25,0,11.21458333333333
2022-04-26,480.002,15.23333333333333
2022-04-27,0,9.569166666666666
2022-04-28,0,9.779166666666667
2022-04-29,0,15.10125
2022-04-30,445.942,8.533333333333333
2022-05-01,460.8,10.61666666666667
2022-05-02,535.636,13.72166666666667
2022-05-03,446.783,14.28916666666667
2022-05-04,0,12.79916666666667
2022-05-05,0,9.514166666666666
2022-05-06,0,12.34625
2022-05-07,305.71,12.17208333333333
2022-05-08,480.956,14.27458333333333
2022-05-09,782.207,11.93083333333333
2022-05-10,0,13.76208333333333
2022-05-11,0,9.453333333333333
2022-05-12,0,13.41
2022-05-13,906.094,13.84375
2022-05-14,577.43,9.573333333333332
2022-05-15,0,7.917916666666667
2022-05-16,0,7.413043478260869
2022-05-17,0,9.759545454545455
2022-05-18,0,8.470833333333333
2022-05-19,0,7.607083333333333
2022-05-20,0,11.35125
2022-05-21,808.102,13.47333333333333
2022-05-22,638.702,11.80083333333334
2022-05-23,0,8.519583333333333
2022-05-24,0,13.18375
2022-05-25,0,12.25958333333333
2022-05-26,0,9.366249999999999
2022-05-27,0,14.48375
2022-05-28,403.735,14.56625
2022-05-29,0,13.17583333333333
2022-05-30,0,15.18
2022-05-31,701.324,16.29083333333334
2022-06-01,0,10.82666666666667
2022-06-02,0,7.463157894736843
2022-06-03,0,9.982173913043479
2022-06-04,404.308,8.424166666666666
2022-06-05,0,11.41125
2022-06-06,355.929,14.16583333333333
2022-06-07,0,17.17708333333333
2022-06-08,545,11.4525
2022-06-09,0,8.398333333333333
2022-06-10,0,9.745
2022-06-11,0,11.78541666666667
2022-06-12,567.181,10.98375
2022-06-13,368.062,10.86083333333333
2022-06-14,0,14.06125
2022-06-15,831.908,12.56583333333333
2022-06-16,731.232,11.7525
2022-06-17,395.231,11.1225
2022-06-18,0,7.327916666666667
2022-06-19,0,11.27375
2022-06-20,0,13.86409090909091
2022-06-21,0,15.7125
2022-06-22,318,14.06458333333333
2022-06-23,646.051,8.605416666666667
2022-06-24,600.36,6.048333333333333
2022-06-25,721.556,6.7525
2022-06-26,0,6.055416666666666
2022-06-27,247.973,10.19291666666667
2022-06-28,693.892,11.17916666666667
2022-06-29,429,13.68708333333333
2022-06-30,478.397,11.94875
2022-07-01,223.225,15.07041666666667
2022-07-02,432,13.7325
2022-07-03,249.647,8.25625
2022-07-04,376.342,8.91
2022-07-05,0,11.80458333333333
2022-07-06,438,10.02416666666667
2022-07-07,184,11.75541666666667
2022-07-08,214.187,13.2875
2022-07-09,0,11.8825
2022-07-10,0,10.29333333333333
2022-07-11,325.942,11.46291666666667
2022-07-12,99.663,12.08333333333333
2022-07-13,0,13.6465
2022-07-14,0,13.82
2022-07-15,160.206,12.5
2022-07-16,551.496,14.21416666666667
2022-07-17,0,10.835
2022-07-18,368.367,9.957500000000001
2022-07-19,231.453,6.777333333333333
2022-07-20,477.908,11.52083333333333
2022-07-21,171.499,16.17333333333334
2022-07-22,481.736,13.11958333333333
2022-07-23,0,14.3075
2022-07-24,0,9.205416666666666
2022-07-25,0,12.05166666666667
2022-07-26,0,11.19833333333333
2022-07-27,0,8.232083333333334
2022-07-28,212.05,11.29291666666666
2022-07-29,97,14.43041666666667
2022-07-30,0,16.4125
2022-07-31,199.563,12.75416666666667
2022-08-01,586,25.11478260869565
2022-08-02,408.156,24.31041666666667
2022-08-03,0,21.41391304347826
2022-08-04,510,17.68434782608696
2022-08-05,0,19.27304347826087
2022-08-06,0,21.515
2022-08-07,222.262,26.255
2022-08-08,311,22.61916666666667
2022-08-09,440.567,25.395
2022-08-10,0,24.34608695652174
2022-08-11,0,24.57571428571429
2022-08-12,223.224,18.16117647058823
2022-08-13,529.891,22.1675
2022-08-14,143.12,25.28
2022-08-15,0,30.91608695652174
2022-08-16,20.337,22.50842105263158
2022-08-17,349.659,22.85533333333333
2022-08-18,25.292,20.96277777777778
2022-08-19,501.854,25.02521739130435
2022-08-20,0,26.56041666666667
2022-08-21,0,22.06894736842105
2022-08-22,557,24.36823529411765
2022-08-23,217.911,33.02625
2022-08-24,0,22.7378947368421
2022-08-25,192.517,26.857
2022-08-26,0,21.38052631578947
2022-08-27,62.324,22.398125
2022-08-28,0,19.211875
2022-08-29,0,25.73529411764706
2022-08-30,438.723,30.873125
2022-08-31,0,27.31
2022-09-01,7.596,20.00458333333333
2022-09-02,0,23.12333333333333
2022-09-03,0,19.36608695652174
2022-09-04,0,22.93238095238095
2022-09-05,551.933,30.43409090909091
2022-09-06,0,25.255
2022-09-07,0,31.42571428571429
2022-09-08,245.375,23.165
2022-09-09,0,23.83416666666666
2022-09-10,307.764,
2022-09-11,448,
2022-09-12,33.29,
2022-09-13,460.973,9.274000000000001
2022-09-14,204.054,18.29541666666666
2022-09-15,437.244,15.04083333333333
2022-09-16,0,11.81458333333333
2022-09-17,0,17.39833333333333
2022-09-18,515.187,16.46708333333333
2022-09-19,180.15,14.42791666666667
2022-09-20,0,14.06375
2022-09-21,539.958,18.09041666666667
2022-09-22,389.004,18.79958333333333
2022-09-23,215.072,17.94291666666667
2022-09-24,0,22.61583333333333
2022-09-25,0,23.29083333333334
2022-09-26,403.049,20.13583333333333
2022-09-27,264.654,14.92708333333333
2022-09-28,428.347,20.49666666666667
2022-09-29,0,12.76458333333333
2022-09-30,297.206,19.26916666666667
2022-10-01,348.234,11.45666666666667
2022-10-02,426.692,7.105
2022-10-03,196.263,10.76958333333334
2022-10-04,0,14.65625
2022-10-05,322.929,15.42416666666667
2022-10-06,0,19.09416666666667
2022-10-07,0,21.62208333333333
2022-10-08,0,13.145
2022-10-09,375.177,15.91875
2022-10-10,373,10.91625
2022-10-11,0,14.4975
2022-10-12,0,16.93708333333333
2022-10-13,0,11.0125
2022-10-14,0,15.92958333333333
2022-10-15,0,11.53041666666667
2022-10-16,0,13.06
2022-10-17,0,11.36083333333333
2022-10-18,0,10.51416666666667
2022-10-19,0,10.53166666666667
2022-10-20,0,9.296249999999999
2022-10-21,0,8.050833333333333
2022-10-22,0,7.646666666666667
2022-10-23,0,9.402916666666666
2022-10-24,467.552,9.682916666666667
2022-10-25,0,12.58125
2022-10-26,0,8.700833333333334
2022-10-27,0,11.83083333333333
2022-10-28,0,12.69041666666667
2022-10-29,386.151,13.94
2022-10-30,540.755,11.11333333333333
2022-10-31,241.295,17.05583333333333
2022-11-01,363.77,19.47375
2022-11-02,592,16.37875
2022-11-03,567.897,9.607083333333334
2022-11-04,0,9.904166666666667
2022-11-05,460.817,10.7375
2022-11-06,583.594,12.89958333333333
2022-11-07,196.424,13.33391304347826
2022-11-08,597.965,12.3125
2022-11-09,551.81,12.1175
2022-11-10,0,13.20666666666667
2022-11-11,0,20.4175
2022-11-12,0,14.27125
2022-11-13,0,15.00083333333333
2022-11-14,245.2,16.87333333333333
2022-11-15,0,16.99125
2022-11-16,0,9.934166666666668
2022-11-17,0,12.635
2022-11-18,411.026,19.27833333333333
2022-11-19,359.146,21.06958333333333
2022-11-20,0,13.82166666666667
2022-11-21,461.552,16.60333333333334
2022-11-22,439,15.6725
2022-11-23,383.583,20.39833333333333
2022-11-24,215.461,17.5875
2022-11-25,0,18.94166666666667
2022-11-26,0,17.83833333333333
2022-11-27,0,13.85458333333333
2022-11-28,534.252,18.69333333333333
2022-11-29,567,20.66291666666667
2022-11-30,383.81,16.19333333333333
2022-12-01,342.804,14.21652173913044
2022-12-02,0,8.124347826086957
2022-12-03,387.786,9.7175
2022-12-04,0,14.41708333333333
2022-12-05,463.653,15.56625
2022-12-06,303.33,21.87833333333333
2022-12-07,0,16.89894736842105
2022-12-08,271.735,15.62583333333333
2022-12-09,440.479,12.30958333333333
2022-12-10,124.667,13.49041666666667
2022-12-11,0,11.27583333333333
2022-12-12,466.601,12.19291666666667
2022-12-13,537.897,14.34333333333333
2022-12-14,431.071,11.40625
2022-12-15,0,11.79458333333333
2022-12-16,589.799,10.78625
2022-12-17,0,12.49125
2022-12-18,421.865,10.86
2022-12-19,492.29,16.51217391304348
2022-12-20,315.184,15.50416666666666
2022-12-21,428.747,14.40291666666667
2022-12-22,609.578,17.26333333333333
2022-12-23,522.373,18.20666666666667
2022-12-24,510.014,15.82458333333333
2022-12-25,499.8,7.266666666666667
2022-12-26,0,12.68833333333333
2022-12-27,0,11.93625
2022-12-28,689.11,17.42791666666666
2022-12-29,304.14,16.34666666666667
2022-12-30,460.578,16.20375
2022-12-31,0,9.893749999999999
2023-01-01,0,11.13333333333333
2023-01-02,0,9.57375
2023-01-03,0,20.72125
2023-01-04,392.897,17.00166666666667
2023-01-05,0,15.47333333333333
2023-01-06,0,14.823
2023-01-07,0,
2023-01-08,0,10.2104347826087
2023-01-09,0,9.758750000000001
2023-01-10,0,8.520833333333334
2023-01-11,0,11.79125
2023-01-12,0,18.78458333333333
2023-01-13,395.825,15.74583333333333
2023-01-14,0,8.002916666666666
2023-01-15,0,14.00625
2023-01-16,321.495,10.06416666666667
2023-01-17,0,8.839583333333334
2023-01-18,329.873,9.864583333333334
2023-01-19,0,10.96625
2023-01-20,0,12.79333333333333
2023-01-21,0,13.17708333333333
2023-01-22,464.628,8.562083333333332
2023-01-23,232.175,16.08
2023-01-24,324.206,17.9325
2023-01-25,326.252,14.54818181818182
2023-01-26,0,12.26791666666667
2023-01-27,367.138,11.59333333333333
2023-01-28,429.931,13.5075
2023-01-29,292.664,12.94875
2023-01-30,391.06,10.05833333333333
2023-01-31,0,15.28625
2023-02-01,0,10.67666666666667
2023-02-02,0,14.53375
2023-02-03,430.612,13.68083333333333
2023-02-04,221.714,11.81
2023-02-05,0,12.08
2023-02-06,369.428,11.43416666666667
2023-02-07,520.869,10.18208333333333
2023-02-08,238.243,12.18291666666667
2023-02-09,523,15.41541666666667
2023-02-10,0,15.44833333333333
2023-02-11,0,12.8775
2023-02-12,0,8.242916666666668
2023-02-13,469.75,10.13666666666667
2023-02-14,0,10.83708333333333
2023-02-15,0,9.311052631578947
2023-02-16,568.961,11.2275
2023-02-17,318.75,6.841818181818183
2023-02-18,0,13.50923076923077
2023-02-19,0,18.77208333333333
2023-02-20,465.113,16.76333333333333
2023-02-21,0,9.90375
2023-02-22,0,10.80125
2023-02-23,0,21.13916666666667
2023-02-24,250.963,24.48875
2023-02-25,226.981,23.8675
2023-02-26,448.835,23.14416666666667
2023-02-27,728.316,23.55083333333333
2023-02-28,570.273,22.36833333333334
2023-03-01,327.92,18.72
2023-03-02,0,21.69375
2023-03-03,581.078,17.06041666666667
2023-03-04,0,10.61333333333333
2023-03-05,0,10.31791666666667
2023-03-06,0,12.58458333333333
2023-03-07,0,12.05041666666667
2023-03-08,0,16.22916666666667
2023-03-09,0,7.160416666666666
2023-03-10,0,12.99541666666667
2023-03-11,0,6.741666666666667
2023-03-12,0,15.88291666666667
2023-03-13,0,14.77291666666667
2023-03-14,0,13.71791666666667
2023-03-15,0,15.50958333333333
2023-03-16,0,20.30947368421053
2023-03-17,0,15.08166666666667
2023-03-18,0,11.39291666666667
2023-03-19,0,14.44458333333333
2023-03-20,0,21.44916666666667
2023-03-21,495,20.83333333333333
2023-03-22,0,17.47333333333333
2023-03-23,0,10.36875
2023-03-24,0,8.27875
2023-03-25,0,11.99666666666667
2023-03-26,0,13.8
2023-03-27,325.917,15.33416666666667
2023-03-28,0,20.06458333333333
2023-03-29,0,16.71666666666667
2023-03-30,0,20.62916666666667
2023-03-31,0,25.24708333333334
2023-04-01,0,23.8975
2023-04-02,295.885,15.73041666666667
2023-04-03,0,11.25416666666667
2023-04-04,456.608,15.66125
2023-04-05,0,18.11166666666667
2023-04-06,0,11.43
2023-04-07,0,7.729583333333333
2023-04-08,0,15.81291666666667
2023-04-09,451.67,15.84125
2023-04-10,0,18.33583333333333
2023-04-11,329.946,17.93833333333333
2023-04-12,574.572,16.41875
2023-04-13,510.148,14.75041666666667
2023-04-14,470.318,17.36304347826087
2023-04-15,0,13.85916666666667
2023-04-16,0,9.717916666666666
2023-04-17,0,10.18333333333333
2023-04-18,0,17.95791666666667
2023-04-19,0,15.61458333333333
2023-04-20,0,13.42416666666667
2023-04-21,0,13.29958333333333
2023-04-22,0,13.55125
2023-04-23,0,10.11583333333333
2023-04-24,301.389,15.64916666666667
2023-04-25,450.632,14.41083333333333
2023-04-26,356.361,17.41416666666667
2023-04-27,0,23.0125
2023-04-28,376.264,18.25291666666667
2023-04-29,0,11.5975
2023-04-30,493.501,10.52
2023-05-01,0,10.65416666666667
2023-05-02,370.813,16.53739130434783
2023-05-03,455.749,11.90541666666667
2023-05-04,0,17.10041666666667
2023-05-05,422.356,12.84739130434783
2023-05-06,0,17.06875
2023-05-07,301.404,17.40958333333333
2023-05-08,260.197,15.16125
2023-05-09,0,13.23416666666667
2023-05-10,222.759,14.70708333333334
2023-05-11,0,22.9675
2023-05-12,417.942,23.07291666666667
2023-05-13,302.222,18.705
2023-05-14,0,11.86833333333333
2023-05-15,0,13.35333333333333
2023-05-16,0,12.01
2023-05-17,215.679,19.23791666666667
2023-05-18,368.816,26.17818181818182
2023-05-19,0,24.26142857142857
2023-05-20,0,16.8425
2023-05-21,0,12.09791666666666
2023-05-22,392.438,11.572
2023-05-23,0,14.315
2023-05-24,278.128,22.88416666666667
2023-05-25,348.856,11.88208333333333
2023-05-26,0,18.06583333333333
2023-05-27,0,21.80833333333333
2023-05-28,0,15.67875
2023-05-29,445.7,15.19958333333333
2023-05-30,517.464,14.48208333333333
2023-05-31,0,17.935
2023-06-01,0,16.12125
2023-06-02,361.648,16.975
2023-06-03,0,17.60041666666667
2023-06-04,0,15.815
2023-06-05,315.387,16.29375
2023-06-06,0,19.51375
2023-06-07,376.441,15.50958333333333
2023-06-08,0,17.58333333333333
2023-06-09,0,18.18666666666667
2023-06-10,0,19.27208333333333
2023-06-11,379.102,22.06875
2023-06-12,124.829,20.19347826086956
2023-06-13,180.904,18.2025
2023-06-14,572.826,18.18652173913043
2023-06-15,266.632,18.72869565217391
2023-06-16,0,15.45416666666667
2023-06-17,545.502,15.27625
2023-06-18,380.72,8.309166666666668
2023-06-19,342.586,15.79875
2023-06-20,198.228,14.175
2023-06-21,304.156,12.12916666666667
2023-06-22,153.482,18.67375
2023-06-23,454.854,22.55291666666666
2023-06-24,251.711,21.47083333333333
2023-06-25,0,20.04130434782609
2023-06-26,541.333,19.55083333333333
2023-06-27,136.666,23.80956521739131
2023-06-28,0,22.91166666666667
2023-06-29,108.749,11.63416666666667
2023-06-30,0,11.24583333333333
2023-07-01,0,17.41291666666666
2023-07-02,252.476,19.18916666666667
2023-07-03,0,23.77652173913043
2023-07-04,60.005,16.65291666666667
2023-07-05,458.233,19.20958333333333
2023-07-06,0,13.54625
2023-07-07,295.645,14.11791666666667
2023-07-08,415.651,16.385
2023-07-09,345.274,13.44208333333333
2023-07-10,0,12.77583333333333
2023-07-11,0,14.28083333333333
2023-07-12,0,16.5225
2023-07-13,317.304,18.12625
2023-07-14,0,18.565
2023-07-15,0,18.19130434782609
2023-07-16,238.807,18.79875
2023-07-17,0,15.90708333333333
2023-07-18,314.623,14.67458333333333
2023-07-19,267.028,13.3775
2023-07-20,546.061,11.03041666666667
2023-07-21,347.161,9.929583333333333
2023-07-22,328.103,10.62708333333333
2023-07-23,264.316,11.17666666666667
2023-07-24,244.792,11.46791666666667
2023-07-25,255.567,16.53791666666667
2023-07-26,320.998,20.69833333333333
2023-07-27,504.055,27.08208333333333
2023-07-28,120.63,15.11
2023-07-29,332.53,12.33208333333334
2023-07-30,204.594,13.13
2023-07-31,118.795,13.00458333333333
2023-08-01,428.358,11.44304347826087
2023-08-02,179.545,16.27083333333333
2023-08-03,0,19.3775
2023-08-04,99.832,16.84791666666667
2023-08-05,191.511,16.98458333333333
2023-08-06,0,15.25739130434783
2023-08-07,548.765,16.06
2023-08-08,0,12.84333333333333
2023-08-09,0,17.59166666666667
2023-08-10,346.516,24.47458333333333
2023-08-11,254.127,22.24041666666666
2023-08-12,401.389,22.3075
2023-08-13,674.271,17.53458333333333
2023-08-14,766,18.9025
2023-08-15,0,14.325
2023-08-16,213.247,21.82791666666667
2023-08-17,114.439,22.79416666666667
2023-08-18,296.881,25.835
2023-08-19,255.893,27.30166666666667
2023-08-20,0,12.845
2023-08-21,498.689,15.61125
2023-08-22,0,16.28458333333333
2023-08-23,560.133,19.40916666666667
2023-08-24,0,15.69625
2023-08-25,317.378,16.19458333333333
2023-08-26,114.263,19.21708333333333
2023-08-27,193.506,18.48541666666667
2023-08-28,219.476,18.07
2023-08-29,0,18.32791666666667
2023-08-30,47.659,21.06333333333333
2023-08-31,94.956,21.76125
2023-09-01,0,31.01117647058823
2023-09-02,266.221,27.15166666666667
2023-09-03,468.976,28.92846153846154
2023-09-04,344.556,19.1925
2023-09-05,0,13.765
2023-09-06,96.284,17.71875
2023-09-07,161.303,31.1
2023-09-08,147.833,29.96208333333334
2023-09-09,0,29.19863636363636
2023-09-10,0,25.415
2023-09-11,378.481,23.11391304347826
2023-09-12,16.482,25.91260869565217
2023-09-13,0,26.24375
2023-09-14,466.936,23.95
2023-09-15,0,11.29217391304348
2023-09-16,328.002,14.10083333333333
2023-09-17,85.828,20.95545454545454
2023-09-18,0,20.54173913043478
2023-09-19,0,20.90791666666667
2023-09-20,0,19.27708333333333
2023-09-21,319.951,29.31217391304348
2023-09-22,179.743,37.14809523809524
2023-09-23,169.618,39.9725
2023-09-24,0,22.42333333333333
2023-09-25,0,26.60266666666666
2023-09-26,141.313,27.58285714285714
2023-09-27,486.268,31.35058823529412
2023-09-28,164.829,34.96434782608696
2023-09-29,255.689,30.93045454545455
2023-09-30,0,25.04619047619048
2023-10-01,446.79,23.9175
2023-10-02,474.747,22.62541666666667
2023-10-03,166.743,20.36041666666667
2023-10-04,305.076,26.941
2023-10-05,0,19.59041666666667
2023-10-06,329.102,25.2845
2023-10-07,0,31.50818181818181
2023-10-08,0,22.95227272727273
2023-10-09,361.621,21.52190476190476
2023-10-10,0,30.111
2023-10-11,205.833,27.2
2023-10-12,0,30.17478260869565
2023-10-13,497.494,30.87458333333333
2023-10-14,0,1.65
2023-10-15,253.16,18.09647058823529
2023-10-16,422.663,19.43083333333333
2023-10-17,429.506,19.6925
2023-10-18,388.749,22.58521739130435
2023-10-19,326,22.985
2023-10-20,512.159,21.77631578947368
2023-10-21,279.489,22.83761904761905
2023-10-22,631.456,23.84363636363636
2023-10-23,530,22.99652173913043
2023-10-24,0,18.56333333333333
2023-10-25,527.311,18.00708333333333
2023-10-26,0,9.929583333333333
2023-10-27,0,12.36473684210526
2023-10-28,0,7.800555555555555
2023-10-29,0,10.43791666666667
2023-10-30,0,13.09578947368421
2023-10-31,0,10.9825
2023-11-01,0,16.47958333333333
2023-11-02,426.268,14.88958333333333
2023-11-03,196.43,15.13958333333333
2023-11-04,0,12.90666666666667
2023-11-05,0,16.85130434782609
2023-11-06,441.842,25.75291666666667
2023-11-07,302.689,20.15958333333333
2023-11-08,498.286,19.53173913043478
2023-11-09,400.581,14.99083333333333
2023-11-10,360.737,19.31208333333333
2023-11-11,282.568,15.73666666666667
2023-11-12,405.166,16.05125
2023-11-13,227.024,16.3475
2023-11-14,454.48,18.62666666666667
2023-11-15,429.184,10.49166666666667
2023-11-16,276.795,16.92
2023-11-17,0,24.06208333333333
2023-11-18,320.732,17.39875
2023-11-19,324.023,14.99375
2023-11-20,0,11.04958333333333
2023-11-21,0,13.4925
2023-11-22,0,6.693846153846153
2023-11-23,366.096,12.03541666666666
2023-11-24,0,21.08791666666667
2023-11-25,419.602,16.54625
2023-11-26,330.921,14.98125
2023-11-27,348.907,14.40608695652174
2023-11-28,484.851,12.85708333333333
2023-11-29,0,14.41458333333333
2023-11-30,345.028,15.9825
2023-12-01,455.216,21.58458333333333
2023-12-02,513.372,22.4375
2023-12-03,407.45,20.58916666666667
2023-12-04,0,19.70958333333333
2023-12-05,483.345,18.25125
2023-12-06,0,16.58875
2023-12-07,0,13.3375
2023-12-08,301.269,16.62958333333333
2023-12-09,504.726,13.03333333333333
2023-12-10,362.74,12.80333333333333
2023-12-11,0,18.78958333333333
2023-12-12,432.106,18.66541666666667
2023-12-13,528.761,15.41583333333333
2023-12-14,324.191,18.79208333333333
2023-12-15,0,11.04875
2023-12-16,0,10.4325
2023-12-17,0,9.45375
2023-12-18,0,13.415
2023-12-19,315,9.85375
2023-12-20,225.788,11.79083333333333
2023-12-21,366.485,17.02583333333333
2023-12-22,487.481,25.67818181818182
2023-12-23,0,17.1
2023-12-24,277.045,20.30347826086956
2023-12-25,0,14.89625
2023-12-26,0,10.11041666666667
2023-12-27,0,10.58434782608696
2023-12-28,0,14.03695652173913
2023-12-29,433.452,14.17541666666667
2023-12-30,300.308,13.02958333333333
2023-12-31,0,17.44666666666667
2024-01-01,0,20.97111111111111
2024-01-02,0,21.40708333333333
2024-01-03,0,15.11391304347826
2024-01-04,0,12.28166666666667
2024-01-05,597,11.94125
2024-01-06,349.034,19.31083333333333
2024-01-07,356.997,17.80291666666666
2024-01-08,0,20.02
2024-01-09,0,19.3225
2024-01-10,460.962,12.27916666666667
2024-01-11,254.93,13.62083333333333
2024-01-12,0,10.87291666666667
2024-01-13,349.088,13.17833333333333
2024-01-14,0,18.46208333333333
2024-01-15,556.812,21.33791666666667
2024-01-16,0,11.76625
2024-01-17,0,11.05958333333333
2024-01-18,0,15.42666666666667
2024-01-19,476.648,14.23083333333333
2024-01-20,411.723,13.32208333333333
2024-01-21,0,10.74333333333333
2024-01-22,404.31,15.075
2024-01-23,156.923,13.06666666666667
2024-01-24,303.606,14.71434782608696
2024-01-25,556.295,15.63409090909091
2024-01-26,136.75,22.02916666666667
2024-01-27,543.234,19.57875
2024-01-28,533.777,24.41125
2024-01-29,526.875,25.84833333333333
2024-01-30,302.163,23.14916666666667
2024-01-31,0,23.90833333333333
2024-02-01,455.575,19.68333333333333
2024-02-02,0,13.8775
2024-02-03,0,15.6825
2024-02-04,0,8.856666666666667
2024-02-05,0,11.43333333333333
2024-02-06,371.844,17.87826086956522
2024-02-07,0,21.33909090909091
2024-02-08,305.063,25.77434782608696
2024-02-09,256.573,18.79041666666667
2024-02-10,0,14.03208333333333
2024-02-11,424.917,11.04916666666667
2024-02-12,0,7.445416666666667
2024-02-13,341.008,11.1375
2024-02-14,299.037,17.15125
2024-02-15,342.74,11.77727272727273
2024-02-16,391.235,15.2275
2024-02-17,0,13.10375
2024-02-18,0,12.54375
2024-02-19,0,15.20125
2024-02-20,0,8.570526315789474
2024-02-21,0,11.87958333333333
2024-02-22,280.713,15.63041666666667
2024-02-23,346.018,10.5975
2024-02-24,530.963,8.87375
2024-02-25,406.381,10.27625
2024-02-26,0,11.48791666666667
2024-02-27,438.906,18.93565217391304
2024-02-28,535.232,19.02909090909091
2024-02-29,0,11.56708333333333
2024-03-01,0,10.78375
2024-03-02,0,7.62625
2024-03-03,0,7.385000000000001
2024-03-04,480.422,12.58125
2024-03-05,440,10.68
2024-03-06,488.166,13.92208333333333
2024-03-07,0,16.52541666666667
2024-03-08,0,17.445
2024-03-09,454.476,15.90625
2024-03-10,0,11.28375
2024-03-11,505.762,13.08695652173913
2024-03-12,0,15.06
2024-03-13,382.264,12.76826086956522
2024-03-14,0,12.885
2024-03-15,0,15.9475
2024-03-16,84.904,15.87333333333333
2024-03-17,286,18.55458333333333
2024-03-18,0,20.71608695652174
2024-03-19,542,17.38541666666667
2024-03-20,292.277,17.27791666666667
2024-03-21,244.781,13.65208333333333
2024-03-22,0,15.93
2024-03-23,0,18.14333333333333
2024-03-24,329.709,17.71125
2024-03-25,349.512,13.34666666666667
2024-03-26,0,17.25625
2024-03-27,349.294,15.38583333333333
2024-03-28,323.747,21.66541666666667
2024-03-29,0,14.93958333333333
2024-03-30,521.66,14.67541666666667
2024-03-31,0,12.375
2024-04-01,0,10.25708333333333
2024-04-02,0,8.314166666666667
2024-04-03,0,15.45666666666667
2024-04-04,0,15.62541666666667
2024-04-05,0,15.35166666666667
2024-04-06,0,18.14708333333333
2024-04-07,263.314,11.19541666666667
2024-04-08,385,18.80384615384616
2024-04-09,174.278,18.19739130434783
2024-04-10,0,24.98434782608696
2024-04-11,286.526,25.13521739130435
2024-04-12,200.049,25.46521739130435
2024-04-13,0,25.85416666666667
2024-04-14,552.36,21.94875
2024-04-15,0,10.04952380952381
2024-04-16,507.904,18.12125
2024-04-17,0,22.32416666666667
2024-04-18,317.913,21.77384615384615
2024-04-19,0,14.524
2024-04-20,192.024,
2024-04-21,0,
2024-04-22,0,24.22333333333333
2024-04-23,332.817,14.998
2024-04-24,215.571,19.34333333333333
2024-04-25,0,17.96826086956522
2024-04-26,256.135,16.47291666666667
2024-04-27,0,14.48913043478261
2024-04-28,429.979,9.262916666666667
2024-04-29,0,11.83541666666667
2024-04-30,0,14.48041666666667
2024-05-01,428.405,18.49260869565217
2024-05-02,0,14.91666666666667
2024-05-03,0,6.602083333333333
2024-05-04,0,10.42541666666667
2024-05-05,0,18.7525
2024-05-06,0,20.40761904761905
2024-05-07,0,11.24416666666667
2024-05-08,0,17.49583333333333
2024-05-09,0,23.26772727272727
2024-05-10,336.81,16.55217391304348
2024-05-11,382.245,20.86166666666667
2024-05-12,300.835,19.8375
2024-05-13,0,23.12636363636364
2024-05-14,0,16.03958333333333
2024-05-15,0,12.72041666666667
2024-05-16,228.717,10.49958333333333
2024-05-17,0,13.10916666666667
2024-05-18,321.448,12.13083333333333
2024-05-19,0,8.244285714285715
2024-05-20,465.812,10.48083333333333
2024-05-21,271.629,10.27291666666667
2024-05-22,542.815,12.60708333333333
2024-05-23,533.288,7.483333333333333
2024-05-24,443.782,8.032083333333334
2024-05-25,377.713,13.3325
2024-05-26,497.018,12.39125
2024-05-27,385.48,14.79166666666667
2024-05-28,0,9.940416666666666
2024-05-29,0,11.97375
2024-05-30,402.485,13.21583333333333
2024-05-31,0,11.56208333333333
2024-06-01,311.491,9.769583333333333
2024-06-02,343.69,11.22166666666667
2024-06-03,184.283,13.37708333333333
2024-06-04,0,8.724583333333333
2024-06-05,0,7.243333333333333
2024-06-06,0,8.5575
2024-06-07,0,13.39791666666667
2024-06-08,0,12.63833333333333
2024-06-09,370.718,10.40666666666667
2024-06-10,0,8.923
2024-06-11,374.667,11.07521739130435
2024-06-12,0,14.80608695652174
2024-06-13,0,8.647083333333333
2024-06-14,0,8.659166666666666
2024-06-15,0,8.36875
2024-06-16,399.78,9.10125
2024-06-17,0,12.37
2024-06-18,592,17.49458333333333
2024-06-19,0,18.9415
2024-06-20,373.52,18.3975
2024-06-21,0,11.38416666666667
2024-06-22,0,17.19708333333334
2024-06-23,310.291,14.46541666666667
2024-06-24,106.319,14.24875
2024-06-25,426,11.405
2024-06-26,464.999,12.33166666666667
2024-06-27,472.616,12.00875
2024-06-28,357.226,12.5825
2024-06-29,286.648,12.95791666666667
2024-06-30,0,11.09458333333333
2024-07-01,129.004,14.48416666666667
2024-07-02,0,11.44958333333333
2024-07-03,0,10.95916666666667
2024-07-04,0,9.46875
2024-07-05,0,11.96208333333333
2024-07-06,0,13.61041666666667
2024-07-07,0,9.582083333333333
2024-07-08,132.442,8.386249999999999
2024-07-09,0,15.2804347826087
2024-07-10,418.751,10.995
2024-07-11,374.665,17.58
2024-07-12,338.998,17.20208333333333
2024-07-13,287.831,8.432083333333333
2024-07-14,239.65,6.773333333333333
2024-07-15,288.02,10.17916666666667
2024-07-16,43.17,13.39291666666667
2024-07-17,197.215,10.74083333333333
2024-07-18,460.802,14.67375
2024-07-19,456.088,14.95375
2024-07-20,216.157,9.77625
2024-07-21,0,9.971666666666666
2024-07-22,231.189,9.762500000000001
2024-07-23,395.48,13.29375
2024-07-24,208.437,16.19333333333333
2024-07-25,444.23,14.64708333333333
2024-07-26,360.223,18.9125
2024-07-27,244.052,17.93625
2024-07-28,291.846,8.740833333333333
2024-07-29,244.545,9.56875
2024-07-30,86.98,11.35916666666667
2024-07-31,0,9.417916666666667
2024-08-01,329,12.56291666666667
2024-08-02,148.622,17.75583333333333
2024-08-03,470.071,23.12958333333333
2024-08-04,269.389,15.82208333333333
2024-08-05,293.859,14.80125
2024-08-06,419.031,10.45875
2024-08-07,0,15.08041666666667
2024-08-08,121.722,17.525
2024-08-09,575.78,23.465
2024-08-10,551.626,14.57875
2024-08-11,428.891,15.51208333333333
2024-08-12,0,13.58125
2024-08-13,307.161,11.06875
2024-08-14,166.503,18.51125
2024-08-15,426.099,14.44166666666667
2024-08-16,209.669,11.23208333333333
2024-08-17,240.751,13.18782608695652
2024-08-18,389.801,10.55541666666667
2024-08-19,78.643,13.49458333333333
2024-08-20,450.67,15.72625
2024-08-21,196.919,14.07166666666667
2024-08-22,389.5,20.72583333333333
2024-08-23,380.467,19.65791666666667
2024-08-24,467,12.81166666666667
2024-08-25,283.073,14.4675
2024-08-26,169.407,15.82958333333333
2024-08-27,306.25,16.46833333333333
2024-08-28,167.77,15.37625
2024-08-29,0,17.55708333333333
2024-08-30,257.933,20.00333333333333
2024-08-31,45.15,26.00958333333334
2024-09-01,0,25.27125
2024-09-02,435.532,21.63875
2024-09-03,0,25.12083333333333
2024-09-04,233.24,27.41363636363636
2024-09-05,0,25.7125
2024-09-06,277.81,18.80916666666667
2024-09-07,218.379,29.60125
2024-09-08,415.944,18.06083333333333
2024-09-09,0,14.4295652173913
2024-09-10,134.831,16.66916666666667
2024-09-11,267.375,25.06
2024-09-12,142.701,25.58722222222222
2024-09-13,239.442,25.30208333333333
2024-09-14,133.487,20.44083333333333
2024-09-15,161.106,16.66416666666667
2024-09-16,0,14.58428571428571
2024-09-17,79.525,13.826875
2024-09-18,144.65,16.61458333333333
2024-09-19,553.377,19.36375
2024-09-20,0,26.02333333333333
2024-09-21,0,26.73291666666667
2024-09-22,0,21.76083333333333
2024-09-23,165.236,16.73913043478261
2024-09-24,243.642,21.94863636363636
2024-09-25,0,25.4
2024-09-26,225.403,28.67
2024-09-27,0,27.57458333333333
2024-09-28,0,21.2675
2024-09-29,604.631,18.05
2024-09-30,0,16.24833333333333
2024-10-01,485.79,24.06458333333333
2024-10-02,497.768,21.87782608695652
2024-10-03,441.789,17.87791666666667
2024-10-04,0,19.31608695652174
2024-10-05,448.262,14.83916666666667
2024-10-06,536.057,14.695
2024-10-07,0,13.31416666666667
2024-10-08,0,12.10708333333333
2024-10-09,419.237,14.03791666666667
2024-10-10,0,8.796
2024-10-11,511.05,
2024-10-12,344.345,
2024-10-13,257.451,
2024-10-14,0,11.343
2024-10-15,443.933,14.96541666666667
2024-10-16,315.643,22.95833333333333
2024-10-17,195.857,22.57083333333334
2024-10-18,559.498,21.63166666666666
2024-10-19,201.945,22.00625
2024-10-20,381.393,16.05761904761905
2024-10-21,436.018,20.74166666666667
2024-10-22,366.1,22.10375
2024-10-23,551.219,20.19833333333333
2024-10-24,177.791,24.63333333333334
2024-10-25,368.73,21.99875
2024-10-26,122.944,16.36208333333333
2024-10-27,0,17.63958333333333
2024-10-28,0,17.61125
2024-10-29,0,21.56958333333333
2024-10-30,374.899,21.07541666666667
2024-10-31,0,17.48125
2024-11-01,489.999,16.16708333333333
2024-11-02,561.536,9.525416666666667
2024-11-03,0,13.39541666666667
2024-11-04,0,13.76772727272727
2024-11-05,114.747,17.12625
2024-11-06,302.853,20.20333333333333
2024-11-07,680.203,26.45666666666667
2024-11-08,0,24.00625
2024-11-09,0,22.97782608695652
2024-11-10,0,21.11916666666667
2024-11-11,276.143,25.60208333333334
2024-11-12,841.902,39.24705882352941
2024-11-13,0,31.51208333333333
2024-11-14,0,33.23666666666667
2024-11-15,785.273,30.76090909090909
2024-11-16,427.887,24.795
2024-11-17,480.945,10.67826086956522
2024-11-18,0,9.942307692307692
2024-11-19,479.548,23.57545454545454
2024-11-20,402.342,26.57083333333334
2024-11-21,0,12.005
2024-11-22,160,24.04153846153846
2024-11-23,372.869,28.14
2024-11-24,602.168,17.76222222222222
2024-11-25,233.008,13.85555555555556
2024-11-26,342.547,13.52571428571428
2024-11-27,479.213,12.43
2024-11-28,0,22.27307692307692
