Fecha,Centro_x,Centro_y
2018-01-01,0,14.26142857142857
2018-01-02,0,20.31217391304348
2018-01-03,0,25.73304347826087
2018-01-04,230.973,19.40363636363636
2018-01-05,0,24.22833333333334
2018-01-06,0,22.55958333333333
2018-01-07,167.859,13.29083333333333
2018-01-08,321.022,21.16083333333333
2018-01-09,0,24.24636363636364
2018-01-10,0,21.98833333333333
2018-01-11,247.589,19.92
2018-01-12,433.103,22.72454545454545
2018-01-13,570.467,18.27916666666667
2018-01-14,508,9.348333333333334
2018-01-15,0,15.85791666666667
2018-01-16,0,20.035
2018-01-17,0,16.775
2018-01-18,0,15.91208333333333
2018-01-19,0,12.34458333333333
2018-01-20,0,10.50291666666667
2018-01-21,378.601,8.706249999999999
2018-01-22,339.747,17.53625
2018-01-23,0,13.51375
2018-01-24,192.586,10.045
2018-01-25,392.12,10.04583333333333
2018-01-26,0,13.78545454545454
2018-01-27,516,15.28625
2018-01-28,307.142,13.05166666666667
2018-01-29,224.037,18.81375
2018-01-30,216.03,20.34333333333333
2018-01-31,208.069,21.07913043478261
2018-02-01,283.23,20.529
2018-02-02,0,19.18916666666667
2018-02-03,574.406,19.20125
2018-02-04,0,12.62375
2018-02-05,545,10.75833333333333
2018-02-06,0,12.1325
2018-02-07,440.089,15.67458333333333
2018-02-08,393.999,12.14125
2018-02-09,342.434,15.5025
2018-02-10,617.318,18.57833333333333
2018-02-11,0,19.78416666666667
2018-02-12,465.008,23.72
2018-02-13,499.912,24.86625
2018-02-14,415.139,21.19416666666667
2018-02-15,0,15.965
2018-02-16,0,20.4675
2018-02-17,0,19.13541666666667
2018-02-18,0,15.6675
2018-02-19,0,11.39916666666667
2018-02-20,0,14.40041666666667
2018-02-21,381.081,12.5075
2018-02-22,0,12.22833333333333
2018-02-23,0,9.859583333333333
2018-02-24,0,10.23125
2018-02-25,381,10.14875
2018-02-26,360.83,14.01416666666667
2018-02-27,0,16.45458333333334
2018-02-28,0,12.90083333333333
2018-03-01,333.741,21.59666666666667
2018-03-02,0,19.07625
2018-03-03,0,18.95375
2018-03-04,0,15.565
2018-03-05,0,17.14916666666667
2018-03-06,0,17.54260869565217
2018-03-07,0,18.09625
2018-03-08,0,15.82565217391304
2018-03-09,384.084,18.0125
2018-03-10,329.323,9.147499999999999
2018-03-11,600.042,9.329166666666667
2018-03-12,329.88,13.51833333333333
2018-03-13,555,24.1175
2018-03-14,261.202,19.00291666666667
2018-03-15,0,26.66478260869565
2018-03-16,0,19.22636363636364
2018-03-17,0,24.72625
2018-03-18,588.423,17.29541666666667
2018-03-19,0,17.16083333333333
2018-03-20,565.351,24.6604347826087
2018-03-21,477.526,17.06166666666667
2018-03-22,0,19.497
2018-03-23,0,25.18869565217392
2018-03-24,0,20.06791666666667
2018-03-25,339.294,17.07416666666667
2018-03-26,540.304,24.84083333333333
2018-03-27,387.589,25.66217391304348
2018-03-28,462.835,24.24416666666667
2018-03-29,0,22.23708333333333
2018-03-30,0,7.4
2018-03-31,0,
2018-04-01,0,
2018-04-02,0,18.768125
2018-04-03,0,18.30583333333333
2018-04-04,0,14.45791666666667
2018-04-05,0,17.54166666666667
2018-04-06,0,13.85652173913043
2018-04-07,0,19.69458333333333
2018-04-08,556.491,13.41125
2018-04-09,0,17.22583333333333
2018-04-10,0,14.02041666666667
2018-04-11,0,23.90666666666667
2018-04-12,180.646,20.67875
2018-04-13,0,16.31041666666667
2018-04-14,475.659,16.76666666666667
2018-04-15,0,10.33
2018-04-16,0,19.17666666666667
2018-04-17,357.467,13.3425
2018-04-18,408.137,13.1575
2018-04-19,370.726,10.605
2018-04-20,354.604,11.21958333333333
2018-04-21,301.897,18.61916666666667
2018-04-22,218.803,12.2075
2018-04-23,0,12.99458333333333
2018-04-24,417.018,19.44375
2018-04-25,0,16.33208333333333
2018-04-26,0,24.56347826086957
2018-04-27,392.914,22.80583333333334
2018-04-28,0,15.66125
2018-04-29,0,14.90458333333333
2018-04-30,0,17.55166666666667
2018-05-01,544.397,19.50208333333333
2018-05-02,0,14.54791666666667
2018-05-03,462.478,21.78913043478261
2018-05-04,301.244,23.36833333333334
2018-05-05,336.026,16.60875
2018-05-06,0,15.66958333333333
2018-05-07,0,12.87791666666667
2018-05-08,0,16.4675
2018-05-09,0,19.095
2018-05-10,377.25,23.69590909090909
2018-05-11,0,21.06578947368421
2018-05-12,0,
2018-05-13,0,
2018-05-14,561.553,17.72545454545454
2018-05-15,482.331,17.955
2018-05-16,0,19.76217391304348
2018-05-17,387.667,19.3
2018-05-18,0,17.88625
2018-05-19,538.5,18.32291666666667
2018-05-20,0,20.06458333333333
2018-05-21,0,17.5625
2018-05-22,0,17.41545454545454
2018-05-23,483.052,17.89583333333333
2018-05-24,0,21.98833333333333
2018-05-25,560.854,17.87333333333333
2018-05-26,0,19.07791666666667
2018-05-27,0,19.86166666666667
2018-05-28,0,18.90416666666667
2018-05-29,0,17.85944444444444
2018-05-30,306.704,17.15666666666667
2018-05-31,172.074,14.95375
2018-06-01,261.038,15.57416666666666
2018-06-02,329.372,13.70916666666667
2018-06-03,0,10.41125
2018-06-04,283.025,10.77708333333333
2018-06-05,457.083,9.51375
2018-06-06,242.73,9.349583333333333
2018-06-07,181.155,8.620476190476191
2018-06-08,122.563,16.49708333333333
2018-06-09,274.653,16.01
2018-06-10,0,
2018-06-11,217.751,15.77714285714286
2018-06-12,0,15.14833333333333
2018-06-13,116.542,14.92125
2018-06-14,435.444,14.24625
2018-06-15,371.792,10.71833333333333
2018-06-16,412.732,13.09041666666667
2018-06-17,0,5.069166666666667
2018-06-18,381.5,6.677916666666667
2018-06-19,408,11.62541666666667
2018-06-20,314.559,8.982083333333334
2018-06-21,306.762,8.132380952380952
2018-06-22,182.217,14.6025
2018-06-23,0,15.65708333333333
2018-06-24,0,15.72458333333333
2018-06-25,0,15.71863636363636
2018-06-26,0,19.69260869565218
2018-06-27,0,16.50083333333333
2018-06-28,0,20.72916666666667
2018-06-29,0,19.55333333333333
2018-06-30,0,20.20333333333333
2018-07-01,329.554,7.084583333333334
2018-07-02,73.578,16.6725
2018-07-03,142.846,12.01041666666667
2018-07-04,312.338,9.942083333333333
2018-07-05,0,10.03333333333333
2018-07-06,419.203,9.636956521739132
2018-07-07,0,11.28458333333333
2018-07-08,294.636,9.938333333333334
2018-07-09,327.765,8.603333333333333
2018-07-10,239.416,12.18208333333333
2018-07-11,236.143,9.949166666666667
2018-07-12,198.373,10.8725
2018-07-13,309.735,7.909166666666667
2018-07-14,323.345,11.43458333333333
2018-07-15,247.189,6.78375
2018-07-16,156.55,9.651666666666667
2018-07-17,270.495,10.4675
2018-07-18,178.894,14.10541666666666
2018-07-19,246.718,15.4875
2018-07-20,0,21.6
2018-07-21,0,19.58541666666667
2018-07-22,0,14.06875
2018-07-23,268.382,12.52583333333333
2018-07-24,269.162,12.69166666666667
2018-07-25,320.095,16.00791666666667
2018-07-26,189.608,17.33
2018-07-27,427.174,18.57666666666666
2018-07-28,166.544,13.6575
2018-07-29,0,14.995
2018-07-30,0,12.62708333333333
2018-07-31,0,18.2
2018-08-01,219.47,13.70208333333333
2018-08-02,162.292,12.83541666666667
2018-08-03,0,16.86958333333333
2018-08-04,0,13.83583333333333
2018-08-05,242.726,17.05
2018-08-06,0,10.82666666666667
2018-08-07,433.534,9.116666666666667
2018-08-08,380.06,9.152083333333334
2018-08-09,244.046,8.317083333333333
2018-08-10,237.355,9.727916666666667
2018-08-11,289.598,10.19833333333333
2018-08-12,226.987,10.3775
2018-08-13,347.346,12.515
2018-08-14,335.07,16.65208333333333
2018-08-15,0,12.57708333333333
2018-08-16,248.889,10.595
2018-08-17,276.538,10.965
2018-08-18,294.93,8.917083333333332
2018-08-19,346.56,12.91083333333333
2018-08-20,212.509,9.65875
2018-08-21,256.302,29.48692307692308
2018-08-22,383.583,12.38923076923077
2018-08-23,560.823,9.700000000000001
2018-08-24,201.979,9.119166666666667
2018-08-25,248.93,7.753333333333334
2018-08-26,389.621,8.09625
2018-08-27,283.462,8.992083333333333
2018-08-28,241.597,7.765833333333333
2018-08-29,199.839,11.23375
2018-08-30,175.035,15.45125
2018-08-31,0,17.01933333333333
2018-09-01,230.275,11.22411764705882
2018-09-02,385.036,9.247916666666667
2018-09-03,321.653,12.04458333333333
2018-09-04,0,6.496666666666667
2018-09-05,527.551,14.57083333333333
2018-09-06,288.726,15.21458333333333
2018-09-07,0,26.14434782608695
2018-09-08,281.729,
2018-09-09,0,
2018-09-10,232.393,16.70833333333333
2018-09-11,0,18.30857142857143
2018-09-12,0,22.39166666666667
2018-09-13,404.669,23.34166666666667
2018-09-14,0,18.67875
2018-09-15,0,16.77916666666667
2018-09-16,0,10.32916666666667
2018-09-17,93.284,20.98791666666667
2018-09-18,238.434,18.58583333333333
2018-09-19,292.474,12.02833333333333
2018-09-20,147.546,11.95458333333333
2018-09-21,477.118,17.43333333333333
2018-09-22,316.19,11.52708333333333
2018-09-23,0,11.12416666666667
2018-09-24,391.522,10.71708333333333
2018-09-25,0,12.78125
2018-09-26,471.492,15.8455
2018-09-27,342.5,19.78916666666667
2018-09-28,213.504,18.71666666666667
2018-09-29,299.686,17.66375
2018-09-30,0,19.0625
2018-10-01,483.294,25.40173913043478
2018-10-02,0,29.13055555555556
2018-10-03,253.599,18.3875
2018-10-04,508.049,29.23416666666667
2018-10-05,298.21,30.72857142857143
2018-10-06,0,29.95434782608696
2018-10-07,0,27.28208333333333
2018-10-08,0,18.55791666666667
2018-10-09,0,23.24086956521739
2018-10-10,0,21.67904761904762
2018-10-11,0,25.02478260869566
2018-10-12,318.046,24.22833333333334
2018-10-13,0,22.44916666666667
2018-10-14,354.87,20.06666666666667
2018-10-15,342.936,24.76625
2018-10-16,389.117,27.84541666666667
2018-10-17,372.104,31.8252380952381
2018-10-18,0,34.6275
2018-10-19,183.461,37.925
2018-10-20,0,25.82333333333333
2018-10-21,492.819,19.89625
2018-10-22,614.718,24.22818181818182
2018-10-23,0,26.45958333333333
2018-10-24,168.291,25.71
2018-10-25,0,32.77913043478261
2018-10-26,0,31.01458333333333
2018-10-27,0,23.85666666666667
2018-10-28,391.255,22.83791666666667
2018-10-29,0,21.13041666666667
2018-10-30,216.514,22.19952380952381
2018-10-31,0,28.36291666666667
2018-11-01,0,16.77583333333333
2018-11-02,307.831,16.85166666666667
2018-11-03,0,15.99375
2018-11-04,0,12.15916666666667
2018-11-05,0,16.4375
2018-11-06,330.957,19.90714285714286
2018-11-07,288.534,20.70291666666667
2018-11-08,0,17.94625
2018-11-09,468,18.69458333333333
2018-11-10,0,18.58208333333333
2018-11-11,532.664,19.29375
2018-11-12,0,20.51833333333333
2018-11-13,0,17.43291666666667
2018-11-14,0,19.71708333333333
2018-11-15,0,18.28625
2018-11-16,0,18.4495652173913
2018-11-17,0,26.31333333333333
2018-11-18,503.056,17.39708333333333
2018-11-19,0,19.86444444444444
2018-11-20,0,22.4475
2018-11-21,584,22.06347826086957
2018-11-22,462.903,22.87291666666667
2018-11-23,484.819,17.44875
2018-11-24,0,21.01416666666666
2018-11-25,0,16.09375
2018-11-26,0,15.46291666666667
2018-11-27,0,17.09958333333333
2018-11-28,381.311,16.82090909090909
2018-11-29,0,22.74565217391304
2018-11-30,0,13.15555555555556
2018-12-01,299.318,17.48714285714286
2018-12-02,364.944,14.03875
2018-12-03,0,19.50125
2018-12-04,488.687,22.38826086956522
2018-12-05,0,21.67375
2018-12-06,323.875,22.59875
2018-12-07,0,19.50416666666667
2018-12-08,0,18.59541666666667
2018-12-09,333.803,12.71916666666667
2018-12-10,491.907,16.66409090909091
2018-12-11,0,20.675
2018-12-12,0,15.15291666666667
2018-12-13,0,16.37208333333333
2018-12-14,0,19.06590909090909
2018-12-15,357,16.29458333333333
2018-12-16,434.278,12.87416666666667
2018-12-17,530.007,17.53333333333333
2018-12-18,0,19.68583333333333
2018-12-19,0,21.84666666666667
2018-12-20,0,17.81791666666667
2018-12-21,0,21.32916666666667
2018-12-22,434.257,
2018-12-23,189.255,10.32565217391304
2018-12-24,0,12.81166666666667
2018-12-25,402.084,8.415833333333333
2018-12-26,320.644,10.22375
2018-12-27,0,11.71875
2018-12-28,0,11.81291666666667
2018-12-29,322.108,10.40458333333333
2018-12-30,313.554,10.135
2018-12-31,0,8.420833333333333
2019-01-01,263.838,5.845714285714286
2019-01-02,277.752,8.380416666666667
2019-01-03,391.827,9.290416666666667
2019-01-04,0,11.79291666666666
2019-01-05,414.709,16.00666666666666
2019-01-06,0,16.96666666666667
2019-01-07,0,19.79125
2019-01-08,0,12.72958333333333
2019-01-09,0,17.14818181818182
2019-01-10,0,10.74857142857143
2019-01-11,0,13.76625
2019-01-12,428.962,13.38291666666667
2019-01-13,0,12.74708333333333
2019-01-14,388.282,15.55208333333333
2019-01-15,495.717,20.73875
2019-01-16,0,23.1095652173913
2019-01-17,0,20.05625
2019-01-18,458.624,14.20583333333333
2019-01-19,0,14.91875
2019-01-20,0,9.062916666666666
2019-01-21,345.953,13.75416666666667
2019-01-22,300.29,10.89708333333333
2019-01-23,333.29,10.53416666666667
2019-01-24,370.102,11.87875
2019-01-25,276.238,15.71833333333333
2019-01-26,268.874,12.78666666666667
2019-01-27,333.239,11.99583333333333
2019-01-28,0,10.51666666666667
2019-01-29,0,15.45166666666667
2019-01-30,484.289,13.57208333333333
2019-01-31,0,18.06583333333333
2019-02-01,0,11.9175
2019-02-02,0,12.19125
2019-02-03,0,9.193333333333333
2019-02-04,0,14.56916666666667
2019-02-05,0,14.24083333333333
2019-02-06,498.98,17.90304347826087
2019-02-07,0,20.2725
2019-02-08,468.48,19.79291666666667
2019-02-09,0,13.84416666666667
2019-02-10,589.294,11.71458333333333
2019-02-11,0,14.23208333333333
2019-02-12,477.511,15.11833333333333
2019-02-13,0,13.99041666666667
2019-02-14,0,18.34916666666667
2019-02-15,478.189,21.0855
2019-02-16,389.037,24.03166666666667
2019-02-17,317.157,17.41208333333333
2019-02-18,0,16.93875
2019-02-19,0,15.44208333333333
2019-02-20,0,18.41125
2019-02-21,0,16.82875
2019-02-22,853.194,16.65875
2019-02-23,0,20.795
2019-02-24,0,6.799166666666667
2019-02-25,0,13.97791666666667
2019-02-26,493.981,18.84583333333333
2019-02-27,0,15.19333333333333
2019-02-28,0,14.785
2019-03-01,557.013,14.55083333333334
2019-03-02,0,18.09208333333333
2019-03-03,0,19.01583333333333
2019-03-04,0,12.57875
2019-03-05,0,19.59208333333333
2019-03-06,0,21.59666666666667
2019-03-07,0,24.72478260869565
2019-03-08,326.813,17.35166666666667
2019-03-09,0,11.98791666666667
2019-03-10,475.037,8.037083333333333
2019-03-11,0,12.29666666666667
2019-03-12,384.937,19.52083333333333
2019-03-13,0,25.45
2019-03-14,557.84,18.41708333333333
2019-03-15,0,16.7975
2019-03-16,198.313,14.605
2019-03-17,487.687,16.03083333333333
2019-03-18,0,17.80791666666667
2019-03-19,0,15.30958333333333
2019-03-20,0,23.10041666666666
2019-03-21,431.075,16.19565217391304
2019-03-22,0,17.75416666666667
2019-03-23,375.254,26.69375
2019-03-24,576.6,25.3125
2019-03-25,0,28.825
2019-03-26,527.625,23.25708333333333
2019-03-27,0,23.04666666666667
2019-03-28,489.281,16.63791666666667
2019-03-29,0,23.95291666666667
2019-03-30,0,24.71625
2019-03-31,0,14.74333333333333
2019-04-01,0,18.48708333333333
2019-04-02,0,14.57416666666666
2019-04-03,0,20.46166666666667
2019-04-04,0,15.18625
2019-04-05,0,16.38333333333333
2019-04-06,482.992,11.31583333333333
2019-04-07,0,
2019-04-08,0,15.675
2019-04-09,299.226,15.66777777777778
2019-04-10,0,19.33583333333333
2019-04-11,359.296,17.52291666666667
2019-04-12,0,15.275
2019-04-13,287.241,14.08791666666667
2019-04-14,441.037,12.08583333333333
2019-04-15,0,15.35
2019-04-16,364.879,12.815
2019-04-17,0,
2019-04-18,357.762,17.056875
2019-04-19,0,15.46826086956522
2019-04-20,0,18.68818181818182
2019-04-21,0,17.97333333333333
2019-04-22,523.363,9.712222222222222
2019-04-23,0,18.09125
2019-04-24,0,16.09083333333333
2019-04-25,436,17.98130434782609
2019-04-26,0,14.73333333333333
2019-04-27,401,15.99
2019-04-28,0,6.730416666666667
2019-04-29,0,12.34791666666667
2019-04-30,0,12.05217391304348
2019-05-01,338.038,11.47291666666667
2019-05-02,350.675,10.9425
2019-05-03,0,11.93958333333333
2019-05-04,355.463,9.48375
2019-05-05,512,
2019-05-06,424.913,9.113846153846154
2019-05-07,0,14.68894736842105
2019-05-08,0,16.17708333333333
2019-05-09,0,13.56375
2019-05-10,0,18.15666666666667
2019-05-11,267.972,18.73166666666667
2019-05-12,0,15.40291666666667
2019-05-13,0,24.59125
2019-05-14,0,17.44565217391304
2019-05-15,0,12.2875
2019-05-16,350.53,15.30166666666667
2019-05-17,0,16.43291666666667
2019-05-18,388.25,10.86375
2019-05-19,0,9.67125
2019-05-20,0,19.61625
2019-05-21,0,18.87478260869565
2019-05-22,314.594,17.08782608695652
2019-05-23,0,19.4925
2019-05-24,201.156,13.39333333333333
2019-05-25,492.414,12.49791666666667
2019-05-26,0,10.97083333333333
2019-05-27,396.999,18.97791666666667
2019-05-28,0,15.9375
2019-05-29,0,16.89833333333333
2019-05-30,0,16.59958333333333
2019-05-31,0,12.07416666666666
2019-06-01,472.295,13.97958333333333
2019-06-02,0,11.52958333333333
2019-06-03,0,9.612083333333333
2019-06-04,300.078,10.44125
2019-06-05,0,9.494583333333333
2019-06-06,0,11.24125
2019-06-07,0,17.68708333333333
2019-06-08,270.802,15.02458333333333
2019-06-09,356.449,9.849583333333333
2019-06-10,0,13.8825
2019-06-11,519.751,20.91625
2019-06-12,0,19.17739130434783
2019-06-13,0,23.22909090909091
2019-06-14,0,27.495
2019-06-15,0,18.1975
2019-06-16,0,10.96375
2019-06-17,257.337,7.583333333333333
2019-06-18,402.504,6.450833333333333
2019-06-19,373.841,7.8075
2019-06-20,0,8.539583333333333
2019-06-21,0,5.019583333333333
2019-06-22,0,7.159583333333334
2019-06-23,0,5.940833333333333
2019-06-24,0,15.844
2019-06-25,486.867,
2019-06-26,153.848,
2019-06-27,334.073,
2019-06-28,158.38,6.606315789473684
2019-06-29,0,9.13
2019-06-30,375.744,5.15625
2019-07-01,0,9.317083333333334
2019-07-02,0,19.78
2019-07-03,236.058,23.5025
2019-07-04,345.679,15.68583333333333
2019-07-05,218.12,14.4775
2019-07-06,455.352,5.960833333333333
2019-07-07,0,5.306249999999999
2019-07-08,0,10.81041666666667
2019-07-09,368.371,10.18416666666667
2019-07-10,217.001,6.670999999999999
2019-07-11,71.046,16.80416666666667
2019-07-12,382.952,23.20529411764706
2019-07-13,493.448,16.77166666666666
2019-07-14,0,11.75666666666667
2019-07-15,0,12.97666666666667
2019-07-16,187.698,9.430833333333334
2019-07-17,400.1,12.00875
2019-07-18,309.192,9.462083333333334
2019-07-19,253.437,6.719166666666666
2019-07-20,309.858,6.662083333333332
2019-07-21,258.15,7.092916666666667
2019-07-22,0,16.45
2019-07-23,0,20.73375
2019-07-24,0,15.35666666666667
2019-07-25,0,21.56391304347826
2019-07-26,0,10.33833333333333
2019-07-27,195.394,9.3325
2019-07-28,194.655,6.469166666666666
2019-07-29,104.554,9.70375
2019-07-30,199.742,11.45583333333333
2019-07-31,0,8.289583333333333
2019-08-01,195.06,14.22166666666667
2019-08-02,0,20.02739130434783
2019-08-03,336.141,12.36458333333333
2019-08-04,353.889,6.56125
2019-08-05,222.994,10.34583333333333
2019-08-06,160.673,11.10708333333333
2019-08-07,454.019,10.3525
2019-08-08,290.826,9.133750000000001
2019-08-09,390.706,12.27208333333333
2019-08-10,366.184,8.932916666666666
2019-08-11,349.157,9.55125
2019-08-12,318.77,9.07625
2019-08-13,493.641,7.830833333333334
2019-08-14,0,23.99611111111111
2019-08-15,527.548,28.3575
2019-08-16,0,13.55208333333333
2019-08-17,0,15.61875
2019-08-18,0,8.606666666666667
2019-08-19,263.664,11.45833333333333
2019-08-20,0,9.204583333333334
2019-08-21,341.049,7.737916666666667
2019-08-22,283.869,9.61875
2019-08-23,0,10.23333333333333
2019-08-24,291.237,8.747083333333334
2019-08-25,0,9.093333333333334
2019-08-26,272.473,10.07666666666667
2019-08-27,347.845,8.283333333333333
2019-08-28,246.489,7.786666666666666
2019-08-29,286.288,8.032083333333334
2019-08-30,175.087,9.945416666666667
2019-08-31,322.204,13.67291666666667
2019-09-01,0,9.757916666666667
2019-09-02,166.226,15.75
2019-09-03,0,16.7185
2019-09-04,579.5,23.51625
2019-09-05,377.298,20.40875
2019-09-06,348.668,10.8125
2019-09-07,230.049,8.295
2019-09-08,131.803,9.722916666666666
2019-09-09,283.338,10.75666666666667
2019-09-10,0,17.42083333333333
2019-09-11,279.736,19.71375
2019-09-12,0,33.59545454545454
2019-09-13,246.784,29.01315789473684
2019-09-14,0,19.595
2019-09-15,0,13.96958333333333
2019-09-16,204.573,17.58916666666667
2019-09-17,0,23.3204347826087
2019-09-18,0,23.88863636363636
2019-09-19,0,24.88375
2019-09-20,0,26.56583333333333
2019-09-21,0,29.51157894736842
2019-09-22,391.965,
2019-09-23,0,14.82
2019-09-24,0,17.65041666666667
2019-09-25,0,17.14916666666667
2019-09-26,0,19.63333333333333
2019-09-27,395.195,17.02208333333333
2019-09-28,0,21.46833333333333
2019-09-29,397.737,14.17083333333333
2019-09-30,579.776,17.24
2019-10-01,456.441,24.48166666666667
2019-10-02,0,19.5715
2019-10-03,0,18.38541666666667
2019-10-04,490.782,14.00583333333333
2019-10-05,0,14.39916666666667
2019-10-06,0,11.2425
2019-10-07,0,11.38208333333333
2019-10-08,0,19.34083333333333
2019-10-09,0,16.58086956521739
2019-10-10,0,10.30739130434783
2019-10-11,0,14.51958333333334
2019-10-12,0,21.30590909090909
2019-10-13,0,14.65083333333333
2019-10-14,258.923,13.25958333333333
2019-10-15,0,21.10875
2019-10-16,0,18.7575
2019-10-17,523,20.80958333333333
2019-10-18,0,28.06958333333333
2019-10-19,0,18.89666666666666
2019-10-20,0,14.54375
2019-10-21,0,17.37791666666667
2019-10-22,0,11.68105263157895
2019-10-23,0,15.94875
2019-10-24,0,21.7325
2019-10-25,399.545,22.73954545454545
2019-10-26,0,22.54708333333333
2019-10-27,0,17.06666666666667
2019-10-28,0,14.47208333333333
2019-10-29,281.548,16.1825
2019-10-30,0,20.37
2019-10-31,0,20.38625
2019-11-01,470.661,14.10416666666667
2019-11-02,0,11.1275
2019-11-03,481.24,12.91625
2019-11-04,0,10.63625
2019-11-05,439.426,11.95708333333333
2019-11-06,0,14.76
2019-11-07,385.722,17.19958333333333
2019-11-08,430.701,15.96166666666667
2019-11-09,531.75,13.88458333333333
2019-11-10,0,12.63833333333333
2019-11-11,0,13.34166666666667
2019-11-12,0,18.47458333333333
2019-11-13,0,15.46458333333333
2019-11-14,0,12.20375
2019-11-15,0,16.12541666666667
2019-11-16,0,14.835
2019-11-17,0,10.00833333333333
2019-11-18,359.152,16.90916666666667
2019-11-19,0,22.28
2019-11-20,0,17.69833333333333
2019-11-21,587.697,14.93375
2019-11-22,0,15.62833333333333
2019-11-23,482.705,19.36625
2019-11-24,367.234,14.43291666666667
2019-11-25,467.561,15.37916666666667
2019-11-26,423.383,15.95666666666667
2019-11-27,0,14.41375
2019-11-28,0,18.4125
2019-11-29,0,23.045
2019-11-30,518,
2019-12-01,0,
2019-12-02,421.16,15.07666666666667
2019-12-03,399.272,16.63416666666667
2019-12-04,630.042,17.79882352941176
2019-12-05,504.125,19.455
2019-12-06,0,18.20458333333333
2019-12-07,0,11.92291666666667
2019-12-08,0,10.31875
2019-12-09,509.909,20.64904761904762
2019-12-10,0,13.91428571428571
2019-12-11,0,16.63125
2019-12-12,0,16.44833333333333
2019-12-13,526.612,26.24478260869565
2019-12-14,465.166,22.73458333333333
2019-12-15,0,21.27791666666667
2019-12-16,446.081,17.83
2019-12-17,345.815,15.175
2019-12-18,272.009,23.40375
2019-12-19,391.779,20.07909090909091
2019-12-20,0,21.73
2019-12-21,0,20.37958333333333
2019-12-22,0,14.74083333333333
2019-12-23,387,14.2225
2019-12-24,0,12.72583333333333
2019-12-25,284.366,11.27833333333333
2019-12-26,261.276,10.79958333333333
2019-12-27,447.822,14.16875
2019-12-28,391.891,14.47083333333333
2019-12-29,372.805,12.48458333333333
2019-12-30,0,12.18416666666667
2019-12-31,0,8.28375
2020-01-01,0,9.143181818181818
2020-01-02,0,11.1875
2020-01-03,435.68,15.56833333333333
2020-01-04,228.448,15.59125
2020-01-05,428.298,9.244583333333333
2020-01-06,385.459,12.14
2020-01-07,0,16.3675
2020-01-08,459.911,18.14916666666667
2020-01-09,397.791,13.81875
2020-01-10,416.56,9.405
2020-01-11,321.188,11.90208333333333
2020-01-12,423.116,6.6125
2020-01-13,303.191,9.056666666666667
2020-01-14,264.734,15.15125
2020-01-15,313.377,19.8325
2020-01-16,397.726,10.19041666666667
2020-01-17,395.767,8.72391304347826
2020-01-18,447.263,6.706250000000001
2020-01-19,434.515,6.142083333333333
2020-01-20,0,16.4425
2020-01-21,0,12.99166666666667
2020-01-22,0,12.5725
2020-01-23,0,11.675
2020-01-24,539.667,11.50416666666667
2020-01-25,0,15.74791666666667
2020-01-26,536.697,13.38666666666667
2020-01-27,0,12.05958333333333
2020-01-28,273.25,16.19666666666667
2020-01-29,0,16.94333333333333
2020-01-30,0,23.71
2020-01-31,0,19.09333333333333
2020-02-01,0,24.31833333333333
2020-02-02,514.492,14.04791666666667
2020-02-03,403.128,14.00608695652174
2020-02-04,466.132,17.765
2020-02-05,358.747,21.125
2020-02-06,251.811,19.96083333333333
2020-02-07,291.393,19.66916666666667
2020-02-08,0,17.79125
2020-02-09,552.462,15.17304347826087
2020-02-10,0,18.78166666666667
2020-02-11,327.602,20.96791666666667
2020-02-12,568,22.93727272727273
2020-02-13,298.645,20.92125
2020-02-14,197.978,23.32166666666667
2020-02-15,494.968,6.572105263157895
2020-02-16,378.756,11.92375
2020-02-17,0,10.23904761904762
2020-02-18,476.173,9.8725
2020-02-19,0,11.78833333333333
2020-02-20,0,16.32375
2020-02-21,0,18.2275
2020-02-22,0,17.83541666666667
2020-02-23,0,13.44083333333333
2020-02-24,0,13.18375
2020-02-25,0,12.81833333333333
2020-02-26,0,13.0675
2020-02-27,0,14.29666666666667
2020-02-28,0,15.53666666666667
2020-02-29,462.211,18.09333333333333
2020-03-01,356.331,15.86333333333333
2020-03-02,0,18.55
2020-03-03,447.776,16.335
2020-03-04,0,15.40708333333333
2020-03-05,0,14.26
2020-03-06,0,21.59375
2020-03-07,0,15.62791666666667
2020-03-08,0,12.32583333333333
2020-03-09,438.995,19.84391304347826
2020-03-10,529,21.97375
2020-03-11,0,21.72958333333333
2020-03-12,0,20.23583333333334
2020-03-13,0,14.14833333333333
2020-03-14,0,9.670833333333333
2020-03-15,0,7.747916666666666
2020-03-16,0,9.008333333333333
2020-03-17,0,7.467916666666667
2020-03-18,316.598,11.45666666666667
2020-03-19,390.607,8.542916666666667
2020-03-20,0,4.9075
2020-03-21,347.914,5.7425
2020-03-22,154.998,7.428333333333334
2020-03-23,550.456,15.29291666666667
2020-03-24,468.192,20.005
2020-03-25,588.194,21.98791666666667
2020-03-26,0,13.41375
2020-03-27,0,10.1825
2020-03-28,0,6.235416666666667
2020-03-29,0,10.5225
2020-03-30,0,16.4475
2020-03-31,0,11.73
2020-04-01,0,6.6025
2020-04-02,0,8.241249999999999
2020-04-03,283.325,5.66375
2020-04-04,561.715,8.39625
2020-04-05,0,8.657083333333334
2020-04-06,436.314,6.429583333333333
2020-04-07,0,6.375833333333333
2020-04-08,450.036,7.62
2020-04-09,0,9.58875
2020-04-10,0,9.85125
2020-04-11,0,5.774166666666667
2020-04-12,0,9.193333333333333
2020-04-13,0,5.681249999999999
2020-04-14,0,4.74125
2020-04-15,0,4.97
2020-04-16,0,10.69083333333333
2020-04-17,0,16.2775
2020-04-18,0,12.21416666666667
2020-04-19,384.739,8.90625
2020-04-20,338.158,8.419583333333334
2020-04-21,0,10.2225
2020-04-22,429.813,8.874166666666666
2020-04-23,0,7.989583333333333
2020-04-24,0,7.701250000000001
2020-04-25,0,8.06875
2020-04-26,395.196,10.48708333333333
2020-04-27,0,9.505833333333333
2020-04-28,0,11.56458333333333
2020-04-29,507.606,12.88625
2020-04-30,0,10.51833333333333
2020-05-01,0,11.77208333333333
2020-05-02,0,8.752083333333333
2020-05-03,418.361,8.080833333333333
2020-05-04,0,11.7775
2020-05-05,0,9.345833333333333
2020-05-06,0,9.334166666666667
2020-05-07,0,8.984166666666667
2020-05-08,340.674,7.074583333333333
2020-05-09,0,7.409583333333334
2020-05-10,585.751,8.970833333333333
2020-05-11,403.307,8.97625
2020-05-12,0,7.297272727272727
2020-05-13,0,12.63166666666667
2020-05-14,0,18.20708333333333
2020-05-15,369.616,10.60583333333333
2020-05-16,0,5.7
2020-05-17,331.478,5.880833333333332
2020-05-18,548.046,8.10375
2020-05-19,392.833,8.735
2020-05-20,314.963,8.552083333333334
2020-05-21,0,10.37041666666667
2020-05-22,0,9.194583333333332
2020-05-23,425.354,8.340416666666668
2020-05-24,395.007,4.97375
2020-05-25,404.584,4.711250000000001
2020-05-26,419.898,4.735416666666667
2020-05-27,0,7.007916666666667
2020-05-28,425.352,11.82875
2020-05-29,0,9.137083333333333
2020-05-30,0,5.957083333333333
2020-05-31,340.524,6.306666666666668
2020-06-01,0,9.106666666666667
2020-06-02,486.415,9.100833333333334
2020-06-03,0,10.99291666666667
2020-06-04,319.286,10.58625
2020-06-05,0,9.579166666666667
2020-06-06,153.315,7.651666666666666
2020-06-07,339.632,6.697916666666667
2020-06-08,0,7.03875
2020-06-09,0,10.74166666666667
2020-06-10,0,14.50166666666667
2020-06-11,205.453,14.93823529411765
2020-06-12,0,18.99166666666667
2020-06-13,0,22.0525
2020-06-14,357.126,7.561666666666667
2020-06-15,0,5.1425
2020-06-16,486.505,12.63208333333333
2020-06-17,0,11.94708333333333
2020-06-18,339.162,9.720833333333333
2020-06-19,0,12.07416666666667
2020-06-20,0,7.859583333333333
2020-06-21,366.47,5.689166666666666
2020-06-22,355.925,7.450416666666666
2020-06-23,0,10.37041666666667
2020-06-24,0,13.16041666666667
2020-06-25,0,12.57791666666667
2020-06-26,0,11.815
2020-06-27,295.927,10.55041666666667
2020-06-28,467.624,13.78833333333333
2020-06-29,426.022,13.8925
2020-06-30,572,13.24291666666667
2020-07-01,0,13.70333333333333
2020-07-02,0,16.10791666666666
2020-07-03,0,16.568
2020-07-04,0,10.85125
2020-07-05,0,9.950000000000001
2020-07-06,0,15.77083333333333
2020-07-07,0,15.555
2020-07-08,400.732,17.63166666666667
2020-07-09,360.628,15.49666666666667
2020-07-10,0,12.32791666666667
2020-07-11,0,15.18958333333333
2020-07-12,367,12.18833333333333
2020-07-13,0,9.894583333333333
2020-07-14,0,11.68333333333333
2020-07-15,0,7.603333333333333
2020-07-16,235.112,7.378333333333334
2020-07-17,0,9.245
2020-07-18,365.17,6.521666666666667
2020-07-19,544,6.693750000000001
2020-07-20,519.217,8.51
2020-07-21,0,11.0975
2020-07-22,0,18.61458333333333
2020-07-23,0,10.79333333333333
2020-07-24,358.335,13.5875
2020-07-25,350.344,13.55958333333333
2020-07-26,0,7.947500000000001
2020-07-27,0,8.700416666666667
2020-07-28,259.311,12.34
2020-07-29,0,12.25791666666667
2020-07-30,0,9.79875
2020-07-31,290.227,5.923749999999999
2020-08-01,412.764,6.349166666666666
2020-08-02,0,5.845416666666666
2020-08-03,418.345,10.64125
2020-08-04,335.412,10.1025
2020-08-05,360.396,7.889166666666667
2020-08-06,379.356,7.116250000000001
2020-08-07,280.962,7.986249999999999
2020-08-08,280.547,6.1875
2020-08-09,194.503,5.286666666666666
2020-08-10,299.541,8.775416666666667
2020-08-11,504.508,12.78541666666667
2020-08-12,330.755,15.40625
2020-08-13,225.782,13.29666666666667
2020-08-14,311.257,12.12875
2020-08-15,556.485,13.24708333333333
2020-08-16,299.516,8.842916666666666
2020-08-17,278.828,14.70333333333333
2020-08-18,0,11.95458333333333
2020-08-19,514,11.00458333333333
2020-08-20,0,11.40625
2020-08-21,0,9.086666666666666
2020-08-22,0,10.6425
2020-08-23,216.12,12.21791666666667
2020-08-24,106.585,13.40086956521739
2020-08-25,246.747,13.94541666666667
2020-08-26,228.125,13.31875
2020-08-27,0,10.85583333333333
2020-08-28,497.491,13.73375
2020-08-29,0,12.73416666666667
2020-08-30,150.816,12.27583333333333
2020-08-31,275.916,14.21291666666667
2020-09-01,0,9.780833333333334
2020-09-02,360.219,13.04375
2020-09-03,0,10.70625
2020-09-04,402.842,10.96541666666667
2020-09-05,0,2.2365
2020-09-06,0,8.491666666666667
2020-09-07,565.939,10.65125
2020-09-08,0,10.602
2020-09-09,0,10.76208333333333
2020-09-10,0,12.18166666666667
2020-09-11,269.012,15.99333333333333
2020-09-12,0,3.42
2020-09-13,387.333,5.214166666666666
2020-09-14,346.818,6.52
2020-09-15,0,10.7825
2020-09-16,498.122,18.66166666666667
2020-09-17,266.008,17.62666666666667
2020-09-18,0,19.5825
2020-09-19,0,21.60541666666667
2020-09-20,0,13.75416666666667
2020-09-21,0,9.089166666666666
2020-09-22,374.275,10.79166666666667
2020-09-23,0,16.42958333333333
2020-09-24,0,8.887083333333333
2020-09-25,587,7.017500000000001
2020-09-26,215.407,13.1275
2020-09-27,281.689,11.30875
2020-09-28,0,12.92291666666667
2020-09-29,340.277,15.94166666666667
2020-09-30,0,8.47913043478261
2020-10-01,429.973,8.571666666666667
2020-10-02,178.88,12.46375
2020-10-03,0,19.17458333333333
2020-10-04,0,12.88416666666667
2020-10-05,0,7.815416666666667
2020-10-06,387.405,10.40583333333333
2020-10-07,0,12.31166666666667
2020-10-08,499.76,7.670000000000001
2020-10-09,469.418,9.85625
2020-10-10,313.768,10.93409090909091
2020-10-11,174.047,8.616521739130436
2020-10-12,309.615,8.651666666666666
2020-10-13,327.805,10.99666666666667
2020-10-14,0,15.37416666666667
2020-10-15,297.747,9.913333333333332
2020-10-16,490.585,7.946666666666666
2020-10-17,395.693,4.874545454545454
2020-10-18,0,11.00416666666667
2020-10-19,338.882,13.265
2020-10-20,370.049,20.05541666666667
2020-10-21,0,10.81083333333333
2020-10-22,382,5.895833333333333
2020-10-23,0,12.22333333333333
2020-10-24,498.733,20.44416666666667
2020-10-25,583.073,16.33458333333333
2020-10-26,330.504,15.77916666666667
2020-10-27,0,10.285
2020-10-28,0,10.625
2020-10-29,673.112,14.92916666666667
2020-10-30,440.2,15.65083333333333
2020-10-31,963.466,17.68041666666667
2020-11-01,373.356,12.96791666666667
2020-11-02,362.569,11.41958333333333
2020-11-03,172.394,13.5025
2020-11-04,271.601,17.07166666666667
2020-11-05,412.327,30.09541666666667
2020-11-06,0,26.58458333333333
2020-11-07,456.998,21.29291666666667
2020-11-08,0,18.01458333333333
2020-11-09,297.436,16.75083333333333
2020-11-10,342.55,25.78875
2020-11-11,379.859,23.23083333333333
2020-11-12,511.083,27.49166666666666
2020-11-13,312.426,31.21916666666667
2020-11-14,0,34.98416666666667
2020-11-15,0,29.66291666666666
2020-11-16,0,33.557
2020-11-17,0,31.835
2020-11-18,0,25.055
2020-11-19,474.521,27.16625
2020-11-20,0,15.94916666666666
2020-11-21,0,16.05958333333333
2020-11-22,0,21.8025
2020-11-23,0,17.01260869565218
2020-11-24,0,9.022499999999999
2020-11-25,511.715,11.50666666666667
2020-11-26,452.36,15.28833333333333
2020-11-27,0,16.98541666666667
2020-11-28,561.316,21.67041666666667
2020-11-29,462.591,14.81291666666667
2020-11-30,404.972,14.07041666666667
2020-12-01,0,14.2
2020-12-02,0,11.26958333333334
2020-12-03,540.034,14.95833333333333
2020-12-04,483.284,12.47875
2020-12-05,0,16.93375
2020-12-06,502.963,9.066666666666666
2020-12-07,363.044,11.04
2020-12-08,0,15.3825
2020-12-09,0,14.86541666666667
2020-12-10,0,17.135
2020-12-11,509.138,17.00458333333333
2020-12-12,0,21.3375
2020-12-13,0,14.51791666666667
2020-12-14,0,14.97041666666667
2020-12-15,528.155,15.495
2020-12-16,0,15.69
2020-12-17,0,13.43708333333333
2020-12-18,0,15.71833333333333
2020-12-19,518.8,7.545000000000001
2020-12-20,286.294,8.224166666666667
2020-12-21,434.634,13.91958333333333
2020-12-22,0,19.51458333333333
2020-12-23,462,16.34791666666667
2020-12-24,0,11.71708333333333
2020-12-25,0,7.545833333333333
2020-12-26,0,9.442916666666667
2020-12-27,0,10.34583333333333
2020-12-28,0,8.139583333333333
2020-12-29,541.028,12.12666666666667
2020-12-30,0,11.35916666666667
2020-12-31,0,18.27041666666667
2021-01-01,0,5.136428571428572
2021-01-02,0,6.935
2021-01-03,0,8.71125
2021-01-04,0,8.627916666666666
2021-01-05,0,8.329583333333334
2021-01-06,0,11.15666666666667
2021-01-07,0,11.42826086956522
2021-01-08,0,15.60125
2021-01-09,0,12.32083333333333
2021-01-10,588,10.93875
2021-01-11,0,13.81208333333333
2021-01-12,0,14.315
2021-01-13,545,11.09125
2021-01-14,531.712,14.82208333333333
2021-01-15,484.197,13.71666666666667
2021-01-16,0,8.820416666666667
2021-01-17,463.595,8.836666666666668
2021-01-18,0,13.11208333333333
2021-01-19,444.754,14.04291666666667
2021-01-20,0,13.545
2021-01-21,314.95,12.78333333333333
2021-01-22,0,13.45333333333333
2021-01-23,530.909,13.58291666666667
2021-01-24,0,9.92
2021-01-25,0,15.40666666666667
2021-01-26,0,15.18791666666667
2021-01-27,0,11.78666666666667
2021-01-28,453.103,13.29916666666667
2021-01-29,440,11.20916666666667
2021-01-30,378.688,8.694166666666666
2021-01-31,229.886,7.15625
2021-02-01,308.193,11.97916666666667
2021-02-02,504.285,13.61791666666667
2021-02-03,0,12.90714285714286
2021-02-04,0,12.38958333333333
2021-02-05,0,12.25208333333333
2021-02-06,566.76,12.86125
2021-02-07,390.946,12.35583333333333
2021-02-08,0,13.36625
2021-02-09,0,16.32791666666667
2021-02-10,0,11.28791666666667
2021-02-11,0,9.335416666666667
2021-02-12,0,15.66166666666667
2021-02-13,562.059,14.4125
2021-02-14,0,17.51
2021-02-15,0,20.59833333333333
2021-02-16,0,7.825416666666666
2021-02-17,0,7.512083333333333
2021-02-18,0,9.865
2021-02-19,0,8.13
2021-02-20,571.204,11.04291666666667
2021-02-21,0,7.552083333333333
2021-02-22,0,10.31260869565217
2021-02-23,0,19.37541666666667
2021-02-24,0,12.79458333333333
2021-02-25,522.043,11.44583333333333
2021-02-26,0,11.47458333333333
2021-02-27,0,12.54625
2021-02-28,0,9.623333333333333
2021-03-01,0,8.615833333333333
2021-03-02,0,11.07666666666667
2021-03-03,0,10.64
2021-03-04,0,11.10636363636364
2021-03-05,0,16.24541666666667
2021-03-06,417.047,18.07791666666667
2021-03-07,0,15.4475
2021-03-08,0,12.13625
2021-03-09,0,10.79416666666667
2021-03-10,0,12.46791666666667
2021-03-11,0,15.01958333333333
2021-03-12,0,13.74166666666667
2021-03-13,0,18.37916666666667
2021-03-14,0,9.69125
2021-03-15,0,12.74625
2021-03-16,0,9.688125
2021-03-17,0,13.66823529411765
2021-03-18,0,7.920416666666667
2021-03-19,0,18.7525
2021-03-20,0,13.16875
2021-03-21,0,9.6775
2021-03-22,0,10.1125
2021-03-23,0,13.97458333333333
2021-03-24,0,15.46375
2021-03-25,522,16.6025
2021-03-26,437.782,20.94583333333333
2021-03-27,0,20.36625
2021-03-28,0,14.38875
2021-03-29,0,15.51583333333333
2021-03-30,0,10.39083333333333
2021-03-31,0,10.40791666666667
2021-04-01,0,11.33041666666667
2021-04-02,406.935,9.53217391304348
2021-04-03,0,11.62238095238095
2021-04-04,0,7.159583333333333
2021-04-05,0,14.62541666666667
2021-04-06,523.171,13.16916666666667
2021-04-07,520.269,17.8825
2021-04-08,0,11.29625
2021-04-09,0,13.73333333333333
2021-04-10,0,16.80708333333333
2021-04-11,337.1,10.3475
2021-04-12,0,7.727916666666666
2021-04-13,0,6.869166666666666
2021-04-14,0,9.877916666666666
2021-04-15,0,15.03541666666667
2021-04-16,540.019,13.34111111111111
2021-04-17,0,13.74875
2021-04-18,0,14.94583333333333
2021-04-19,0,11.27875
2021-04-20,356.312,15.59833333333333
2021-04-21,452.365,13.06958333333333
2021-04-22,294.63,17.99083333333333
2021-04-23,489,16.85833333333333
2021-04-24,0,10.44583333333333
2021-04-25,481.634,12.01666666666667
2021-04-26,0,11.71583333333333
2021-04-27,474.598,14.72541666666667
2021-04-28,0,12.21916666666667
2021-04-29,0,15.77541666666667
2021-04-30,0,10.51
2021-05-01,0,9.091111111111111
2021-05-02,0,8.275
2021-05-03,0,11.12333333333333
2021-05-04,240.863,14.70416666666667
2021-05-05,0,14.67875
2021-05-06,303.907,12.4725
2021-05-07,672.527,15.57666666666667
2021-05-08,0,13.38
2021-05-09,332.14,7.627916666666667
2021-05-10,503.535,4.339583333333334
2021-05-11,407.262,5.207083333333333
2021-05-12,0,15.27875
2021-05-13,239.581,13.92625
2021-05-14,0,14.9
2021-05-15,0,11.5525
2021-05-16,0,9.153333333333334
2021-05-17,0,11.92541666666667
2021-05-18,0,8.00625
2021-05-19,0,11.67958333333333
2021-05-20,265.454,12.76791666666667
2021-05-21,226.901,14.33166666666667
2021-05-22,394.527,9.658333333333333
2021-05-23,433.983,8.867916666666668
2021-05-24,496.091,9.932916666666666
2021-05-25,0,15.20166666666667
2021-05-26,0,12.61333333333334
2021-05-27,345.922,12.83666666666667
2021-05-28,379.669,16.61416666666667
2021-05-29,307.6,13.99791666666667
2021-05-30,543.5,15.60541666666666
2021-05-31,524.864,17.79125
2021-06-01,238.072,17.355
2021-06-02,0,21.91
2021-06-03,302.04,10.75541666666667
2021-06-04,0,9.75
2021-06-05,350.969,12.83208333333333
2021-06-06,0,11.06625
2021-06-07,0,11.6575
2021-06-08,0,11.39083333333333
2021-06-09,0,17.35333333333334
2021-06-10,283.968,16.24416666666667
2021-06-11,0,24.815
2021-06-12,336.337,14.91625
2021-06-13,0,11.5075
2021-06-14,0,17.34708333333333
2021-06-15,0,11.94458333333333
2021-06-16,0,17.08166666666667
2021-06-17,301.665,12.7575
2021-06-18,0,13.53333333333333
2021-06-19,0,12.70625
2021-06-20,0,7.065
2021-06-21,0,7.930625
2021-06-22,277.577,12.91947368421053
2021-06-23,0,13.8025
2021-06-24,198.862,12.8625
2021-06-25,0,13.995
2021-06-26,0,14.21041666666667
2021-06-27,0,14.31666666666667
2021-06-28,284.98,12.515
2021-06-29,136.885,7.867916666666667
2021-06-30,358.653,7.307916666666666
2021-07-01,388.463,9.9275
2021-07-02,0,8.516190476190477
2021-07-03,205.648,8.665833333333333
2021-07-04,0,3.683
2021-07-05,200.739,5.78625
2021-07-06,269.418,7.098333333333334
2021-07-07,127.371,8.869166666666667
2021-07-08,400.022,12.57875
2021-07-09,443.651,18.36
2021-07-10,0,17.2175
2021-07-11,0,14.4725
2021-07-12,0,11.81125
2021-07-13,0,9.132083333333334
2021-07-14,309.508,9.335833333333333
2021-07-15,147.404,9.242916666666666
2021-07-16,348.68,15.1025
2021-07-17,0,15.15541666666667
2021-07-18,412.777,9.782916666666667
2021-07-19,0,7.608750000000001
2021-07-20,0,6.040416666666666
2021-07-21,248.931,5.06375
2021-07-22,0,5.543333333333333
2021-07-23,0,8.764166666666666
2021-07-24,0,12.07291666666667
2021-07-25,0,11.63333333333333
2021-07-26,0,14.20208333333333
2021-07-27,536.167,13.65375
2021-07-28,338.403,10.02833333333333
2021-07-29,0,10.26666666666667
2021-07-30,0,8.234583333333333
2021-07-31,404.118,9.2925
2021-08-01,331.424,5.01
2021-08-02,0,5.342083333333334
2021-08-03,244.824,6.54375
2021-08-04,477.241,9.257916666666667
2021-08-05,0,10.82333333333333
2021-08-06,278.159,11.87708333333333
2021-08-07,0,14.29333333333333
2021-08-08,418.71,17.03875
2021-08-09,0,15.87333333333333
2021-08-10,359.094,9.97875
2021-08-11,389,11.42416666666667
2021-08-12,0,16.48583333333334
2021-08-13,457.744,16.25
2021-08-14,0,21.78833333333333
2021-08-15,504.564,18.90958333333333
2021-08-16,0,17.70416666666667
2021-08-17,493.6,14.92541666666667
2021-08-18,0,15.54666666666667
2021-08-19,408.097,13.995
2021-08-20,207.464,18.72
2021-08-21,0,15.09541666666667
2021-08-22,0,8.968333333333334
2021-08-23,0,12.90083333333333
2021-08-24,528.869,18.84666666666667
2021-08-25,0,15.99842105263158
2021-08-26,0,16.2825
2021-08-27,0,17.88791666666667
2021-08-28,0,15.39375
2021-08-29,0,9.951666666666666
2021-08-30,0,15.23083333333333
2021-08-31,289.936,17.12166666666667
2021-09-01,469.071,8.307083333333333
2021-09-02,436.266,9.847083333333332
2021-09-03,339.011,12.84875
2021-09-04,371.334,10.08916666666667
2021-09-05,0,11.0475
2021-09-06,0,10.9025
2021-09-07,393.656,14.50708333333333
2021-09-08,0,20.50416666666667
2021-09-09,256.533,13.28625
2021-09-10,427.529,13.41583333333333
2021-09-11,0,17.77416666666667
2021-09-12,0,10.88916666666667
2021-09-13,368.71,11.26166666666666
2021-09-14,235.028,15.93083333333333
2021-09-15,0,13.7325
2021-09-16,299.489,8.124583333333334
2021-09-17,293.612,7.457083333333333
2021-09-18,0,10.99541666666667
2021-09-19,314.82,13.97958333333333
2021-09-20,411.832,13.28
2021-09-21,0,14.89833333333333
2021-09-22,0,20.81166666666667
2021-09-23,0,10.12041666666667
2021-09-24,0,9.445833333333333
2021-09-25,421.23,6.524999999999999
2021-09-26,0,5.977083333333333
2021-09-27,166.48,8.030833333333334
2021-09-28,0,14.59833333333333
2021-09-29,0,12.95541666666667
2021-09-30,0,14.67875
2021-10-01,0,15.60791666666667
2021-10-02,399.18,15.235
2021-10-03,468.909,13.45458333333333
2021-10-04,0,19.68666666666667
2021-10-05,0,20.98041666666667
2021-10-06,0,18.24583333333333
2021-10-07,355.271,12.36416666666667
2021-10-08,0,20.0225
2021-10-09,357.829,16.16791666666667
2021-10-10,0,15.58916666666667
2021-10-11,353.964,16.60583333333333
2021-10-12,371.617,14.96625
2021-10-13,340.421,16.03833333333333
2021-10-14,502.328,20.615
2021-10-15,0,21.2325
2021-10-16,0,15.06541666666667
2021-10-17,0,14.14041666666667
2021-10-18,493.163,17.27791666666667
2021-10-19,0,18.65583333333333
2021-10-20,500.69,17.42
2021-10-21,0,13.96083333333333
2021-10-22,255.818,19.93041666666667
2021-10-23,507.118,11.84875
2021-10-24,0,13.12666666666667
2021-10-25,0,16.50291666666667
2021-10-26,0,20.16416666666667
2021-10-27,322.744,17.49625
2021-10-28,274.767,14.11083333333333
2021-10-29,0,15.11125
2021-10-30,444.927,24.83041666666667
2021-10-31,0,17.04875
2021-11-01,524.381,13.17333333333333
2021-11-02,0,8.397916666666667
2021-11-03,331.864,10.99833333333333
2021-11-04,467.127,14.57
2021-11-05,261.993,15.915
2021-11-06,0,14.14166666666667
2021-11-07,488.092,14.68958333333333
2021-11-08,0,14.84583333333333
2021-11-09,0,11.65958333333333
2021-11-10,0,11.99875
2021-11-11,0,17.13708333333333
2021-11-12,0,14.39333333333333
2021-11-13,0,15.8425
2021-11-14,409.027,13.52416666666667
2021-11-15,444.143,14.36375
2021-11-16,0,13.69
2021-11-17,0,12.535
2021-11-18,0,10.56666666666667
2021-11-19,0,8.371500000000001
2021-11-20,0,12.50083333333333
2021-11-21,0,15.37541666666667
2021-11-22,0,17.90166666666667
2021-11-23,0,13.15125
2021-11-24,0,14.11625
2021-11-25,0,19.66333333333333
2021-11-26,405,22.49541666666667
2021-11-27,0,13.92333333333333
2021-11-28,457.169,16.82791666666667
2021-11-29,0,13.26208333333333
2021-11-30,0,21.11958333333333
2021-12-01,421.264,21.48166666666667
2021-12-02,253.389,19.34954545454545
2021-12-03,494.743,19.43875
2021-12-04,0,8.25529411764706
2021-12-05,446.7,12.95625
2021-12-06,0,11.28625
2021-12-07,320.788,14.87791666666667
2021-12-08,0,17.09958333333333
2021-12-09,562.431,16.76958333333333
2021-12-10,591,12.45125
2021-12-11,0,10.23791666666667
2021-12-12,0,5.93625
2021-12-13,0,9.874583333333334
2021-12-14,0,10.64458333333333
2021-12-15,0,15.21166666666667
2021-12-16,0,12.55875
2021-12-17,0,13.305
2021-12-18,0,13.27208333333333
2021-12-19,0,10.94083333333333
2021-12-20,0,11.19375
2021-12-21,450,10.2775
2021-12-22,0,11.53791666666667
2021-12-23,285.847,13.48583333333333
2021-12-24,415.524,11.99333333333333
2021-12-25,0,11.99625
2021-12-26,343.685,13.70416666666667
2021-12-27,0,17.19125
2021-12-28,0,18.79833333333334
2021-12-29,0,16.44916666666667
2021-12-30,365.833,19.47833333333334
2021-12-31,356.908,16.81541666666667
2022-01-01,0,21.18652173913043
2022-01-02,467.379,6.469444444444445
2022-01-03,201.572,14.03625
2022-01-04,38.396,18.49291666666667
2022-01-05,0,9.69875
2022-01-06,54.435,17.42166666666667
2022-01-07,314.926,17.89208333333334
2022-01-08,48.984,16.07708333333333
2022-01-09,440.196,16.38291666666667
2022-01-10,581.05,8.231666666666667
2022-01-11,345.729,16.68125
2022-01-12,0,13.40916666666667
2022-01-13,324,9.673333333333334
2022-01-14,0,19.77583333333333
2022-01-15,72.042,19.6575
2022-01-16,506.099,18.49958333333333
2022-01-17,82.512,21.77166666666666
2022-01-18,490.511,11.825
2022-01-19,0,13.46958333333333
2022-01-20,469.568,12.37666666666667
2022-01-21,0,16.78875
2022-01-22,266.066,13.93625
2022-01-23,243.983,6.496470588235294
2022-01-24,156.573,15.64583333333333
2022-01-25,0,9.0575
2022-01-26,0,16.20708333333333
2022-01-27,376.6,10.53083333333333
2022-01-28,0,9.077272727272726
2022-01-29,0,7.953333333333333
2022-01-30,0,7.020416666666667
2022-01-31,0,7.085416666666666
2022-02-01,0,9.670833333333333
2022-02-02,"1,142.33",21.47083333333333
2022-02-03,852.753,25.06391304347826
2022-02-04,602.14,20.7975
2022-02-05,385.394,14.69708333333333
2022-02-06,0,9.986666666666666
2022-02-07,0,18.79208333333333
2022-02-08,0,16.42583333333333
2022-02-09,558.75,16.02208333333333
2022-02-10,701.884,12.20291666666667
2022-02-11,0,9.602916666666667
2022-02-12,0,11.29125
2022-02-13,0,8.12
2022-02-14,449.63,14.57291666666667
2022-02-15,0,16.61
2022-02-16,0,22.275
2022-02-17,0,22.67166666666667
2022-02-18,0,18.34375
2022-02-19,0,10.22791666666667
2022-02-20,0,9.377916666666666
2022-02-21,360.293,10.85458333333333
2022-02-22,0,26.265
2022-02-23,394.386,27.98260869565217
2022-02-24,0,12.91833333333333
2022-02-25,0,14.155
2022-02-26,0,13.91583333333333
2022-02-27,0,12.58625
2022-02-28,498,11.63208333333333
2022-03-01,0,8.195
2022-03-02,0,12.8825
2022-03-03,0,11.62541666666667
2022-03-04,300.719,13.19875
2022-03-05,0,12.31666666666667
2022-03-06,0,9.457916666666668
2022-03-07,0,11.535
2022-03-08,0,11.22041666666667
2022-03-09,294.948,15.56583333333333
2022-03-10,0,13.70166666666667
2022-03-11,0,12.78458333333333
2022-03-12,0,11.05125
2022-03-13,329.098,10.91041666666667
2022-03-14,138,15.07875
2022-03-15,0,11.00791666666667
2022-03-16,0,14.07875
2022-03-17,0,11.2775
2022-03-18,321.127,20.02208333333333
2022-03-19,0,15.10833333333333
2022-03-20,0,11.24166666666667
2022-03-21,0,13.82125
2022-03-22,651.319,21.27125
2022-03-23,675.913,16.05916666666667
2022-03-24,0,14.69166666666667
2022-03-25,0,20.66875
2022-03-26,0,17.55666666666667
2022-03-27,0,19.5175
2022-03-28,0,19.87375
2022-03-29,0,13.755
2022-03-30,0,17.23833333333333
2022-03-31,0,23.25333333333333
2022-04-01,0,13.50666666666667
2022-04-02,0,11.69291666666667
2022-04-03,364.96,12.35166666666667
2022-04-04,0,17.61916666666667
2022-04-05,334.093,15.23181818181818
2022-04-06,432.994,18.98958333333333
2022-04-07,464.164,17.00958333333334
2022-04-08,509,21.22458333333333
2022-04-09,0,12.26291666666667
2022-04-10,377.636,10.56875
2022-04-11,0,13.84666666666667
2022-04-12,0,14.52869565217391
2022-04-13,0,18.68208333333333
2022-04-14,0,13.97041666666667
2022-04-15,0,10.90208333333333
2022-04-16,0,12.13708333333333
2022-04-17,0,12.12
2022-04-18,0,12.58208333333334
2022-04-19,0,13.99458333333333
2022-04-20,0,15.13375
2022-04-21,0,12.06041666666667
2022-04-22,0,10.58333333333333
2022-04-23,446.039,13.89875
2022-04-24,0,12.54625
2022-04-25,0,15.565
2022-04-26,520.034,15.49125
2022-04-27,0,16.77875
2022-04-28,0,22.78416666666667
2022-04-29,0,14.08666666666667
2022-04-30,505.347,5.622916666666666
2022-05-01,485.521,9.16125
2022-05-02,578.26,11.59166666666667
2022-05-03,226.767,12.52875
2022-05-04,0,18.65208333333333
2022-05-05,0,17.08625
2022-05-06,0,23.9425
2022-05-07,252.184,12.96478260869565
2022-05-08,495.686,13.3225
2022-05-09,355.84,13.64708333333333
2022-05-10,383.027,21.10625
2022-05-11,0,13.73291666666667
2022-05-12,0,17.77958333333333
2022-05-13,0,14.9325
2022-05-14,0,14.52375
2022-05-15,0,11.525
2022-05-16,0,12.28391304347826
2022-05-17,0,16.17583333333333
2022-05-18,0,17.21208333333334
2022-05-19,0,14.73791666666667
2022-05-20,0,16.78833333333333
2022-05-21,498.915,17.21541666666667
2022-05-22,0,15.48666666666667
2022-05-23,837.913,12.35541666666666
2022-05-24,580.683,17.62166666666667
2022-05-25,0,11.33666666666667
2022-05-26,0,13.49666666666667
2022-05-27,0,11.02541666666667
2022-05-28,0,14.57
2022-05-29,0,
2022-05-30,0,28.38142857142857
2022-05-31,0,24.98625
2022-06-01,0,29.55818181818182
2022-06-02,0,17.328125
2022-06-03,0,16.29416666666667
2022-06-04,420.846,12.9225
2022-06-05,0,16.14333333333333
2022-06-06,283.236,20.15625
2022-06-07,0,20.8604347826087
2022-06-08,0,17.73041666666667
2022-06-09,0,12.53458333333333
2022-06-10,0,16.65916666666667
2022-06-11,0,21.81041666666667
2022-06-12,619.08,13.29375
2022-06-13,0,15.81125
2022-06-14,443,15.65083333333333
2022-06-15,266.965,14.79833333333333
2022-06-16,592.504,13.45347826086956
2022-06-17,0,15.88625
2022-06-18,0,10.97083333333333
2022-06-19,831.5,12.19791666666667
2022-06-20,629.654,10.32727272727273
2022-06-21,0,16.91375
2022-06-22,0,17.07375
2022-06-23,344.609,12.16791666666667
2022-06-24,0,11.09125
2022-06-25,0,5.589166666666667
2022-06-26,0,6.464583333333334
2022-06-27,236.406,10.18291666666667
2022-06-28,358.638,17.35625
2022-06-29,289.488,14.05291666666667
2022-06-30,0,15.56958333333333
2022-07-01,79.628,20.70625
2022-07-02,0,12.31833333333333
2022-07-03,298.112,8.34125
2022-07-04,404.507,8.071250000000001
2022-07-05,0,10.7575
2022-07-06,445.832,11.59291666666667
2022-07-07,147.126,7.647083333333334
2022-07-08,0,8.450000000000001
2022-07-09,255,10.09916666666667
2022-07-10,428.786,10.05958333333333
2022-07-11,386.698,17.3175
2022-07-12,0,14.6465
2022-07-13,0,21.82478260869565
2022-07-14,0,19.26041666666667
2022-07-15,90.507,17.815
2022-07-16,0,20.04458333333333
2022-07-17,0,9.717916666666666
2022-07-18,287.495,8.087083333333334
2022-07-19,174.962,11.03086956521739
2022-07-20,0,9.169166666666667
2022-07-21,274.501,13.41083333333333
2022-07-22,0,19.40043478260869
2022-07-23,0,15.3825
2022-07-24,0,11.26875
2022-07-25,0,18.98875
2022-07-26,409.302,12.54333333333333
2022-07-27,0,13.67125
2022-07-28,241,16.83833333333333
2022-07-29,26.743,12.18458333333333
2022-07-30,119.073,12.21166666666667
2022-07-31,49.12,11.68208333333333
2022-08-01,404,11.5555
2022-08-02,196.163,11.38
2022-08-03,0,16.84826086956522
2022-08-04,0,15.5804347826087
2022-08-05,0,12.79625
2022-08-06,396.815,15.11636363636364
2022-08-07,176.834,24.94863636363636
2022-08-08,325.759,24.72
2022-08-09,484.594,30.06333333333333
2022-08-10,0,25.39347826086956
2022-08-11,0,16.988
2022-08-12,188.1,18.18666666666667
2022-08-13,105.945,25.03625
2022-08-14,183.237,26.040625
2022-08-15,0,20.27130434782609
2022-08-16,89.796,19.59
2022-08-17,313,17.42444444444444
2022-08-18,10.29,14.22764705882353
2022-08-19,406.148,27.99347826086957
2022-08-20,0,25.36727272727273
2022-08-21,0,19.13875
2022-08-22,314,29.424
2022-08-23,191.684,37.89
2022-08-24,348.426,34.242
2022-08-25,192.984,27.87333333333333
2022-08-26,0,15.489375
2022-08-27,68.528,14.6475
2022-08-28,0,16.025625
2022-08-29,375.708,45.41066666666666
2022-08-30,382.053,39.04090909090909
2022-08-31,408.146,22.049375
2022-09-01,15.568,25.00041666666667
2022-09-02,0,26.13958333333333
2022-09-03,0,19.68583333333333
2022-09-04,0,9.439166666666667
2022-09-05,0,19.94375
2022-09-06,0,24.99333333333334
2022-09-07,0,18.06916666666667
2022-09-08,100.598,25.24
2022-09-09,273.22,19.94083333333333
2022-09-10,0,18.37739130434783
2022-09-11,0,13.62708333333333
2022-09-12,27.823,24.19545454545454
2022-09-13,288.695,21.39642857142857
2022-09-14,184.002,22.59625
2022-09-15,398.806,16.32090909090909
2022-09-16,0,20.82846153846154
2022-09-17,0,25.47416666666667
2022-09-18,564.778,16.79708333333333
2022-09-19,148.399,17.50583333333333
2022-09-20,0,23.11125
2022-09-21,523.286,25.76166666666667
2022-09-22,255.974,23.97875
2022-09-23,212.172,18.34782608695652
2022-09-24,0,19.84
2022-09-25,0,29.254
2022-09-26,227.212,20.25083333333333
2022-09-27,222.692,13.735
2022-09-28,517.72,20.57375
2022-09-29,0,20.84416666666667
2022-09-30,335.475,23.83541666666666
2022-10-01,409,7.635416666666667
2022-10-02,479.206,6.735833333333333
2022-10-03,210.338,9.945
2022-10-04,0,14.62791666666667
2022-10-05,354.899,25.25
2022-10-06,0,28.64375
2022-10-07,0,33.06454545454546
2022-10-08,0,20.08625
2022-10-09,396.956,13.48208333333333
2022-10-10,0,11.11583333333333
2022-10-11,416,8.129583333333333
2022-10-12,0,15.70125
2022-10-13,0,21.96541666666667
2022-10-14,0,24.19583333333334
2022-10-15,0,13.195
2022-10-16,0,13.53958333333333
2022-10-17,0,18.23958333333333
2022-10-18,0,16.16041666666667
2022-10-19,0,14.8825
2022-10-20,0,12.85083333333333
2022-10-21,0,14.69666666666667
2022-10-22,0,8.629999999999999
2022-10-23,0,
2022-10-24,0,17.19133333333333
2022-10-25,0,21.39791666666666
2022-10-26,0,15.41458333333333
2022-10-27,543.947,14.92458333333333
2022-10-28,0,21.30086956521739
2022-10-29,341.974,16.18041666666667
2022-10-30,330.081,14.57416666666666
2022-10-31,56.448,17.54190476190476
2022-11-01,265.176,21.49041666666666
2022-11-02,0,10.45958333333333
2022-11-03,493.008,9.730416666666667
2022-11-04,522.952,15.27458333333333
2022-11-05,426,8.946666666666667
2022-11-06,0,
2022-11-07,148.737,18.57933333333333
2022-11-08,610.372,17.27708333333333
2022-11-09,0,18.27708333333333
2022-11-10,0,24.37166666666667
2022-11-11,0,20.61875
2022-11-12,0,19.93833333333333
2022-11-13,0,20.505
2022-11-14,294.507,19.81166666666667
2022-11-15,0,21.34130434782609
2022-11-16,0,16.20125
2022-11-17,0,17.38291666666667
2022-11-18,370.567,21.96208333333334
2022-11-19,378.493,24.78375
2022-11-20,0,18.36875
2022-11-21,0,26.13375
2022-11-22,0,23.28916666666667
2022-11-23,0,21.24590909090909
2022-11-24,372.445,23.43708333333333
2022-11-25,0,26.46681818181818
2022-11-26,466.21,15.48833333333334
2022-11-27,0,16.4725
2022-11-28,0,25.12083333333333
2022-11-29,542.691,26.59416666666667
2022-11-30,324.236,20.99625
2022-12-01,319.414,19.25083333333333
2022-12-02,0,13.04291666666666
2022-12-03,473.307,15.28
2022-12-04,436,16.99208333333333
2022-12-05,215.991,20.16208333333333
2022-12-06,313.129,22.5604347826087
2022-12-07,0,29.42944444444445
2022-12-08,202.994,21.04791666666667
2022-12-09,552.612,17.56625
2022-12-10,0,19.44875
2022-12-11,0,15.05416666666667
2022-12-12,450.301,16.48291666666666
2022-12-13,442.215,17.14291666666667
2022-12-14,0,14.63333333333333
2022-12-15,415.826,19.07583333333333
2022-12-16,564.712,17.13666666666667
2022-12-17,0,17.31666666666667
2022-12-18,439.641,15.20208333333333
2022-12-19,340.076,20.02125
2022-12-20,359.733,17.85125
2022-12-21,401.282,23.12833333333333
2022-12-22,373.101,19.21625
2022-12-23,347.308,22.73416666666667
2022-12-24,456.466,21.04541666666667
2022-12-25,575.667,11.60708333333333
2022-12-26,0,16.09833333333333
2022-12-27,0,15.10041666666667
2022-12-28,535.481,24.66416666666667
2022-12-29,330.897,23.56625
2022-12-30,564,19.58590909090909
2022-12-31,0,15.75208333333333
2023-01-01,0,18.988
2023-01-02,0,11.40666666666667
2023-01-03,0,24.47782608695652
2023-01-04,381.809,23.49333333333334
2023-01-05,0,26.29333333333333
2023-01-06,0,24.23739130434783
2023-01-07,0,22.63083333333333
2023-01-08,0,13.39375
2023-01-09,0,14.5075
2023-01-10,0,12.1075
2023-01-11,540.876,13.98083333333333
2023-01-12,0,22.6975
2023-01-13,366.431,18.48409090909091
2023-01-14,0,12.62166666666667
2023-01-15,0,16.19291666666667
2023-01-16,448.164,14.60958333333333
2023-01-17,0,16.76875
2023-01-18,385.611,15.01083333333333
2023-01-19,0,18.07458333333333
2023-01-20,0,18.18833333333333
2023-01-21,0,19.89708333333333
2023-01-22,0,13.54708333333333
2023-01-23,253.312,12.81375
2023-01-24,508.45,12.44875
2023-01-25,343.149,13.76083333333333
2023-01-26,0,17.27
2023-01-27,254.69,18.08416666666666
2023-01-28,238.566,20.35833333333333
2023-01-29,146.538,12.78416666666667
2023-01-30,484.055,16.23
2023-01-31,0,22.42166666666667
2023-02-01,0,23.1075
2023-02-02,0,23.1925
2023-02-03,197.521,17.90291666666667
2023-02-04,227.906,17.32125
2023-02-05,0,14.47291666666667
2023-02-06,0,8.496666666666666
2023-02-07,351.18,11.69333333333333
2023-02-08,289.077,17.26076923076923
2023-02-09,0,18.71086956521739
2023-02-10,0,18.64277777777778
2023-02-11,0,22.84782608695652
2023-02-12,0,16.12375
2023-02-13,0,17.67666666666667
2023-02-14,0,19.00782608695652
2023-02-15,0,15.2378947368421
2023-02-16,537.012,18.49958333333333
2023-02-17,893,14.96666666666667
2023-02-18,0,11.615
2023-02-19,0,18.00333333333333
2023-02-20,382.502,15.21958333333333
2023-02-21,0,9.78125
2023-02-22,0,11.53583333333333
2023-02-23,0,21.2025
2023-02-24,214.827,22.68173913043479
2023-02-25,155.054,19.99208333333333
2023-02-26,0,21.3
2023-02-27,836.703,21.30521739130435
2023-02-28,0,11.4125
2023-03-01,384.598,15.52
2023-03-02,0,19.94
2023-03-03,0,17.03291666666667
2023-03-04,0,14.20625
2023-03-05,0,12.70541666666667
2023-03-06,0,16.25458333333333
2023-03-07,0,13.37166666666667
2023-03-08,0,16.58416666666666
2023-03-09,0,11.335
2023-03-10,0,13.56791666666667
2023-03-11,0,8.06
2023-03-12,0,13.35416666666667
2023-03-13,0,14.76875
2023-03-14,0,15.97416666666667
2023-03-15,0,17.50333333333333
2023-03-16,0,14.33789473684211
2023-03-17,0,13.65
2023-03-18,0,11.30125
2023-03-19,0,13.20208333333333
2023-03-20,0,16.46652173913044
2023-03-21,0,17.10375
2023-03-22,0,19.10541666666667
2023-03-23,0,12.13958333333333
2023-03-24,0,11.25958333333333
2023-03-25,0,11.90375
2023-03-26,514.807,12.40291666666667
2023-03-27,408.93,14.84529411764706
2023-03-28,485.427,20.89166666666667
2023-03-29,0,19.93416666666667
2023-03-30,0,19.895
2023-03-31,0,21.23208333333333
2023-04-01,0,16.4425
2023-04-02,346.074,14.9375
2023-04-03,327.957,18.19695652173913
2023-04-04,515.864,18.475
2023-04-05,0,19.52739130434783
2023-04-06,0,15.26708333333333
2023-04-07,0,8.71125
2023-04-08,0,17.71208333333333
2023-04-09,209.803,13.09875
2023-04-10,0,12.39791666666667
2023-04-11,234.711,18.50826086956522
2023-04-12,0,17.60291666666667
2023-04-13,353.36,17.44291666666667
2023-04-14,522.926,20.37875
2023-04-15,0,16.01458333333333
2023-04-16,0,12.50083333333333
2023-04-17,0,11.60166666666667
2023-04-18,0,16.62166666666667
2023-04-19,0,16.49916666666667
2023-04-20,0,13.08708333333333
2023-04-21,0,16.16291666666667
2023-04-22,0,17.06083333333333
2023-04-23,0,11.43458333333333
2023-04-24,380.528,17.26541666666667
2023-04-25,0,16.36625
2023-04-26,0,13.8
2023-04-27,0,17.56142857142857
2023-04-28,321.595,17.15583333333333
2023-04-29,0,13.94708333333333
2023-04-30,422.548,9.457083333333333
2023-05-01,0,7.604583333333333
2023-05-02,339.246,9.197083333333333
2023-05-03,350.935,7.975833333333334
2023-05-04,0,9.175416666666665
2023-05-05,329.876,11.01208333333333
2023-05-06,0,10.07083333333333
2023-05-07,160.004,9.813333333333334
2023-05-08,309.458,10.49125
2023-05-09,0,16.505
2023-05-10,192.168,14.97333333333333
2023-05-11,0,19.04958333333333
2023-05-12,173.26,20.82
2023-05-13,229.896,12.20375
2023-05-14,0,8.10125
2023-05-15,0,11.17666666666667
2023-05-16,517.764,16.77166666666666
2023-05-17,103.103,15.05333333333333
2023-05-18,348.969,12.06625
2023-05-19,0,18.65954545454546
2023-05-20,0,19.22583333333333
2023-05-21,0,10.28041666666667
2023-05-22,456,13.25294117647059
2023-05-23,0,16.22833333333334
2023-05-24,265.329,16.57347826086956
2023-05-25,0,14.6525
2023-05-26,0,18.02958333333333
2023-05-27,0,17.64125
2023-05-28,0,12.00875
2023-05-29,145.528,14.20708333333334
2023-05-30,536.396,17.10708333333333
2023-05-31,0,17.93458333333333
2023-06-01,0,15.35083333333333
2023-06-02,0,16.55458333333333
2023-06-03,0,12.165
2023-06-04,422.489,11.15166666666667
2023-06-05,0,8.672916666666667
2023-06-06,0,18.96217391304348
2023-06-07,345.562,14.21791666666667
2023-06-08,578.893,19.83565217391304
2023-06-09,0,17.36791666666667
2023-06-10,0,19.45434782608696
2023-06-11,319.347,13.43875
2023-06-12,119.993,11.56875
2023-06-13,246.098,8.537083333333333
2023-06-14,5,9.1525
2023-06-15,132,12.87166666666667
2023-06-16,505,15.25458333333333
2023-06-17,453.399,8.55125
2023-06-18,79.553,6.66
2023-06-19,188.258,7.748333333333334
2023-06-20,179.425,7.91125
2023-06-21,229.877,7.472916666666666
2023-06-22,279.821,10.77571428571428
2023-06-23,574,20.59583333333333
2023-06-24,277,15.00833333333333
2023-06-25,0,14.18083333333333
2023-06-26,518.629,15.76833333333333
2023-06-27,350.92,11.58166666666667
2023-06-28,0,13.33666666666667
2023-06-29,198.22,7.340833333333333
2023-06-30,0,7.422083333333333
2023-07-01,0,9.875833333333334
2023-07-02,223.726,15.13791666666667
2023-07-03,0,17.42166666666667
2023-07-04,88.796,15.01583333333333
2023-07-05,352.949,19.11791666666667
2023-07-06,0,13.63291666666667
2023-07-07,240.773,14.03166666666667
2023-07-08,502.985,14.47375
2023-07-09,308.287,8.297916666666667
2023-07-10,0,8.807083333333333
2023-07-11,0,10.53166666666667
2023-07-12,277.138,9.283333333333333
2023-07-13,461.27,11.17958333333333
2023-07-14,331.045,11.865
2023-07-15,417.573,11.8325
2023-07-16,246.313,9.209999999999999
2023-07-17,0,8.409166666666666
2023-07-18,302.217,7.865416666666667
2023-07-19,136.691,6.128333333333333
2023-07-20,527.036,6.001666666666666
2023-07-21,491.472,6.954166666666667
2023-07-22,303.539,6.180833333333333
2023-07-23,406.401,5.844166666666666
2023-07-24,214.557,6.602916666666666
2023-07-25,0,11.60125
2023-07-26,99.037,23.185
2023-07-27,0,18.84291666666667
2023-07-28,157.359,9.415000000000001
2023-07-29,311.413,8.0925
2023-07-30,203.004,5.86625
2023-07-31,189.002,8.239166666666668
2023-08-01,0,6.869583333333334
2023-08-02,200.054,6.738571428571428
2023-08-03,304.816,9.229166666666666
2023-08-04,128.429,10.40208333333333
2023-08-05,320.3,9.158333333333333
2023-08-06,0,8.714166666666666
2023-08-07,0,6.707083333333333
2023-08-08,0,6.395
2023-08-09,0,6.495416666666667
2023-08-10,299.129,11.71291666666667
2023-08-11,212.061,13.04458333333333
2023-08-12,405.141,10.44083333333333
2023-08-13,718.298,14.27333333333333
2023-08-14,795.987,16.85041666666667
2023-08-15,0,18.7675
2023-08-16,345.358,19.37458333333333
2023-08-17,176.058,15.27791666666667
2023-08-18,120.104,22.65227272727273
2023-08-19,114.461,23.89791666666667
2023-08-20,0,13.76458333333333
2023-08-21,0,13.99625
2023-08-22,0,19.61958333333333
2023-08-23,494.569,11.95708333333333
2023-08-24,564.558,13.33782608695652
2023-08-25,417,14.0375
2023-08-26,30.552,13.05166666666667
2023-08-27,280.961,10.3025
2023-08-28,318.92,8.546666666666667
2023-08-29,272.837,10.56458333333333
2023-08-30,148.789,11.32958333333333
2023-08-31,121.717,10.58458333333333
2023-09-01,260.359,13.81875
2023-09-02,126.98,15.21291666666667
2023-09-03,488.395,18.77291666666667
2023-09-04,286.599,11.32791666666667
2023-09-05,0,8.537916666666666
2023-09-06,83.37,11.55090909090909
2023-09-07,95.645,14.08958333333333
2023-09-08,243.474,20.28058823529412
2023-09-09,0,16.06125
2023-09-10,0,12.98791666666667
2023-09-11,279.798,11.78625
2023-09-12,21.312,17.90375
2023-09-13,340,19.42583333333333
2023-09-14,296.953,15.815
2023-09-15,0,8.762916666666667
2023-09-16,281.125,11.31291666666667
2023-09-17,43.534,12.94708333333333
2023-09-18,0,13.44291666666667
2023-09-19,0,11.23875
2023-09-20,0,11.10625
2023-09-21,388.724,12.11791666666667
2023-09-22,293.013,21.87833333333333
2023-09-23,170.06,18.11
2023-09-24,0,14.94
2023-09-25,0,19.34913043478261
2023-09-26,92.525,20.64260869565217
2023-09-27,130.9,20.44619047619048
2023-09-28,185.232,22.48916666666667
2023-09-29,376.654,17.86458333333333
2023-09-30,0,12.80583333333333
2023-10-01,447.062,9.912083333333333
2023-10-02,368.21,18.00695652173913
2023-10-03,99.61,18.68583333333333
2023-10-04,383.734,25.15739130434783
2023-10-05,0,19.10958333333333
2023-10-06,227.529,25.41375
2023-10-07,0,25.20708333333333
2023-10-08,0,21.95958333333333
2023-10-09,0,14.53125
2023-10-10,460.003,20.76583333333333
2023-10-11,344.247,18.83916666666667
2023-10-12,0,19.47833333333334
2023-10-13,444.263,23.14541666666667
2023-10-14,0,11.79458333333333
2023-10-15,440.388,15.535
2023-10-16,365.03,13.52041666666667
2023-10-17,0,19.25083333333333
2023-10-18,0,14.09791666666667
2023-10-19,259.749,12.40666666666667
2023-10-20,431.485,16.89
2023-10-21,320.156,20.83541666666667
2023-10-22,460.56,15.97166666666667
2023-10-23,579,19.93708333333333
2023-10-24,0,14.19708333333333
2023-10-25,489.078,20.746
2023-10-26,0,12.4504347826087
2023-10-27,0,13.38555555555556
2023-10-28,0,7.871333333333334
2023-10-29,0,14.55541666666667
2023-10-30,555.012,20.07470588235294
2023-10-31,0,10.79523809523809
2023-11-01,0,16.07166666666667
2023-11-02,303.923,16.01583333333333
2023-11-03,136.744,15.60458333333333
2023-11-04,0,15.53833333333333
2023-11-05,0,16.61041666666667
2023-11-06,430.931,22.71791666666667
2023-11-07,315.969,11.71458333333333
2023-11-08,378.05,12.89875
2023-11-09,489.109,14.04083333333333
2023-11-10,329.264,11.92666666666667
2023-11-11,270.532,13.04583333333333
2023-11-12,429.922,15.4725
2023-11-13,227.131,16.93041666666667
2023-11-14,392.998,18.90347826086957
2023-11-15,436.916,12.77833333333333
2023-11-16,294.569,16.62458333333333
2023-11-17,0,26.06666666666667
2023-11-18,344.068,20.42625
2023-11-19,303.525,14.965
2023-11-20,0,13.85666666666667
2023-11-21,0,12.3975
2023-11-22,0,11.48291666666667
2023-11-23,281.825,13.61458333333333
2023-11-24,0,17.6225
2023-11-25,416.463,19.21875
2023-11-26,218.693,13.03333333333333
2023-11-27,415.479,10.3225
2023-11-28,495.297,16.86083333333333
2023-11-29,0,20.51875
2023-11-30,379.21,16.38041666666667
2023-12-01,376.111,18.14125
2023-12-02,236.253,17.7
2023-12-03,170.254,15.50666666666667
2023-12-04,0,14.85458333333333
2023-12-05,398.392,20.065
2023-12-06,0,18.07916666666667
2023-12-07,0,18.14166666666667
2023-12-08,419.71,13.40875
2023-12-09,456,10.78375
2023-12-10,161,10.7225
2023-12-11,0,11.33583333333333
2023-12-12,382.105,14.63458333333333
2023-12-13,0,16.23125
2023-12-14,280.368,18.49333333333333
2023-12-15,0,14.52666666666667
2023-12-16,0,13.7875
2023-12-17,0,10.44416666666667
2023-12-18,423.846,20.19583333333333
2023-12-19,0,13.99083333333333
2023-12-20,211.833,14.74458333333333
2023-12-21,354.245,18.63375
2023-12-22,0,24.41958333333334
2023-12-23,0,19.65083333333333
2023-12-24,229.985,18.97125
2023-12-25,0,16.61791666666667
2023-12-26,0,11.89166666666667
2023-12-27,0,11.12416666666667
2023-12-28,0,11.77458333333333
2023-12-29,377.838,14.17791666666667
2023-12-30,320.974,11.88416666666667
2023-12-31,584.241,14.75782608695652
2024-01-01,0,13.00642857142857
2024-01-02,0,23.72875
2024-01-03,0,16.62958333333333
2024-01-04,0,13.93333333333333
2024-01-05,0,13.9475
2024-01-06,287.548,20.63208333333333
2024-01-07,326.596,11.31625
2024-01-08,0,16.66636363636364
2024-01-09,0,23.55666666666667
2024-01-10,295.101,11.42791666666667
2024-01-11,317.561,20.38333333333333
2024-01-12,0,14.59166666666667
2024-01-13,314.687,14.92
2024-01-14,0,16.76916666666667
2024-01-15,0,15.20086956521739
2024-01-16,0,9.914166666666667
2024-01-17,0,11.11708333333333
2024-01-18,0,10.28291666666667
2024-01-19,418.636,10.36708333333333
2024-01-20,449.34,12.9575
2024-01-21,0,10.11833333333333
2024-01-22,293.064,7.594583333333333
2024-01-23,115.566,8.694583333333332
2024-01-24,232.748,8.845416666666667
2024-01-25,130.253,17.39166666666667
2024-01-26,199.564,19.51416666666667
2024-01-27,514.255,20.05375
2024-01-28,549.727,22.02583333333333
2024-01-29,294.131,23.38875
2024-01-30,271.681,20.02333333333333
2024-01-31,0,26.0325
2024-02-01,430.814,18.85083333333333
2024-02-02,0,18.1075
2024-02-03,528,13.36291666666667
2024-02-04,0,11.185
2024-02-05,0,13.74708333333333
2024-02-06,292.713,18.255
2024-02-07,0,16.89291666666667
2024-02-08,188.954,16.5225
2024-02-09,362.467,15.63208333333333
2024-02-10,0,13.48875
2024-02-11,0,13.62833333333333
2024-02-12,0,13.25458333333333
2024-02-13,0,15.33166666666667
2024-02-14,220.52,9.06875
2024-02-15,292.845,7.6525
2024-02-16,372.533,9.79875
2024-02-17,0,12.07125
2024-02-18,0,13.27708333333333
2024-02-19,0,16.37333333333333
2024-02-20,0,12.86333333333334
2024-02-21,0,14.77
2024-02-22,0,22.671
2024-02-23,591,10.556
2024-02-24,0,14.75
2024-02-25,0,12.62875
2024-02-26,0,12.41208333333333
2024-02-27,390.02,19.67708333333333
2024-02-28,606.4,24.342
2024-02-29,0,19.12208333333333
2024-03-01,0,11.99
2024-03-02,0,9.8425
2024-03-03,0,8.082916666666666
2024-03-04,495.036,15.80166666666667
2024-03-05,288.125,16.1675
2024-03-06,601.364,19.22125
2024-03-07,0,16.27083333333333
2024-03-08,0,16.09916666666667
2024-03-09,428.688,10.56791666666667
2024-03-10,0,6.958260869565217
2024-03-11,497.459,8.267916666666666
2024-03-12,0,11.81958333333333
2024-03-13,307.47,10.71904761904762
2024-03-14,453.238,11.35416666666667
2024-03-15,0,14.06458333333333
2024-03-16,88.399,9.22
2024-03-17,209.043,10.43166666666667
2024-03-18,0,13.89875
2024-03-19,0,18.68541666666667
2024-03-20,260.733,17.70541666666667
2024-03-21,206.068,18.56916666666666
2024-03-22,0,20.8825
2024-03-23,0,23.35333333333334
2024-03-24,0,18.89416666666667
2024-03-25,0,21.70375
2024-03-26,0,25.248
2024-03-27,233.879,21.684
2024-03-28,164.951,28.952
2024-03-29,0,18.308
2024-03-30,351.304,
2024-03-31,0,
2024-04-01,0,15.75777777777778
2024-04-02,0,17.43777777777778
2024-04-03,0,29.293
2024-04-04,0,30.127
2024-04-05,0,16.84833333333333
2024-04-06,0,17.67416666666667
2024-04-07,214.664,10.07041666666667
2024-04-08,0,14.04833333333333
2024-04-09,0,15.1875
2024-04-10,0,20.57
2024-04-11,323.347,23.53208333333333
2024-04-12,172.631,19.77625
2024-04-13,0,28.02666666666667
2024-04-14,291.172,21.13083333333333
2024-04-15,0,19.99583333333333
2024-04-16,391.144,25.24916666666667
2024-04-17,0,13.23
2024-04-18,223,19.265
2024-04-19,0,12.62083333333333
2024-04-20,191.264,23.51916666666667
2024-04-21,0,8.68125
2024-04-22,0,13.30125
2024-04-23,288.015,22.84833333333333
2024-04-24,154.78,15.9375
2024-04-25,0,18.42958333333333
2024-04-26,205.19,17.46791666666667
2024-04-27,0,18.31458333333333
2024-04-28,526.411,10.95041666666667
2024-04-29,260.846,13.1325
2024-04-30,0,18.42875
2024-05-01,171.228,14.24041666666667
2024-05-02,0,15.32458333333333
2024-05-03,0,10.28333333333333
2024-05-04,0,11.95458333333333
2024-05-05,0,11.03958333333333
2024-05-06,0,15.36166666666667
2024-05-07,0,16.85125
2024-05-08,0,13.61291666666667
2024-05-09,0,26.31277777777778
2024-05-10,286.033,12.17708333333333
2024-05-11,315.139,15.59375
2024-05-12,234.654,14.40166666666667
2024-05-13,0,19.75125
2024-05-14,0,23.21904761904762
2024-05-15,0,20.44083333333333
2024-05-16,251.005,12.40208333333334
2024-05-17,345.664,18.20434782608696
2024-05-18,313.442,11.84166666666667
2024-05-19,0,7.423333333333333
2024-05-20,451.043,8.581249999999999
2024-05-21,314.244,7.300833333333333
2024-05-22,0,18.3775
2024-05-23,0,13.28333333333333
2024-05-24,373.471,13.65041666666667
2024-05-25,307.174,12.33458333333333
2024-05-26,0,12.52958333333333
2024-05-27,329.871,12.07916666666667
2024-05-28,0,16.0325
2024-05-29,0,21.40291666666667
2024-05-30,198.469,14.24291666666667
2024-05-31,0,8.097083333333334
2024-06-01,275.977,8.24375
2024-06-02,137.662,7.997916666666666
2024-06-03,244.053,6.898333333333333
2024-06-04,0,7.954583333333333
2024-06-05,0,14.13541666666667
2024-06-06,0,14.93
2024-06-07,0,15.94086956521739
2024-06-08,581,13.51833333333333
2024-06-09,270.041,12.39166666666667
2024-06-10,0,11.91
2024-06-11,366.697,13.44791666666667
2024-06-12,0,13.81958333333333
2024-06-13,378.573,15.28958333333333
2024-06-14,0,11.95166666666667
2024-06-15,0,12.12416666666667
2024-06-16,349.666,7.377916666666667
2024-06-17,0,9.22375
2024-06-18,0,16.59958333333333
2024-06-19,0,22.34647058823529
2024-06-20,407.942,20.04916666666667
2024-06-21,0,14.24083333333333
2024-06-22,0,18.47541666666667
2024-06-23,218.226,14.34166666666667
2024-06-24,105.409,8.193333333333333
2024-06-25,0,11.64111111111111
2024-06-26,0,14.60833333333333
2024-06-27,0,17.9175
2024-06-28,373.448,16.675
2024-06-29,270.164,17.28833333333333
2024-06-30,0,13.06625
2024-07-01,151.032,11.78625
2024-07-02,0,7.917083333333334
2024-07-03,0,13.35208333333333
2024-07-04,0,12.09541666666667
2024-07-05,0,13.03375
2024-07-06,0,9.695
2024-07-07,0,6.2425
2024-07-08,269.021,6.728750000000001
2024-07-09,0,10.08625
2024-07-10,357.516,11.72833333333333
2024-07-11,271.432,12.86208333333333
2024-07-12,299.724,11.78791666666667
2024-07-13,0,6.589166666666667
2024-07-14,234.8,5.155416666666667
2024-07-15,330.019,5.983750000000001
2024-07-16,53.432,7.029583333333334
2024-07-17,263.245,6.494583333333334
2024-07-18,481.001,6.600416666666667
2024-07-19,359.699,7.142499999999999
2024-07-20,230.578,6.552083333333333
2024-07-21,0,6.350833333333333
2024-07-22,245.425,6.302499999999999
2024-07-23,0,6.747916666666666
2024-07-24,179.491,8.917083333333332
2024-07-25,342.8,13.77875
2024-07-26,0,13.19833333333333
2024-07-27,261.313,9.7175
2024-07-28,330.3,7.49875
2024-07-29,280.42,8.137083333333333
2024-07-30,164.216,7.452916666666667
2024-07-31,0,7.453749999999999
2024-08-01,308.462,9.398333333333333
2024-08-02,142.325,15.86541666666667
2024-08-03,192.731,19.83541666666667
2024-08-04,242.35,16.73916666666667
2024-08-05,324.507,17.23666666666667
2024-08-06,0,14.9875
2024-08-07,0,16.85958333333333
2024-08-08,114.38,19.4075
2024-08-09,0,14.345
2024-08-10,0,
2024-08-11,328.807,
2024-08-12,0,7.950714285714286
2024-08-13,406.258,10.46095238095238
2024-08-14,165.429,11.66416666666667
2024-08-15,412.965,8.159166666666666
2024-08-16,318.967,7.425
2024-08-17,275.09,9.25125
2024-08-18,373.506,8.831666666666667
2024-08-19,75.696,8.31375
2024-08-20,446.272,8.569583333333332
2024-08-21,307.776,12.00458333333333
2024-08-22,330,15.74333333333333
2024-08-23,434.007,10.76
2024-08-24,0,11.93041666666667
2024-08-25,304.892,13.04166666666667
2024-08-26,258.642,11.28782608695652
2024-08-27,385.32,9.461666666666666
2024-08-28,165.859,10.25416666666667
2024-08-29,272.033,13.40833333333333
2024-08-30,190.9,15.36666666666667
2024-08-31,56.344,18.61875
2024-09-01,384.897,20.96375
2024-09-02,261.397,22.89916666666667
2024-09-03,0,19.09666666666667
2024-09-04,543.933,21.46739130434782
2024-09-05,0,14.78916666666667
2024-09-06,211.564,15.82125
2024-09-07,161.636,17.415625
2024-09-08,269.994,14.6
2024-09-09,0,11.61958333333333
2024-09-10,97.531,12.75681818181818
2024-09-11,204.321,16.90875
2024-09-12,67.403,13.90125
2024-09-13,259.802,15.94083333333333
2024-09-14,165.124,11.01166666666666
2024-09-15,158.528,10.62375
2024-09-16,0,10.09583333333333
2024-09-17,141.323,11.84583333333333
2024-09-18,187.462,12.85958333333333
2024-09-19,480.278,12.08583333333333
2024-09-20,447,21.94125
2024-09-21,0,23.26
2024-09-22,0,23.2325
2024-09-23,333.098,9.526666666666667
2024-09-24,102.901,
2024-09-25,0,25.085
2024-09-26,213.053,22.9375
2024-09-27,0,21.54416666666667
2024-09-28,0,18.90875
2024-09-29,364.943,17.7625
2024-09-30,0,17.07421052631579
2024-10-01,444.336,24.33826086956521
2024-10-02,576.869,25.36086956521739
2024-10-03,0,20.30916666666667
2024-10-04,0,14.9825
2024-10-05,493.658,13.20291666666667
2024-10-06,465.71,17.04166666666667
2024-10-07,0,18.0725
2024-10-08,0,18.88291666666667
2024-10-09,571.6,20.06913043478261
2024-10-10,0,17.07958333333333
2024-10-11,394.882,16.62125
2024-10-12,277.246,11.24416666666667
2024-10-13,277.558,5.6325
2024-10-14,0,7.440416666666667
2024-10-15,490.727,10.02083333333333
2024-10-16,133.4,17.96875
2024-10-17,184.14,13.78375
2024-10-18,130.847,17.79791666666667
2024-10-19,208.181,19.75055555555555
2024-10-20,529.676,21.52041666666667
2024-10-21,430.229,22.4225
2024-10-22,346.111,21.66916666666667
2024-10-23,402.431,24.29583333333333
2024-10-24,185.287,21.31833333333333
2024-10-25,358.102,19.93125
2024-10-26,90.581,17.36166666666667
2024-10-27,0,17.71333333333333
2024-10-28,0,14.16583333333333
2024-10-29,538.176,14.40875
2024-10-30,341.76,15.6475
2024-10-31,0,23.40458333333333
2024-11-01,376.558,14.51958333333333
2024-11-02,0,17.13041666666667
2024-11-03,0,10.95333333333333
2024-11-04,0,10.6195
2024-11-05,120.073,14.66708333333333
2024-11-06,280.147,20.7625
2024-11-07,571.51,25.515
2024-11-08,0,24.10913043478261
2024-11-09,630.402,23.53208333333333
2024-11-10,0,24.33375
2024-11-11,197.201,31.46565217391305
2024-11-12,310.02,42.65541666666667
2024-11-13,0,33.51125
2024-11-14,0,35.3375
2024-11-15,426.738,33.76739130434783
2024-11-16,0,27.07772727272727
2024-11-17,0,11.40695652173913
2024-11-18,0,10.68272727272727
2024-11-19,410.399,26.81695652173913
2024-11-20,489.02,23.38125
2024-11-21,0,15.67166666666667
2024-11-22,431.542,25.69913043478261
2024-11-23,315.395,25.78833333333333
2024-11-24,450.617,16.46458333333333
2024-11-25,218.639,18.73666666666667
2024-11-26,368.898,20.48583333333334
2024-11-27,290.142,17.9275
2024-11-28,483.669,21.66458333333334
