Fecha,Cotocollao_x,Cotocollao_y
2018-01-01,0.0,13.51
2018-01-02,0.0,20.92363636363636
2018-01-03,0.0,20.39571428571428
2018-01-04,256.693,21.20916666666666
2018-01-05,360.572,18.14714285714286
2018-01-06,0.0,20.59791666666667
2018-01-07,211.765,11.06583333333333
2018-01-08,478.543,19.8
2018-01-09,0.0,19.87761904761905
2018-01-10,0.0,19.42380952380952
2018-01-11,275.735,18.61454545454545
2018-01-12,541.523,24.62
2018-01-13,0.0,16.11625
2018-01-14,478.72,7.089583333333334
2018-01-15,0.0,11.89875
2018-01-16,0.0,18.17666666666667
2018-01-17,0.0,10.26416666666667
2018-01-18,594.0,14.45875
2018-01-19,0.0,14.24375
2018-01-20,0.0,11.08375
2018-01-21,0.0,7.116666666666667
2018-01-22,384.333,11.43291666666667
2018-01-23,0.0,14.40086956521739
2018-01-24,202.721,11.59136363636364
2018-01-25,386.212,14.58
2018-01-26,0.0,16.05090909090909
2018-01-27,534.948,13.16625
2018-01-28,326.155,12.8375
2018-01-29,205.536,17.40190476190476
2018-01-30,304.577,21.54041666666667
2018-01-31,286.208,19.76045454545455
2018-02-01,399.884,21.01375
2018-02-02,0.0,22.09176470588235
2018-02-03,545.594,
2018-02-04,0.0,
2018-02-05,405.742,3.914615384615385
2018-02-06,0.0,11.28
2018-02-07,345.851,10.17166666666667
2018-02-08,366.78,10.97
2018-02-09,406.849,13.75166666666667
2018-02-10,650.277,12.91083333333333
2018-02-11,0.0,17.53166666666667
2018-02-12,527.8,23.35
2018-02-13,531.085,20.12416666666667
2018-02-14,546.865,15.17666666666667
2018-02-15,0.0,12.75208333333333
2018-02-16,0.0,15.19208333333333
2018-02-17,0.0,15.72541666666667
2018-02-18,0.0,12.32833333333333
2018-02-19,0.0,9.475
2018-02-20,0.0,10.46458333333333
2018-02-21,376.214,12.175
2018-02-22,0.0,9.930416666666668
2018-02-23,555.958,8.940833333333334
2018-02-24,0.0,7.864166666666667
2018-02-25,0.0,9.320416666666667
2018-02-26,0.0,12.73916666666667
2018-02-27,0.0,12.06916666666667
2018-02-28,0.0,12.09375
2018-03-01,417.549,17.22333333333333
2018-03-02,0.0,17.54
2018-03-03,0.0,12.4725
2018-03-04,0.0,12.43666666666667
2018-03-05,0.0,14.40666666666667
2018-03-06,0.0,20.315
2018-03-07,0.0,17.26416666666667
2018-03-08,0.0,13.65583333333333
2018-03-09,0.0,14.04833333333333
2018-03-10,276.858,12.36791666666667
2018-03-11,483.432,9.446666666666667
2018-03-12,323.538,14.54916666666667
2018-03-13,0.0,20.94666666666667
2018-03-14,299.472,23.90869565217391
2018-03-15,0.0,26.135
2018-03-16,0.0,19.76291666666667
2018-03-17,0.0,18.99833333333333
2018-03-18,520.642,14.24916666666667
2018-03-19,0.0,16.25583333333333
2018-03-20,508.199,21.42565217391304
2018-03-21,334.926,18.9375
2018-03-22,0.0,17.91125
2018-03-23,0.0,24.3525
2018-03-24,0.0,17.34291666666667
2018-03-25,249.072,13.30291666666667
2018-03-26,598.99,19.45333333333333
2018-03-27,494.79,21.28375
2018-03-28,531.449,16.91625
2018-03-29,0.0,15.86125
2018-03-30,0.0,12.4
2018-03-31,0.0,6.894166666666667
2018-04-01,0.0,8.27
2018-04-02,0.0,9.719166666666666
2018-04-03,0.0,17.03
2018-04-04,0.0,13.3
2018-04-05,0.0,13.61583333333333
2018-04-06,0.0,13.36291666666667
2018-04-07,0.0,17.3975
2018-04-08,264.082,12.73791666666667
2018-04-09,0.0,16.25041666666667
2018-04-10,0.0,13.0125
2018-04-11,0.0,20.39333333333333
2018-04-12,133.29,17.64625
2018-04-13,0.0,18.77083333333333
2018-04-14,533.064,19.93416666666667
2018-04-15,347.908,12.84166666666667
2018-04-16,0.0,16.81
2018-04-17,371.412,14.75583333333333
2018-04-18,0.0,17.08291666666667
2018-04-19,358.229,14.28555555555555
2018-04-20,294.078,11.76208333333333
2018-04-21,276.858,13.53458333333333
2018-04-22,234.211,13.23208333333333
2018-04-23,0.0,13.87458333333333
2018-04-24,437.54,21.14125
2018-04-25,0.0,17.09916666666667
2018-04-26,0.0,21.73541666666667
2018-04-27,0.0,22.70695652173913
2018-04-28,0.0,13.72958333333333
2018-04-29,0.0,17.425
2018-04-30,0.0,14.80541666666667
2018-05-01,0.0,15.51291666666667
2018-05-02,0.0,16.21875
2018-05-03,474.702,16.28791666666667
2018-05-04,353.734,14.41208333333333
2018-05-05,410.578,13.895
2018-05-06,441.0,14.83375
2018-05-07,0.0,12.50714285714286
2018-05-08,0.0,14.61583333333333
2018-05-09,0.0,13.98434782608696
2018-05-10,440.5,19.95045454545455
2018-05-11,0.0,22.65583333333333
2018-05-12,0.0,19.24166666666667
2018-05-13,0.0,11.205
2018-05-14,0.0,13.61625
2018-05-15,313.278,16.07739130434783
2018-05-16,0.0,16.30583333333333
2018-05-17,414.505,16.46125
2018-05-18,0.0,14.79333333333333
2018-05-19,413.0,17.42166666666667
2018-05-20,0.0,15.7925
2018-05-21,525.25,11.06958333333333
2018-05-22,378.0,18.85666666666667
2018-05-23,0.0,13.73083333333333
2018-05-24,0.0,17.1075
2018-05-25,0.0,15.79291666666666
2018-05-26,0.0,14.93416666666667
2018-05-27,0.0,15.56458333333333
2018-05-28,0.0,18.23291666666667
2018-05-29,0.0,16.18347826086957
2018-05-30,405.804,20.23478260869565
2018-05-31,193.777,21.09708333333333
2018-06-01,0.0,17.71260869565217
2018-06-02,447.48,14.14583333333333
2018-06-03,0.0,11.28541666666667
2018-06-04,388.0,14.83391304347826
2018-06-05,508.132,16.002
2018-06-06,266.135,15.02434782608696
2018-06-07,93.408,16.32375
2018-06-08,156.354,13.01458333333333
2018-06-09,237.328,17.855
2018-06-10,0.0,13.83541666666667
2018-06-11,225.114,15.78875
2018-06-12,0.0,16.93695652173913
2018-06-13,169.444,17.1404347826087
2018-06-14,300.501,16.53791666666667
2018-06-15,0.0,17.68375
2018-06-16,325.384,12.14333333333333
2018-06-17,347.834,7.397916666666666
2018-06-18,339.247,7.65125
2018-06-19,350.0,10.8325
2018-06-20,360.065,13.50291666666667
2018-06-21,244.794,10.57125
2018-06-22,136.347,15.06416666666667
2018-06-23,0.0,18.16416666666667
2018-06-24,369.871,14.22416666666667
2018-06-25,344.681,15.97086956521739
2018-06-26,0.0,23.63
2018-06-27,0.0,15.97466666666667
2018-06-28,0.0,17.77083333333333
2018-06-29,0.0,17.68958333333333
2018-06-30,471.09,16.59083333333333
2018-07-01,337.448,10.88916666666667
2018-07-02,153.828,17.14956521739131
2018-07-03,125.857,18.07125
2018-07-04,337.926,12.53083333333333
2018-07-05,0.0,11.63041666666667
2018-07-06,563.323,13.46166666666667
2018-07-07,0.0,13.18208333333333
2018-07-08,175.554,10.72291666666667
2018-07-09,289.426,9.767083333333334
2018-07-10,202.318,11.78916666666667
2018-07-11,291.728,14.13791666666667
2018-07-12,180.212,10.10125
2018-07-13,351.973,9.35
2018-07-14,0.0,9.237916666666667
2018-07-15,191.466,7.505833333333334
2018-07-16,64.308,10.61
2018-07-17,241.917,11.39625
2018-07-18,411.5,14.51583333333333
2018-07-19,236.444,13.66208333333333
2018-07-20,0.0,17.80375
2018-07-21,0.0,16.52541666666667
2018-07-22,444.0,15.18333333333333
2018-07-23,304.916,16.92916666666667
2018-07-24,210.836,13.52791666666667
2018-07-25,0.0,15.40958333333333
2018-07-26,217.126,18.76791666666667
2018-07-27,0.0,16.92333333333333
2018-07-28,161.972,14.51833333333333
2018-07-29,0.0,18.96583333333333
2018-07-30,0.0,11.03583333333333
2018-07-31,0.0,14.04130434782609
2018-08-01,241.643,15.13
2018-08-02,168.685,17.32583333333333
2018-08-03,0.0,17.36833333333334
2018-08-04,0.0,12.455
2018-08-05,274.097,15.29208333333333
2018-08-06,620.738,10.39208333333333
2018-08-07,555.052,7.206666666666667
2018-08-08,320.807,7.515833333333333
2018-08-09,350.716,8.224166666666667
2018-08-10,364.67,6.32875
2018-08-11,285.633,7.217083333333334
2018-08-12,246.219,7.515833333333333
2018-08-13,280.529,15.93590909090909
2018-08-14,402.943,18.93125
2018-08-15,0.0,18.71958333333333
2018-08-16,186.189,11.79041666666667
2018-08-17,268.197,13.83916666666667
2018-08-18,120.332,15.545
2018-08-19,220.51,10.03041666666667
2018-08-20,197.991,9.426666666666668
2018-08-21,225.557,7.553333333333334
2018-08-22,0.0,11.07458333333333
2018-08-23,391.351,15.15416666666667
2018-08-24,118.28,13.83458333333333
2018-08-25,154.644,14.49333333333333
2018-08-26,284.32,7.78875
2018-08-27,339.73,13.77833333333333
2018-08-28,190.419,14.24291666666667
2018-08-29,196.586,11.72958333333333
2018-08-30,174.983,18.44458333333333
2018-08-31,0.0,23.9775
2018-09-01,213.782,17.01833333333333
2018-09-02,0.0,20.18545454545454
2018-09-03,214.662,13.99291666666667
2018-09-04,434.708,7.5035
2018-09-05,438.413,17.63583333333333
2018-09-06,196.433,23.44454545454545
2018-09-07,0.0,29.24416666666667
2018-09-08,289.461,18.75916666666667
2018-09-09,394.95,8.303333333333333
2018-09-10,230.002,13.67583333333334
2018-09-11,0.0,25.36291666666667
2018-09-12,0.0,25.30090909090909
2018-09-13,392.0,22.97416666666667
2018-09-14,0.0,18.34083333333333
2018-09-15,0.0,18.42
2018-09-16,0.0,13.33625
2018-09-17,254.85,18.30208333333333
2018-09-18,210.544,20.59666666666667
2018-09-19,283.436,19.833
2018-09-20,142.026,10.17
2018-09-21,376.181,11.77230769230769
2018-09-22,285.586,
2018-09-23,0.0,14.53958333333333
2018-09-24,480.338,13.19166666666667
2018-09-25,381.071,14.73208333333333
2018-09-26,479.133,17.63833333333333
2018-09-27,550.373,19.78833333333333
2018-09-28,171.234,23.43208333333333
2018-09-29,292.078,19.90125
2018-09-30,0.0,21.055
2018-10-01,538.261,24.15095238095238
2018-10-02,519.519,22.761
2018-10-03,384.411,29.20208333333333
2018-10-04,441.0,27.03708333333333
2018-10-05,252.126,26.01833333333333
2018-10-06,0.0,28.31086956521739
2018-10-07,0.0,32.61333333333334
2018-10-08,0.0,16.44458333333333
2018-10-09,0.0,18.9325
2018-10-10,0.0,16.77583333333333
2018-10-11,0.0,19.71791666666667
2018-10-12,365.024,21.28625
2018-10-13,232.114,22.18958333333333
2018-10-14,402.109,16.02583333333333
2018-10-15,461.747,28.49227272727273
2018-10-16,325.699,23.8304347826087
2018-10-17,409.465,28.89761904761905
2018-10-18,0.0,30.24625
2018-10-19,274.192,30.20125
2018-10-20,0.0,19.94833333333333
2018-10-21,472.118,17.24208333333333
2018-10-22,396.167,21.14478260869565
2018-10-23,0.0,19.33058823529412
2018-10-24,279.38,23.08625
2018-10-25,0.0,25.94181818181818
2018-10-26,501.354,22.17636363636364
2018-10-27,0.0,21.2925
2018-10-28,280.125,21.90833333333333
2018-10-29,0.0,21.16090909090909
2018-10-30,233.639,21.44916666666667
2018-10-31,497.004,22.21818181818182
2018-11-01,0.0,18.87791666666667
2018-11-02,411.776,14.63
2018-11-03,0.0,13.74125
2018-11-04,0.0,8.935416666666667
2018-11-05,0.0,17.80833333333333
2018-11-06,281.218,20.97619047619047
2018-11-07,326.09,18.66590909090909
2018-11-08,0.0,16.6075
2018-11-09,0.0,13.72041666666667
2018-11-10,0.0,15.58125
2018-11-11,520.372,14.4475
2018-11-12,0.0,15.63708333333333
2018-11-13,553.334,18.27708333333333
2018-11-14,543.227,17.99166666666667
2018-11-15,579.0,17.3525
2018-11-16,0.0,16.25375
2018-11-17,0.0,24.85291666666667
2018-11-18,478.604,16.2775
2018-11-19,0.0,17.34875
2018-11-20,0.0,22.11
2018-11-21,0.0,24.49333333333334
2018-11-22,425.716,17.22826086956522
2018-11-23,400.309,17.90363636363636
2018-11-24,0.0,28.955
2018-11-25,524.399,
2018-11-26,0.0,6.0475
2018-11-27,0.0,16.97476190476191
2018-11-28,377.424,14.46619047619048
2018-11-29,0.0,17.36666666666667
2018-11-30,0.0,15.70333333333333
2018-12-01,240.041,13.89428571428572
2018-12-02,418.0,14.19291666666667
2018-12-03,0.0,19.10958333333333
2018-12-04,0.0,21.03304347826087
2018-12-05,0.0,19.66541666666667
2018-12-06,307.819,21.79666666666667
2018-12-07,0.0,18.96166666666667
2018-12-08,0.0,17.34458333333333
2018-12-09,309.16,14.33333333333333
2018-12-10,504.288,15.14826086956522
2018-12-11,0.0,15.92791666666667
2018-12-12,0.0,14.50869565217391
2018-12-13,0.0,11.67727272727273
2018-12-14,0.0,16.04045454545454
2018-12-15,313.34,17.0625
2018-12-16,328.207,14.45958333333333
2018-12-17,525.656,18.09583333333333
2018-12-18,0.0,20.24958333333333
2018-12-19,0.0,17.04478260869565
2018-12-20,0.0,18.21166666666667
2018-12-21,0.0,18.37416666666667
2018-12-22,0.0,16.78208333333333
2018-12-23,189.594,13.4775
2018-12-24,459.153,17.35291666666667
2018-12-25,369.224,10.99416666666667
2018-12-26,225.46,12.54583333333333
2018-12-27,0.0,11.33583333333333
2018-12-28,0.0,12.92791666666667
2018-12-29,344.626,11.48375
2018-12-30,360.865,10.74583333333333
2018-12-31,0.0,11.74791666666667
2019-01-01,297.518,6.953181818181818
2019-01-02,194.992,10.84916666666667
2019-01-03,387.049,10.47
2019-01-04,0.0,11.69666666666667
2019-01-05,307.092,17.2575
2019-01-06,0.0,18.09217391304348
2019-01-07,0.0,18.74739130434783
2019-01-08,0.0,20.67625
2019-01-09,0.0,17.20181818181818
2019-01-10,0.0,15.75416666666667
2019-01-11,0.0,17.86291666666667
2019-01-12,390.768,16.10173913043478
2019-01-13,0.0,16.16791666666667
2019-01-14,451.687,16.97545454545454
2019-01-15,0.0,21.155
2019-01-16,0.0,18.65809523809524
2019-01-17,0.0,23.70333333333333
2019-01-18,412.052,17.61590909090909
2019-01-19,0.0,19.9545
2019-01-20,0.0,15.42409090909091
2019-01-21,385.274,15.55
2019-01-22,0.0,16.465
2019-01-23,327.283,15.26434782608696
2019-01-24,229.719,14.40291666666667
2019-01-25,252.538,18.88285714285714
2019-01-26,217.141,16.2625
2019-01-27,305.631,15.31583333333333
2019-01-28,0.0,9.87875
2019-01-29,0.0,15.63791666666667
2019-01-30,0.0,18.38041666666667
2019-01-31,0.0,15.04739130434782
2019-02-01,0.0,18.13416666666667
2019-02-02,0.0,15.62541666666667
2019-02-03,0.0,18.16739130434783
2019-02-04,0.0,19.15916666666667
2019-02-05,0.0,20.16782608695652
2019-02-06,0.0,26.42863636363636
2019-02-07,0.0,18.67545454545455
2019-02-08,369.908,17.11136363636363
2019-02-09,0.0,16.333
2019-02-10,582.677,15.72086956521739
2019-02-11,0.0,15.75260869565217
2019-02-12,468.124,20.09391304347826
2019-02-13,0.0,15.50913043478261
2019-02-14,0.0,23.97666666666667
2019-02-15,468.683,26.84153846153846
2019-02-16,403.739,26.65545454545454
2019-02-17,279.761,22.4485
2019-02-18,0.0,17.717
2019-02-19,0.0,19.69347826086956
2019-02-20,0.0,21.05545454545455
2019-02-21,0.0,23.06285714285714
2019-02-22,0.0,21.398
2019-02-23,0.0,20.28714285714286
2019-02-24,0.0,13.57958333333333
2019-02-25,0.0,15.43952380952381
2019-02-26,392.403,14.47565217391304
2019-02-27,378.0,14.87791666666667
2019-02-28,0.0,16.10173913043478
2019-03-01,644.667,19.18541666666667
2019-03-02,0.0,24.21347826086956
2019-03-03,545.088,20.425
2019-03-04,0.0,16.18363636363636
2019-03-05,0.0,24.6095652173913
2019-03-06,0.0,22.89391304347826
2019-03-07,0.0,22.1335
2019-03-08,284.082,16.85904761904762
2019-03-09,0.0,15.9625
2019-03-10,556.114,12.05916666666667
2019-03-11,0.0,19.95208333333333
2019-03-12,0.0,18.15695652173913
2019-03-13,0.0,24.35565217391304
2019-03-14,0.0,18.80714285714286
2019-03-15,0.0,14.93041666666667
2019-03-16,234.968,20.53782608695652
2019-03-17,370.954,20.91375
2019-03-18,0.0,24.53913043478261
2019-03-19,0.0,16.51291666666667
2019-03-20,0.0,16.13045454545454
2019-03-21,344.799,12.5325
2019-03-22,0.0,21.05727272727273
2019-03-23,351.986,19.70545454545454
2019-03-24,546.103,21.69083333333333
2019-03-25,0.0,22.66083333333333
2019-03-26,534.0,21.24652173913044
2019-03-27,0.0,23.52260869565217
2019-03-28,566.496,17.73227272727273
2019-03-29,0.0,19.91
2019-03-30,0.0,22.02904761904762
2019-03-31,0.0,20.18869565217392
2019-04-01,0.0,15.27458333333333
2019-04-02,466.833,16.84375
2019-04-03,0.0,12.46875
2019-04-04,0.0,10.26666666666667
2019-04-05,0.0,17.91869565217391
2019-04-06,0.0,17.48956521739131
2019-04-07,0.0,21.66125
2019-04-08,420.386,20.576
2019-04-09,268.76,22.80217391304348
2019-04-10,0.0,14.69666666666667
2019-04-11,422.547,20.01333333333333
2019-04-12,0.0,19.19681818181818
2019-04-13,0.0,12.90833333333333
2019-04-14,441.312,16.27625
2019-04-15,0.0,17.39416666666667
2019-04-16,348.412,20.08434782608696
2019-04-17,0.0,15.87565217391304
2019-04-18,0.0,17.51173913043478
2019-04-19,0.0,9.837083333333334
2019-04-20,0.0,11.29083333333333
2019-04-21,0.0,7.42875
2019-04-22,504.271,16.32173913043478
2019-04-23,0.0,19.26083333333333
2019-04-24,0.0,14.95333333333333
2019-04-25,0.0,17.13772727272728
2019-04-26,0.0,16.17458333333333
2019-04-27,345.506,18.25166666666667
2019-04-28,0.0,12.3625
2019-04-29,0.0,18.65333333333333
2019-04-30,430.0,12.77590909090909
2019-05-01,152.953,16.22916666666667
2019-05-02,0.0,19.24458333333333
2019-05-03,0.0,15.96333333333333
2019-05-04,0.0,14.08916666666667
2019-05-05,0.0,10.60666666666667
2019-05-06,253.322,14.03958333333333
2019-05-07,0.0,16.91904761904762
2019-05-08,0.0,14.11222222222222
2019-05-09,0.0,16.8925
2019-05-10,0.0,14.13208333333333
2019-05-11,163.0,19.79391304347826
2019-05-12,0.0,16.10916666666667
2019-05-13,0.0,22.46565217391305
2019-05-14,0.0,20.81863636363636
2019-05-15,0.0,17.48833333333333
2019-05-16,413.346,19.98625
2019-05-17,0.0,16.90136363636364
2019-05-18,0.0,11.48375
2019-05-19,0.0,10.83666666666667
2019-05-20,0.0,20.70333333333333
2019-05-21,0.0,13.56
2019-05-22,334.303,12.042
2019-05-23,0.0,14.72782608695652
2019-05-24,224.202,14.28791666666667
2019-05-25,0.0,12.40625
2019-05-26,0.0,10.94541666666667
2019-05-27,411.295,17.4075
2019-05-28,0.0,17.35333333333333
2019-05-29,561.433,14.84541666666667
2019-05-30,0.0,16.86166666666667
2019-05-31,0.0,12.0795652173913
2019-06-01,482.623,12.65625
2019-06-02,0.0,11.73833333333333
2019-06-03,431.62,15.57708333333333
2019-06-04,239.831,11.92583333333334
2019-06-05,0.0,12.83958333333334
2019-06-06,0.0,14.79541666666667
2019-06-07,0.0,19.18041666666667
2019-06-08,330.0,19.37416666666667
2019-06-09,344.258,14.925
2019-06-10,0.0,14.16333333333333
2019-06-11,480.5,18.49958333333333
2019-06-12,0.0,18.16791666666667
2019-06-13,0.0,16.97809523809524
2019-06-14,0.0,19.70304347826087
2019-06-15,0.0,20.00041666666667
2019-06-16,374.0,13.32666666666667
2019-06-17,266.734,9.761666666666667
2019-06-18,250.423,7.8975
2019-06-19,324.052,9.729166666666666
2019-06-20,419.912,9.844583333333334
2019-06-21,0.0,8.23625
2019-06-22,0.0,8.4975
2019-06-23,443.0,7.739999999999999
2019-06-24,0.0,16.24458333333333
2019-06-25,257.922,15.79083333333333
2019-06-26,184.804,16.57391304347826
2019-06-27,204.083,16.37782608695652
2019-06-28,239.056,11.47041666666667
2019-06-29,0.0,13.19791666666667
2019-06-30,335.0,10.02833333333333
2019-07-01,0.0,13.92708333333333
2019-07-02,287.878,19.74086956521739
2019-07-03,324.393,18.92
2019-07-04,399.782,20.3375
2019-07-05,231.122,15.49333333333333
2019-07-06,395.778,10.12
2019-07-07,0.0,7.509583333333333
2019-07-08,0.0,12.995
2019-07-09,366.061,10.81434782608696
2019-07-10,272.667,9.805
2019-07-11,82.353,14.9875
2019-07-12,453.348,19.75
2019-07-13,452.215,18.19666666666667
2019-07-14,0.0,11.81625
2019-07-15,0.0,13.36083333333333
2019-07-16,474.842,13.23454545454546
2019-07-17,0.0,10.75
2019-07-18,297.524,9.6225
2019-07-19,189.993,9.561666666666666
2019-07-20,326.119,7.737083333333334
2019-07-21,0.0,8.748333333333333
2019-07-22,0.0,12.97125
2019-07-23,0.0,12.972
2019-07-24,0.0,12.21583333333333
2019-07-25,0.0,18.94708333333334
2019-07-26,0.0,11.82
2019-07-27,0.0,10.74208333333333
2019-07-28,0.0,8.31875
2019-07-29,159.338,12.19041666666667
2019-07-30,133.992,12.12791666666667
2019-07-31,0.0,7.492916666666667
2019-08-01,206.531,13.18333333333333
2019-08-02,0.0,21.18458333333333
2019-08-03,326.773,11.50958333333333
2019-08-04,0.0,7.840833333333333
2019-08-05,281.925,12.63875
2019-08-06,52.604,12.49125
2019-08-07,345.888,11.20208333333333
2019-08-08,307.043,8.995
2019-08-09,0.0,8.989583333333334
2019-08-10,346.866,11.05916666666667
2019-08-11,201.218,9.044583333333334
2019-08-12,263.909,9.09375
2019-08-13,459.446,9.793333333333333
2019-08-14,520.13,20.61904761904762
2019-08-15,326.944,28.60333333333334
2019-08-16,0.0,19.61739130434783
2019-08-17,0.0,20.45791666666667
2019-08-18,437.04,11.48416666666667
2019-08-19,240.343,9.699166666666667
2019-08-20,308.576,7.62
2019-08-21,326.994,9.30125
2019-08-22,306.161,10.66166666666667
2019-08-23,0.0,7.682083333333334
2019-08-24,296.44,8.110833333333334
2019-08-25,0.0,9.674347826086956
2019-08-26,299.908,9.214166666666667
2019-08-27,340.387,10.26863636363636
2019-08-28,234.147,15.25727272727273
2019-08-29,192.344,10.2725
2019-08-30,259.836,16.585
2019-08-31,258.109,20.39083333333333
2019-09-01,0.0,14.72
2019-09-02,200.608,21.5404347826087
2019-09-03,0.0,21.73416666666667
2019-09-04,0.0,20.8175
2019-09-05,313.0,20.37875
2019-09-06,217.667,19.35958333333333
2019-09-07,199.177,8.715833333333334
2019-09-08,167.107,9.331249999999999
2019-09-09,312.258,11.49125
2019-09-10,0.0,17.96
2019-09-11,371.194,15.44608695652174
2019-09-12,0.0,26.18238095238095
2019-09-13,298.198,12.40666666666667
2019-09-14,586.14,9.875833333333334
2019-09-15,573.0,12.19166666666667
2019-09-16,238.008,19.45833333333333
2019-09-17,0.0,19.08130434782609
2019-09-18,0.0,20.70666666666667
2019-09-19,0.0,17.69625
2019-09-20,0.0,18.69
2019-09-21,0.0,21.92625
2019-09-22,494.971,13.78208333333333
2019-09-23,0.0,13.18739130434783
2019-09-24,0.0,13.62375
2019-09-25,0.0,18.68875
2019-09-26,0.0,18.86958333333333
2019-09-27,442.788,17.99458333333333
2019-09-28,0.0,12.23791666666667
2019-09-29,295.536,11.30739130434783
2019-09-30,0.0,16.81380952380952
2019-10-01,552.0,23.87833333333333
2019-10-02,471.245,18.595
2019-10-03,0.0,16.82583333333333
2019-10-04,0.0,19.05875
2019-10-05,0.0,16.9425
2019-10-06,0.0,9.89625
2019-10-07,0.0,8.6625
2019-10-08,0.0,18.46625
2019-10-09,0.0,15.49458333333333
2019-10-10,0.0,16.51333333333333
2019-10-11,0.0,15.36375
2019-10-12,0.0,20.09958333333333
2019-10-13,0.0,15.55958333333333
2019-10-14,349.584,14.77125
2019-10-15,0.0,18.86208333333333
2019-10-16,0.0,18.00041666666667
2019-10-17,0.0,19.22291666666667
2019-10-18,496.069,17.64210526315789
2019-10-19,0.0,15.96
2019-10-20,0.0,12.82333333333333
2019-10-21,0.0,14.4475
2019-10-22,578.0,10.2475
2019-10-23,0.0,14.71894736842105
2019-10-24,0.0,21.16875
2019-10-25,505.248,21.28409090909091
2019-10-26,0.0,16.25833333333333
2019-10-27,413.896,12.04541666666667
2019-10-28,0.0,11.78333333333333
2019-10-29,340.963,14.76166666666667
2019-10-30,517.873,15.41541666666667
2019-10-31,0.0,17.32958333333334
2019-11-01,458.836,11.57541666666667
2019-11-02,402.605,8.330416666666666
2019-11-03,488.418,9.679583333333333
2019-11-04,0.0,8.254583333333334
2019-11-05,345.512,12.1275
2019-11-06,0.0,13.65833333333333
2019-11-07,422.681,16.18761904761905
2019-11-08,365.128,12.44875
2019-11-09,0.0,10.4125
2019-11-10,0.0,8.22
2019-11-11,0.0,9.420833333333333
2019-11-12,0.0,12.94083333333333
2019-11-13,0.0,9.110833333333334
2019-11-14,564.692,9.867916666666668
2019-11-15,0.0,11.097
2019-11-16,0.0,11.12166666666667
2019-11-17,453.946,7.387916666666666
2019-11-18,315.881,13.74208333333333
2019-11-19,0.0,15.54125
2019-11-20,0.0,12.44125
2019-11-21,0.0,11.4325
2019-11-22,0.0,15.36583333333333
2019-11-23,488.649,17.62541666666667
2019-11-24,384.932,17.78090909090909
2019-11-25,446.125,11.45076923076923
2019-11-26,402.709,13.01208333333333
2019-11-27,0.0,11.0275
2019-11-28,0.0,13.24041666666667
2019-11-29,0.0,17.66083333333333
2019-11-30,560.398,11.895
2019-12-01,0.0,10.81625
2019-12-02,395.816,14.825
2019-12-03,454.007,17.28375
2019-12-04,405.082,15.235
2019-12-05,523.649,16.21875
2019-12-06,0.0,12.72291666666667
2019-12-07,0.0,7.918333333333333
2019-12-08,0.0,6.685416666666666
2019-12-09,0.0,14.1875
2019-12-10,0.0,17.18625
2019-12-11,0.0,14.72857142857143
2019-12-12,0.0,12.2475
2019-12-13,0.0,19.90583333333333
2019-12-14,586.21,20.825
2019-12-15,0.0,18.47541666666667
2019-12-16,440.308,17.60208333333333
2019-12-17,586.0,15.71875
2019-12-18,334.814,15.82958333333333
2019-12-19,479.837,17.3025
2019-12-20,0.0,18.51681818181818
2019-12-21,527.081,13.58208333333334
2019-12-22,0.0,10.81764705882353
2019-12-23,357.005,
2019-12-24,0.0,13.78071428571429
2019-12-25,272.267,11.24791666666667
2019-12-26,235.958,11.125
2019-12-27,576.832,12.05541666666667
2019-12-28,529.291,14.35
2019-12-29,370.775,10.86541666666667
2019-12-30,0.0,8.729583333333332
2019-12-31,0.0,8.622083333333334
2020-01-01,0.0,5.813333333333333
2020-01-02,0.0,8.810833333333333
2020-01-03,0.0,11.18041666666667
2020-01-04,310.139,12.07375
2020-01-05,324.03,6.608333333333333
2020-01-06,308.011,8.380833333333333
2020-01-07,0.0,13.54291666666667
2020-01-08,420.78,20.38444444444444
2020-01-09,490.0,15.35875
2020-01-10,379.81,14.76458333333333
2020-01-11,333.0,10.86375
2020-01-12,274.623,7.940416666666667
2020-01-13,269.598,10.58083333333333
2020-01-14,277.464,21.54
2020-01-15,270.047,12.92428571428571
2020-01-16,477.389,11.71333333333333
2020-01-17,277.541,7.655
2020-01-18,0.0,6.689166666666666
2020-01-19,361.761,7.034583333333333
2020-01-20,0.0,9.383750000000001
2020-01-21,0.0,7.351666666666667
2020-01-22,0.0,6.661666666666666
2020-01-23,0.0,9.04375
2020-01-24,514.147,9.03875
2020-01-25,0.0,11.48708333333333
2020-01-26,527.788,10.22958333333333
2020-01-27,0.0,9.275
2020-01-28,307.382,14.16833333333333
2020-01-29,0.0,10.44083333333333
2020-01-30,0.0,16.28375
2020-01-31,0.0,19.34173913043478
2020-02-01,0.0,17.39875
2020-02-02,0.0,8.886666666666667
2020-02-03,437.37,11.67590909090909
2020-02-04,467.607,14.22875
2020-02-05,95.538,20.63
2020-02-06,294.8,18.585
2020-02-07,357.198,18.815
2020-02-08,0.0,13.89125
2020-02-09,534.406,8.38
2020-02-10,0.0,16.46333333333333
2020-02-11,346.74,17.44181818181818
2020-02-12,350.832,18.37181818181818
2020-02-13,329.303,18.84708333333333
2020-02-14,283.367,19.635
2020-02-15,558.654,13.55041666666667
2020-02-16,353.005,12.14347826086957
2020-02-17,0.0,12.43173913043478
2020-02-18,371.805,10.0325
2020-02-19,0.0,15.03958333333333
2020-02-20,0.0,11.52208333333333
2020-02-21,0.0,9.575000000000001
2020-02-22,0.0,9.02125
2020-02-23,0.0,11.395
2020-02-24,0.0,9.938333333333333
2020-02-25,597.0,10.88083333333333
2020-02-26,0.0,8.832916666666668
2020-02-27,0.0,9.984583333333333
2020-02-28,0.0,12.86291666666667
2020-02-29,496.519,16.73083333333333
2020-03-01,460.723,15.21291666666667
2020-03-02,593.089,12.93565217391304
2020-03-03,353.727,16.19541666666667
2020-03-04,0.0,15.04416666666667
2020-03-05,480.0,15.67916666666667
2020-03-06,0.0,13.31125
2020-03-07,0.0,10.75916666666667
2020-03-08,0.0,11.57375
2020-03-09,476.11,19.59608695652174
2020-03-10,505.0,22.045
2020-03-11,419.689,17.21125
2020-03-12,0.0,14.74125
2020-03-13,0.0,10.50739130434783
2020-03-14,0.0,5.965
2020-03-15,0.0,6.18375
2020-03-16,0.0,5.881250000000001
2020-03-17,0.0,6.52625
2020-03-18,278.658,11.31375
2020-03-19,404.508,8.784583333333332
2020-03-20,0.0,4.21
2020-03-21,289.0,6.62375
2020-03-22,333.0,8.369583333333333
2020-03-23,498.666,13.36916666666667
2020-03-24,553.601,19.74125
2020-03-25,0.0,18.28130434782609
2020-03-26,627.653,12.99875
2020-03-27,0.0,8.533333333333333
2020-03-28,0.0,5.287500000000001
2020-03-29,0.0,8.360000000000001
2020-03-30,0.0,16.29583333333333
2020-03-31,0.0,10.74166666666667
2020-04-01,0.0,5.15375
2020-04-02,0.0,9.475833333333334
2020-04-03,305.897,8.915000000000001
2020-04-04,529.0,8.893333333333333
2020-04-05,0.0,7.454166666666667
2020-04-06,0.0,5.72125
2020-04-07,0.0,6.690833333333334
2020-04-08,0.0,8.090833333333334
2020-04-09,0.0,8.48625
2020-04-10,0.0,9.991249999999999
2020-04-11,0.0,5.364583333333333
2020-04-12,0.0,7.745416666666666
2020-04-13,0.0,4.923333333333333
2020-04-14,0.0,4.8425
2020-04-15,0.0,6.047083333333333
2020-04-16,0.0,9.391666666666667
2020-04-17,0.0,14.4175
2020-04-18,0.0,9.462083333333334
2020-04-19,372.8,7.6575
2020-04-20,290.621,10.09791666666667
2020-04-21,0.0,8.767083333333334
2020-04-22,393.305,8.518333333333333
2020-04-23,0.0,7.817916666666666
2020-04-24,575.0,8.9025
2020-04-25,0.0,6.005
2020-04-26,454.092,10.39291666666667
2020-04-27,0.0,12.08583333333333
2020-04-28,0.0,10.81666666666667
2020-04-29,459.924,12.68
2020-04-30,0.0,8.635416666666666
2020-05-01,0.0,10.25375
2020-05-02,0.0,7.531666666666666
2020-05-03,0.0,6.675
2020-05-04,0.0,8.728333333333333
2020-05-05,0.0,11.33416666666667
2020-05-06,539.612,10.2675
2020-05-07,0.0,11.3125
2020-05-08,477.319,8.422083333333333
2020-05-09,408.046,8.9025
2020-05-10,0.0,10.4025
2020-05-11,336.928,10.68541666666667
2020-05-12,0.0,8.951818181818181
2020-05-13,0.0,8.547500000000001
2020-05-14,0.0,12.63375
2020-05-15,348.893,12.0425
2020-05-16,0.0,7.329583333333333
2020-05-17,413.056,6.255416666666666
2020-05-18,0.0,8.565833333333334
2020-05-19,0.0,11.91041666666667
2020-05-20,0.0,9.591666666666667
2020-05-21,0.0,11.12208333333333
2020-05-22,0.0,12.64111111111111
2020-05-23,0.0,9.952083333333333
2020-05-24,0.0,6.947916666666667
2020-05-25,348.176,7.615833333333334
2020-05-26,320.253,4.867916666666667
2020-05-27,0.0,8.142083333333334
2020-05-28,0.0,10.71375
2020-05-29,0.0,8.450000000000001
2020-05-30,0.0,5.625416666666666
2020-05-31,415.309,5.435416666666666
2020-06-01,0.0,8.665000000000001
2020-06-02,594.0,9.2875
2020-06-03,0.0,11.36666666666667
2020-06-04,252.282,10.8375
2020-06-05,0.0,11.45208333333333
2020-06-06,195.008,9.902083333333334
2020-06-07,248.565,12.085
2020-06-08,0.0,15.10153846153846
2020-06-09,0.0,7.5
2020-06-10,465.0,10.10875
2020-06-11,323.627,14.06083333333333
2020-06-12,0.0,11.79833333333333
2020-06-13,375.015,18.1625
2020-06-14,435.387,7.672916666666667
2020-06-15,0.0,5.235
2020-06-16,0.0,8.461666666666668
2020-06-17,0.0,13.72791666666667
2020-06-18,339.163,8.443333333333333
2020-06-19,0.0,9.052083333333334
2020-06-20,265.849,9.401666666666667
2020-06-21,331.133,7.019583333333333
2020-06-22,348.655,8.074166666666667
2020-06-23,0.0,10.90458333333333
2020-06-24,0.0,11.1875
2020-06-25,0.0,15.045
2020-06-26,0.0,9.947083333333333
2020-06-27,302.882,11.40125
2020-06-28,403.296,11.93041666666667
2020-06-29,391.706,15.5025
2020-06-30,0.0,13.18708333333333
2020-07-01,0.0,14.06125
2020-07-02,0.0,14.01958333333333
2020-07-03,0.0,11.97208333333333
2020-07-04,0.0,11.23875
2020-07-05,0.0,10.83333333333333
2020-07-06,0.0,12.26916666666667
2020-07-07,0.0,11.98
2020-07-08,0.0,15.77375
2020-07-09,420.706,13.45416666666667
2020-07-10,0.0,12.88708333333333
2020-07-11,0.0,12.55125
2020-07-12,377.942,13.3875
2020-07-13,0.0,10.3925
2020-07-14,0.0,9.674166666666666
2020-07-15,255.927,8.642916666666666
2020-07-16,168.749,5.350416666666667
2020-07-17,0.0,8.305416666666668
2020-07-18,195.048,8.43
2020-07-19,0.0,7.915
2020-07-20,597.0,10.86333333333333
2020-07-21,0.0,10.62125
2020-07-22,0.0,13.33458333333333
2020-07-23,0.0,10.52875
2020-07-24,392.025,14.00708333333333
2020-07-25,309.143,13.1175
2020-07-26,0.0,7.933333333333334
2020-07-27,371.885,11.22583333333333
2020-07-28,271.232,10.16916666666667
2020-07-29,0.0,12.60875
2020-07-30,385.914,14.23
2020-07-31,280.561,9.860833333333334
2020-08-01,331.913,7.71375
2020-08-02,0.0,7.669583333333333
2020-08-03,502.116,11.92208333333333
2020-08-04,303.98,10.19666666666667
2020-08-05,359.146,12.47041666666667
2020-08-06,306.595,15.79291666666666
2020-08-07,424.426,10.03375
2020-08-08,165.984,10.76083333333333
2020-08-09,166.226,8.231250000000001
2020-08-10,194.549,13.95833333333333
2020-08-11,0.0,16.50958333333334
2020-08-12,276.005,16.645
2020-08-13,229.245,14.415
2020-08-14,315.293,11.41333333333333
2020-08-15,0.0,18.46708333333333
2020-08-16,439.38,11.55458333333333
2020-08-17,269.125,0.168125
2020-08-18,0.0,8.50625
2020-08-19,0.0,11.13958333333333
2020-08-20,0.0,10.26375
2020-08-21,0.0,8.988333333333333
2020-08-22,0.0,13.85416666666667
2020-08-23,394.79,12.2875
2020-08-24,152.608,14.64291666666667
2020-08-25,0.0,19.13208333333333
2020-08-26,137.143,15.60708333333333
2020-08-27,0.0,16.08708333333334
2020-08-28,0.0,11.84583333333333
2020-08-29,0.0,13.01833333333333
2020-08-30,194.414,9.777916666666668
2020-08-31,243.091,15.32083333333333
2020-09-01,0.0,13.83208333333334
2020-09-02,306.888,13.60208333333333
2020-09-03,0.0,14.30333333333333
2020-09-04,345.0,14.88875
2020-09-05,0.0,8.362499999999999
2020-09-06,0.0,10.61208333333333
2020-09-07,0.0,14.41833333333333
2020-09-08,387.934,10.23958333333333
2020-09-09,0.0,15.90583333333333
2020-09-10,512.577,13.63095238095238
2020-09-11,264.251,17.2
2020-09-12,0.0,13.41583333333333
2020-09-13,329.289,9.665416666666667
2020-09-14,420.484,8.505
2020-09-15,0.0,16.71375
2020-09-16,0.0,20.05083333333333
2020-09-17,279.607,16.63333333333333
2020-09-18,489.187,15.57583333333333
2020-09-19,0.0,21.09166666666667
2020-09-20,356.995,15.845
2020-09-21,0.0,12.12
2020-09-22,359.863,9.979583333333332
2020-09-23,0.0,15.59791666666667
2020-09-24,480.629,10.49375
2020-09-25,0.0,12.25791666666667
2020-09-26,242.216,15.7525
2020-09-27,207.435,20.99291666666667
2020-09-28,0.0,13.06875
2020-09-29,321.484,14.10916666666667
2020-09-30,0.0,12.38166666666667
2020-10-01,440.406,13.37416666666667
2020-10-02,197.062,15.70869565217391
2020-10-03,0.0,19.63375
2020-10-04,0.0,16.53375
2020-10-05,0.0,9.364166666666668
2020-10-06,570.142,10.37833333333333
2020-10-07,0.0,12.62041666666667
2020-10-08,0.0,8.147083333333333
2020-10-09,356.085,9.292083333333332
2020-10-10,243.452,12.7675
2020-10-11,128.689,17.28166666666667
2020-10-12,275.861,11.46291666666667
2020-10-13,561.232,12.64291666666667
2020-10-14,0.0,17.34791666666667
2020-10-15,413.738,15.35041666666667
2020-10-16,0.0,14.08791666666667
2020-10-17,385.679,10.955
2020-10-18,0.0,12.43125
2020-10-19,285.199,11.57583333333333
2020-10-20,463.545,16.95041666666667
2020-10-21,0.0,14.91166666666667
2020-10-22,468.419,9.367083333333333
2020-10-23,0.0,11.87583333333333
2020-10-24,454.0,17.80041666666667
2020-10-25,0.0,14.03333333333333
2020-10-26,311.531,14.62208333333333
2020-10-27,0.0,14.79041666666667
2020-10-28,0.0,6.784583333333333
2020-10-29,461.987,15.415
2020-10-30,355.722,14.25916666666667
2020-10-31,0.0,17.60708333333333
2020-11-01,0.0,14.23541666666667
2020-11-02,284.064,17.59375
2020-11-03,146.965,14.03708333333333
2020-11-04,314.026,19.76
2020-11-05,425.338,27.2125
2020-11-06,0.0,29.35291666666667
2020-11-07,462.28,25.0975
2020-11-08,0.0,22.53708333333333
2020-11-09,444.292,19.65541666666667
2020-11-10,492.079,26.61625
2020-11-11,335.624,22.85291666666667
2020-11-12,318.999,28.39625
2020-11-13,291.907,30.56375
2020-11-14,541.17,35.18791666666667
2020-11-15,0.0,26.39708333333333
2020-11-16,0.0,30.38173913043478
2020-11-17,0.0,27.78125
2020-11-18,525.777,23.88041666666667
2020-11-19,498.275,23.88083333333333
2020-11-20,0.0,14.47333333333333
2020-11-21,399.329,11.9475
2020-11-22,0.0,19.45708333333333
2020-11-23,0.0,16.93458333333333
2020-11-24,0.0,13.85583333333333
2020-11-25,536.157,14.48958333333333
2020-11-26,503.324,11.15458333333333
2020-11-27,0.0,19.21708333333333
2020-11-28,0.0,19.15166666666667
2020-11-29,381.695,15.54916666666667
2020-11-30,581.724,13.44666666666667
2020-12-01,0.0,13.28666666666667
2020-12-02,0.0,10.43166666666667
2020-12-03,0.0,15.13375
2020-12-04,450.781,8.9575
2020-12-05,0.0,14.28708333333333
2020-12-06,466.007,11.52083333333333
2020-12-07,367.57,11.24041666666667
2020-12-08,0.0,13.80875
2020-12-09,0.0,14.0125
2020-12-10,0.0,12.21583333333333
2020-12-11,445.272,13.51416666666667
2020-12-12,0.0,19.19666666666667
2020-12-13,0.0,12.92
2020-12-14,0.0,12.24333333333333
2020-12-15,502.739,12.99708333333333
2020-12-16,419.937,14.92083333333333
2020-12-17,0.0,14.09666666666667
2020-12-18,0.0,13.29916666666667
2020-12-19,0.0,11.78541666666667
2020-12-20,338.756,6.184166666666667
2020-12-21,417.402,11.5375
2020-12-22,0.0,15.91833333333333
2020-12-23,0.0,13.56333333333333
2020-12-24,0.0,9.170416666666666
2020-12-25,0.0,7.646249999999999
2020-12-26,0.0,8.855416666666667
2020-12-27,310.6,9.445
2020-12-28,548.0,6.376666666666666
2020-12-29,0.0,10.2625
2020-12-30,0.0,8.763333333333334
2020-12-31,0.0,13.00130434782609
2021-01-01,0.0,9.409375
2021-01-02,0.0,6.150416666666668
2021-01-03,0.0,6.875
2021-01-04,0.0,5.701666666666667
2021-01-05,0.0,6.740833333333334
2021-01-06,383.0,10.22583333333333
2021-01-07,368.492,10.7404347826087
2021-01-08,0.0,12.60541666666666
2021-01-09,0.0,12.43916666666667
2021-01-10,422.4,8.454583333333334
2021-01-11,0.0,11.42041666666667
2021-01-12,0.0,13.70958333333333
2021-01-13,0.0,14.2375
2021-01-14,588.0,15.96375
2021-01-15,482.462,10.0275
2021-01-16,0.0,10.1375
2021-01-17,445.69,8.215416666666666
2021-01-18,0.0,9.31125
2021-01-19,440.752,14.86916666666667
2021-01-20,0.0,11.50291666666667
2021-01-21,375.976,13.18458333333333
2021-01-22,0.0,9.9215
2021-01-23,0.0,11.40333333333333
2021-01-24,0.0,9.51625
2021-01-25,0.0,14.16875
2021-01-26,0.0,10.57875
2021-01-27,0.0,10.92083333333333
2021-01-28,395.776,10.92333333333333
2021-01-29,477.5,10.09541666666667
2021-01-30,436.81,11.72125
2021-01-31,329.296,11.7475
2021-02-01,330.641,11.62375
2021-02-02,416.662,13.71916666666667
2021-02-03,0.0,11.98083333333333
2021-02-04,0.0,17.21875
2021-02-05,0.0,11.92541666666667
2021-02-06,488.312,17.89333333333333
2021-02-07,351.656,11.06541666666667
2021-02-08,0.0,10.39208333333333
2021-02-09,0.0,13.03916666666667
2021-02-10,0.0,11.00041666666667
2021-02-11,0.0,8.10875
2021-02-12,0.0,13.44458333333333
2021-02-13,556.214,11.05541666666667
2021-02-14,0.0,11.96090909090909
2021-02-15,0.0,7.753478260869565
2021-02-16,0.0,6.105416666666667
2021-02-17,0.0,7.452500000000001
2021-02-18,0.0,7.391666666666667
2021-02-19,0.0,6.530833333333334
2021-02-20,569.303,9.194583333333332
2021-02-21,560.966,5.744583333333334
2021-02-22,0.0,9.0875
2021-02-23,0.0,17.21958333333333
2021-02-24,0.0,13.17347826086957
2021-02-25,0.0,14.01
2021-02-26,0.0,11.66041666666667
2021-02-27,0.0,8.209166666666667
2021-02-28,0.0,9.150416666666667
2021-03-01,0.0,8.06375
2021-03-02,0.0,10.03083333333333
2021-03-03,0.0,10.28708333333333
2021-03-04,0.0,11.12875
2021-03-05,0.0,12.77208333333333
2021-03-06,381.744,19.19666666666667
2021-03-07,0.0,15.16416666666667
2021-03-08,0.0,10.99083333333333
2021-03-09,0.0,6.172499999999999
2021-03-10,0.0,8.164583333333333
2021-03-11,0.0,10.53791666666667
2021-03-12,0.0,11.89666666666667
2021-03-13,0.0,13.95375
2021-03-14,0.0,9.008750000000001
2021-03-15,0.0,9.99375
2021-03-16,0.0,10.81625
2021-03-17,0.0,19.07291666666667
2021-03-18,0.0,12.16416666666667
2021-03-19,0.0,16.35291666666667
2021-03-20,0.0,9.38875
2021-03-21,0.0,10.60541666666667
2021-03-22,0.0,9.687083333333334
2021-03-23,0.0,11.29208333333333
2021-03-24,392.0,18.07916666666667
2021-03-25,0.0,13.22333333333333
2021-03-26,482.56,17.53958333333333
2021-03-27,0.0,16.91708333333333
2021-03-28,0.0,12.36791666666667
2021-03-29,0.0,9.373333333333333
2021-03-30,0.0,10.77708333333333
2021-03-31,0.0,9.900416666666667
2021-04-01,0.0,12.63958333333333
2021-04-02,245.856,9.586666666666668
2021-04-03,0.0,8.955416666666666
2021-04-04,0.0,12.48791666666667
2021-04-05,0.0,13.69791666666667
2021-04-06,516.073,12.22
2021-04-07,544.952,15.21083333333333
2021-04-08,0.0,9.294166666666667
2021-04-09,0.0,12.63333333333333
2021-04-10,0.0,13.22041666666667
2021-04-11,0.0,12.52166666666667
2021-04-12,0.0,14.92166666666667
2021-04-13,410.813,9.620416666666666
2021-04-14,0.0,12.47916666666667
2021-04-15,0.0,11.735
2021-04-16,0.0,11.70916666666667
2021-04-17,0.0,13.39333333333333
2021-04-18,0.0,15.05541666666667
2021-04-19,0.0,12.57791666666667
2021-04-20,283.635,13.925
2021-04-21,429.0,10.61958333333333
2021-04-22,309.329,14.36041666666667
2021-04-23,545.886,13.18083333333333
2021-04-24,0.0,9.207083333333333
2021-04-25,472.725,12.21583333333333
2021-04-26,0.0,9.761666666666667
2021-04-27,0.0,12.69041666666667
2021-04-28,0.0,11.48541666666667
2021-04-29,0.0,16.09416666666667
2021-04-30,0.0,9.821666666666667
2021-05-01,0.0,9.27375
2021-05-02,0.0,7.639166666666667
2021-05-03,0.0,12.9275
2021-05-04,346.405,12.26416666666667
2021-05-05,0.0,12.17708333333333
2021-05-06,407.891,9.64625
2021-05-07,564.477,14.90083333333333
2021-05-08,0.0,12.36041666666667
2021-05-09,398.298,9.034166666666666
2021-05-10,0.0,5.27625
2021-05-11,404.379,7.03125
2021-05-12,0.0,14.56041666666667
2021-05-13,277.178,12.43565217391304
2021-05-14,0.0,11.68291666666667
2021-05-15,0.0,12.23166666666667
2021-05-16,0.0,7.396666666666667
2021-05-17,0.0,10.2325
2021-05-18,0.0,11.14583333333333
2021-05-19,0.0,14.37166666666667
2021-05-20,232.788,14.4525
2021-05-21,334.312,13.77541666666667
2021-05-22,371.232,10.09125
2021-05-23,0.0,8.614583333333334
2021-05-24,0.0,10.31208333333333
2021-05-25,0.0,14.47666666666667
2021-05-26,0.0,14.77833333333333
2021-05-27,398.815,14.08125
2021-05-28,527.109,13.20833333333333
2021-05-29,478.288,12.7725
2021-05-30,581.267,15.45208333333333
2021-05-31,405.266,19.07291666666667
2021-06-01,349.373,18.15
2021-06-02,0.0,13.70458333333333
2021-06-03,283.828,14.46333333333333
2021-06-04,0.0,17.15166666666667
2021-06-05,277.383,11.08166666666667
2021-06-06,0.0,9.597083333333332
2021-06-07,0.0,7.811666666666667
2021-06-08,0.0,11.01708333333333
2021-06-09,0.0,13.26416666666667
2021-06-10,343.2,15.6175
2021-06-11,0.0,18.54125
2021-06-12,362.063,16.57708333333333
2021-06-13,0.0,9.611666666666666
2021-06-14,0.0,10.97666666666667
2021-06-15,0.0,12.59166666666667
2021-06-16,0.0,14.04333333333333
2021-06-17,365.392,12.85416666666667
2021-06-18,0.0,14.07
2021-06-19,0.0,12.56583333333333
2021-06-20,0.0,7.752083333333334
2021-06-21,0.0,9.379166666666666
2021-06-22,316.602,12.49227272727273
2021-06-23,0.0,14.97875
2021-06-24,311.229,12.28375
2021-06-25,0.0,10.56375
2021-06-26,0.0,16.69291666666667
2021-06-27,0.0,14.41541666666667
2021-06-28,381.0,16.11875
2021-06-29,149.467,11.74772727272727
2021-06-30,317.344,11.4825
2021-07-01,307.344,12.84625
2021-07-02,0.0,17.85416666666667
2021-07-03,240.812,7.916250000000001
2021-07-04,0.0,6.701250000000001
2021-07-05,368.958,10.94958333333333
2021-07-06,0.0,13.16291666666667
2021-07-07,185.762,11.27583333333333
2021-07-08,291.486,12.79958333333333
2021-07-09,519.05,15.3125
2021-07-10,0.0,16.71916666666667
2021-07-11,0.0,11.88208333333333
2021-07-12,0.0,11.3375
2021-07-13,0.0,12.75708333333333
2021-07-14,293.664,12.93583333333333
2021-07-15,185.456,14.8275
2021-07-16,359.399,17.41041666666667
2021-07-17,0.0,13.18291666666667
2021-07-18,514.0,10.50772727272727
2021-07-19,351.0,10.13791666666667
2021-07-20,0.0,10.15041666666667
2021-07-21,289.028,6.017499999999999
2021-07-22,0.0,8.737499999999999
2021-07-23,0.0,10.64333333333333
2021-07-24,0.0,13.17166666666667
2021-07-25,0.0,8.826666666666666
2021-07-26,0.0,12.06958333333333
2021-07-27,439.577,14.08083333333333
2021-07-28,295.856,12.25333333333333
2021-07-29,0.0,13.775
2021-07-30,0.0,10.01708333333333
2021-07-31,253.076,17.73458333333333
2021-08-01,253.515,7.388333333333333
2021-08-02,522.92,6.189166666666666
2021-08-03,383.639,6.260000000000001
2021-08-04,572.71,10.41083333333333
2021-08-05,0.0,14.3025
2021-08-06,284.593,18.07875
2021-08-07,0.0,15.59291666666667
2021-08-08,381.073,18.69375
2021-08-09,0.0,18.20083333333333
2021-08-10,346.93,13.19333333333333
2021-08-11,417.221,13.9425
2021-08-12,0.0,14.83625
2021-08-13,481.589,16.38125
2021-08-14,0.0,19.06333333333333
2021-08-15,436.023,12.09083333333333
2021-08-16,0.0,12.64291666666667
2021-08-17,0.0,13.28583333333333
2021-08-18,0.0,14.63458333333333
2021-08-19,486.071,17.56666666666667
2021-08-20,248.531,18.42666666666667
2021-08-21,0.0,17.02708333333333
2021-08-22,448.535,12.49291666666667
2021-08-23,0.0,16.53583333333333
2021-08-24,551.513,15.695
2021-08-25,0.0,12.29875
2021-08-26,0.0,16.22791666666667
2021-08-27,0.0,18.07083333333333
2021-08-28,0.0,13.97625
2021-08-29,0.0,15.43916666666667
2021-08-30,0.0,17.2725
2021-08-31,338.153,19.38416666666667
2021-09-01,528.227,15.94916666666666
2021-09-02,0.0,12.59666666666667
2021-09-03,0.0,19.04541666666666
2021-09-04,347.386,12.54166666666667
2021-09-05,478.585,9.877083333333333
2021-09-06,0.0,12.65375
2021-09-07,472.03,17.555
2021-09-08,0.0,19.85166666666667
2021-09-09,223.534,13.23333333333333
2021-09-10,0.0,18.50333333333333
2021-09-11,0.0,15.76416666666667
2021-09-12,0.0,10.36625
2021-09-13,438.69,12.3175
2021-09-14,258.414,14.54291666666667
2021-09-15,0.0,17.52958333333333
2021-09-16,255.656,9.339166666666666
2021-09-17,224.872,9.824166666666667
2021-09-18,0.0,18.06
2021-09-19,324.281,15.93208333333333
2021-09-20,486.28,13.0525
2021-09-21,0.0,17.78708333333333
2021-09-22,0.0,14.89
2021-09-23,0.0,13.16791666666667
2021-09-24,0.0,14.06125
2021-09-25,303.77,7.2925
2021-09-26,0.0,7.51125
2021-09-27,193.806,12.19791666666667
2021-09-28,0.0,17.29
2021-09-29,0.0,12.28875
2021-09-30,540.958,10.75083333333333
2021-10-01,0.0,17.02208333333333
2021-10-02,330.445,16.69458333333333
2021-10-03,436.777,12.29083333333333
2021-10-04,476.912,15.85916666666667
2021-10-05,0.0,17.02291666666667
2021-10-06,0.0,19.12791666666667
2021-10-07,377.167,16.43958333333333
2021-10-08,0.0,19.47125
2021-10-09,452.834,13.69916666666666
2021-10-10,0.0,15.29041666666667
2021-10-11,344.683,18.90666666666667
2021-10-12,388.789,18.38291666666667
2021-10-13,404.06,18.75541666666667
2021-10-14,431.713,18.65333333333333
2021-10-15,0.0,20.48583333333333
2021-10-16,0.0,11.44708333333333
2021-10-17,0.0,11.91041666666667
2021-10-18,499.697,16.86166666666667
2021-10-19,640.692,17.11833333333333
2021-10-20,451.1,15.70375
2021-10-21,0.0,13.83583333333333
2021-10-22,359.121,14.95666666666667
2021-10-23,576.43,10.49125
2021-10-24,0.0,10.13083333333333
2021-10-25,0.0,12.34375
2021-10-26,0.0,14.67083333333333
2021-10-27,335.0,17.45291666666667
2021-10-28,286.068,17.09291666666667
2021-10-29,0.0,17.89833333333333
2021-10-30,542.405,15.99208333333333
2021-10-31,0.0,12.13375
2021-11-01,540.023,7.904583333333334
2021-11-02,0.0,7.381666666666667
2021-11-03,437.656,12.54291666666666
2021-11-04,540.196,15.64791666666667
2021-11-05,330.136,15.685
2021-11-06,0.0,13.57208333333333
2021-11-07,511.936,14.54041666666667
2021-11-08,0.0,11.30083333333334
2021-11-09,0.0,8.207916666666668
2021-11-10,0.0,10.21833333333333
2021-11-11,0.0,15.60916666666667
2021-11-12,0.0,12.12590909090909
2021-11-13,0.0,13.4125
2021-11-14,455.36,12.96458333333333
2021-11-15,560.02,12.52
2021-11-16,0.0,7.848888888888889
2021-11-17,0.0,9.089130434782607
2021-11-18,0.0,8.772499999999999
2021-11-19,0.0,7.414166666666667
2021-11-20,0.0,9.72125
2021-11-21,0.0,14.38125
2021-11-22,0.0,14.48833333333334
2021-11-23,0.0,9.039166666666667
2021-11-24,0.0,9.367083333333333
2021-11-25,0.0,12.57666666666667
2021-11-26,530.337,16.71625
2021-11-27,546.0,17.13333333333333
2021-11-28,414.959,19.59166666666667
2021-11-29,0.0,8.4925
2021-11-30,0.0,15.39333333333333
2021-12-01,401.251,17.19666666666667
2021-12-02,319.356,17.67708333333333
2021-12-03,538.506,16.91708333333333
2021-12-04,0.0,13.815
2021-12-05,515.163,10.37791666666667
2021-12-06,577.0,11.99666666666667
2021-12-07,411.335,13.26333333333333
2021-12-08,0.0,11.82125
2021-12-09,446.411,12.23157894736842
2021-12-10,548.554,8.765416666666667
2021-12-11,0.0,7.34
2021-12-12,0.0,4.12875
2021-12-13,0.0,7.131250000000001
2021-12-14,0.0,8.049999999999999
2021-12-15,0.0,11.35333333333333
2021-12-16,0.0,10.88125
2021-12-17,0.0,11.69166666666667
2021-12-18,0.0,10.28583333333333
2021-12-19,0.0,7.68625
2021-12-20,0.0,10.26958333333333
2021-12-21,0.0,7.705416666666667
2021-12-22,0.0,8.405
2021-12-23,322.283,9.734166666666667
2021-12-24,519.259,11.29916666666667
2021-12-25,0.0,13.13041666666667
2021-12-26,459.859,15.70083333333333
2021-12-27,0.0,14.46291666666667
2021-12-28,0.0,14.82
2021-12-29,0.0,13.47375
2021-12-30,528.49,17.49791666666667
2021-12-31,423.145,18.38166666666666
2022-01-01,0.0,16.822
2022-01-02,680.239,15.35541666666667
2022-01-03,209.733,17.36333333333333
2022-01-04,49.083,14.79291666666667
2022-01-05,567.0,9.761249999999999
2022-01-06,123.469,17.23583333333333
2022-01-07,381.814,17.76125
2022-01-08,141.353,17.47208333333333
2022-01-09,484.416,13.77791666666667
2022-01-10,0.0,8.745416666666666
2022-01-11,348.0,13.23958333333333
2022-01-12,0.0,10.36125
2022-01-13,200.184,7.570416666666667
2022-01-14,0.0,15.03958333333333
2022-01-15,84.207,20.88791666666667
2022-01-16,515.839,23.49041666666666
2022-01-17,155.926,21.00583333333333
2022-01-18,386.642,16.61708333333333
2022-01-19,0.0,15.5575
2022-01-20,344.955,11.1575
2022-01-21,0.0,16.94
2022-01-22,286.527,13.04083333333333
2022-01-23,230.799,13.93666666666667
2022-01-24,201.418,15.48583333333333
2022-01-25,0.0,6.376666666666666
2022-01-26,0.0,12.53916666666667
2022-01-27,427.0,7.109565217391305
2022-01-28,0.0,6.317916666666666
2022-01-29,0.0,5.670833333333333
2022-01-30,0.0,5.514583333333333
2022-01-31,0.0,5.672499999999999
2022-02-01,0.0,7.395416666666667
2022-02-02,719.117,18.7775
2022-02-03,893.06,26.5025
2022-02-04,552.05,15.01708333333333
2022-02-05,317.049,12.72833333333333
2022-02-06,0.0,8.740416666666667
2022-02-07,0.0,13.08166666666667
2022-02-08,0.0,10.34916666666667
2022-02-09,0.0,15.51208333333333
2022-02-10,466.286,9.510416666666666
2022-02-11,0.0,7.741666666666667
2022-02-12,0.0,8.25375
2022-02-13,0.0,8.12375
2022-02-14,409.051,11.86208333333333
2022-02-15,0.0,14.0825
2022-02-16,0.0,18.42333333333334
2022-02-17,465.931,16.09708333333333
2022-02-18,0.0,10.56291666666667
2022-02-19,296.023,8.616666666666667
2022-02-20,0.0,5.75125
2022-02-21,391.976,8.182916666666666
2022-02-22,0.0,17.62666666666667
2022-02-23,0.0,21.83217391304348
2022-02-24,0.0,9.355416666666667
2022-02-25,0.0,10.39208333333333
2022-02-26,0.0,12.19083333333333
2022-02-27,0.0,9.713333333333333
2022-02-28,0.0,8.100833333333332
2022-03-01,0.0,7.915416666666666
2022-03-02,0.0,8.549166666666666
2022-03-03,0.0,9.647499999999999
2022-03-04,312.25,12.17166666666667
2022-03-05,0.0,9.479166666666666
2022-03-06,0.0,9.66
2022-03-07,0.0,9.871666666666666
2022-03-08,0.0,12.81375
2022-03-09,356.37,13.58826086956522
2022-03-10,0.0,12.03391304347826
2022-03-11,0.0,11.49583333333333
2022-03-12,0.0,11.24208333333333
2022-03-13,236.669,8.750833333333334
2022-03-14,379.309,13.96458333333333
2022-03-15,0.0,9.829583333333334
2022-03-16,0.0,10.53833333333333
2022-03-17,0.0,10.35166666666667
2022-03-18,363.906,16.66708333333333
2022-03-19,0.0,11.90791666666667
2022-03-20,383.104,10.14625
2022-03-21,572.2,12.1525
2022-03-22,644.462,18.62083333333333
2022-03-23,298.871,14.59458333333333
2022-03-24,0.0,10.83666666666667
2022-03-25,0.0,16.29208333333333
2022-03-26,0.0,11.00541666666667
2022-03-27,0.0,16.77416666666667
2022-03-28,0.0,16.00333333333333
2022-03-29,0.0,10.87708333333333
2022-03-30,0.0,13.10958333333333
2022-03-31,0.0,18.66125
2022-04-01,0.0,12.24
2022-04-02,0.0,12.98208333333333
2022-04-03,370.439,11.97291666666667
2022-04-04,0.0,18.60166666666667
2022-04-05,259.853,16.27833333333333
2022-04-06,512.555,16.37125
2022-04-07,0.0,16.93782608695652
2022-04-08,0.0,14.36458333333333
2022-04-09,0.0,11.195
2022-04-10,0.0,7.97375
2022-04-11,0.0,13.59208333333333
2022-04-12,0.0,12.62583333333333
2022-04-13,0.0,17.47125
2022-04-14,488.574,15.84125
2022-04-15,0.0,13.40708333333333
2022-04-16,0.0,12.61958333333333
2022-04-17,0.0,9.729583333333332
2022-04-18,0.0,8.989583333333334
2022-04-19,0.0,11.77416666666667
2022-04-20,0.0,0.06583333333333334
2022-04-21,300.0,12.89833333333333
2022-04-22,0.0,10.30583333333333
2022-04-23,583.235,11.19875
2022-04-24,0.0,10.56416666666667
2022-04-25,0.0,14.9
2022-04-26,428.516,14.73391304347826
2022-04-27,0.0,11.75625
2022-04-28,0.0,12.91916666666667
2022-04-29,0.0,16.29083333333334
2022-04-30,380.504,8.325833333333334
2022-05-01,393.04,12.12041666666667
2022-05-02,531.777,15.53958333333333
2022-05-03,298.283,16.38208333333333
2022-05-04,0.0,18.09958333333333
2022-05-05,0.0,14.41833333333333
2022-05-06,0.0,16.89583333333333
2022-05-07,280.238,13.49666666666667
2022-05-08,0.0,12.57458333333333
2022-05-09,507.596,16.54227272727273
2022-05-10,0.0,16.63
2022-05-11,0.0,12.41291666666667
2022-05-12,0.0,18.12
2022-05-13,0.0,17.83875
2022-05-14,548.119,13.20333333333333
2022-05-15,0.0,10.70125
2022-05-16,0.0,9.811739130434782
2022-05-17,0.0,13.35636363636364
2022-05-18,0.0,13.57791666666667
2022-05-19,0.0,11.52416666666667
2022-05-20,0.0,15.24833333333333
2022-05-21,608.763,19.42458333333333
2022-05-22,484.369,14.37125
2022-05-23,663.182,8.620833333333332
2022-05-24,0.0,15.15166666666667
2022-05-25,0.0,16.91434782608696
2022-05-26,0.0,16.46375
2022-05-27,0.0,14.16458333333333
2022-05-28,400.133,15.42625
2022-05-29,0.0,15.37541666666667
2022-05-30,0.0,17.99291666666667
2022-05-31,555.925,19.62125
2022-06-01,0.0,16.68125
2022-06-02,0.0,11.19041666666667
2022-06-03,0.0,13.39833333333333
2022-06-04,516.174,11.15208333333333
2022-06-05,0.0,12.72333333333333
2022-06-06,320.424,19.96416666666667
2022-06-07,0.0,16.43105263157895
2022-06-08,0.0,15.62416666666667
2022-06-09,0.0,10.84166666666667
2022-06-10,0.0,12.04958333333333
2022-06-11,0.0,18.52541666666667
2022-06-12,662.415,13.45958333333333
2022-06-13,394.029,15.23083333333333
2022-06-14,0.0,17.01583333333333
2022-06-15,694.82,16.00416666666667
2022-06-16,622.209,17.7175
2022-06-17,388.164,15.30333333333333
2022-06-18,0.0,11.03166666666667
2022-06-19,0.0,10.11083333333333
2022-06-20,0.0,13.5804347826087
2022-06-21,0.0,16.50875
2022-06-22,0.0,16.93833333333333
2022-06-23,0.0,11.29
2022-06-24,428.0,7.425833333333333
2022-06-25,977.975,6.704166666666667
2022-06-26,0.0,7.720833333333332
2022-06-27,298.607,12.53666666666667
2022-06-28,612.16,16.83625
2022-06-29,332.747,14.5175
2022-06-30,0.0,15.74625
2022-07-01,113.266,16.86541666666666
2022-07-02,433.161,15.8275
2022-07-03,213.271,8.540000000000001
2022-07-04,343.725,10.86583333333333
2022-07-05,0.0,14.385
2022-07-06,0.0,12.13791666666667
2022-07-07,231.637,11.23708333333333
2022-07-08,262.639,18.89208333333334
2022-07-09,0.0,12.24416666666667
2022-07-10,296.349,12.97291666666667
2022-07-11,320.225,14.5304347826087
2022-07-12,108.995,14.10166666666667
2022-07-13,0.0,15.39916666666667
2022-07-14,0.0,17.26958333333333
2022-07-15,53.524,15.67708333333333
2022-07-16,0.0,14.82375
2022-07-17,0.0,12.57583333333333
2022-07-18,291.973,10.42541666666667
2022-07-19,192.887,9.6525
2022-07-20,498.299,14.58875
2022-07-21,171.183,15.00333333333333
2022-07-22,544.462,16.32708333333333
2022-07-23,0.0,15.23708333333333
2022-07-24,0.0,9.57875
2022-07-25,0.0,14.55791666666667
2022-07-26,0.0,11.89291666666667
2022-07-27,0.0,10.44625
2022-07-28,233.909,13.41166666666667
2022-07-29,43.815,16.46083333333333
2022-07-30,211.939,14.64166666666667
2022-07-31,96.444,13.26375
2022-08-01,588.0,14.585
2022-08-02,466.128,17.20380952380953
2022-08-03,0.0,16.44818181818182
2022-08-04,0.0,14.67826086956522
2022-08-05,0.0,14.87913043478261
2022-08-06,0.0,19.36916666666667
2022-08-07,157.111,16.195
2022-08-08,321.725,22.9545
2022-08-09,504.05,23.9945
2022-08-10,0.0,25.63458333333334
2022-08-11,0.0,21.27473684210527
2022-08-12,186.252,11.57705882352941
2022-08-13,274.44,17.96
2022-08-14,165.128,
2022-08-15,0.0,32.17363636363636
2022-08-16,82.353,18.8078947368421
2022-08-17,0.0,17.42529411764706
2022-08-18,18.289,14.64263157894737
2022-08-19,470.644,21.1545
2022-08-20,0.0,24.17541666666667
2022-08-21,0.0,15.33411764705882
2022-08-22,557.0,20.97142857142857
2022-08-23,212.508,27.43357142857143
2022-08-24,0.0,20.58875
2022-08-25,107.037,20.48571428571429
2022-08-26,0.0,15.61411764705882
2022-08-27,42.142,11.83714285714286
2022-08-28,0.0,17.253125
2022-08-29,0.0,25.67461538461538
2022-08-30,485.262,24.05363636363636
2022-08-31,0.0,22.99928571428572
2022-09-01,4.052,25.02541666666667
2022-09-02,0.0,23.30125
2022-09-03,0.0,12.45166666666667
2022-09-04,0.0,13.29333333333333
2022-09-05,0.0,25.17173913043478
2022-09-06,0.0,23.63625
2022-09-07,0.0,22.90428571428572
2022-09-08,243.584,22.60291666666667
2022-09-09,0.0,20.89521739130435
2022-09-10,318.332,8.354166666666666
2022-09-11,0.0,11.30708333333333
2022-09-12,25.943,22.50583333333333
2022-09-13,303.764,24.26458333333333
2022-09-14,210.969,21.84875
2022-09-15,395.93,18.60869565217391
2022-09-16,0.0,13.90208333333333
2022-09-17,0.0,21.43916666666667
2022-09-18,0.0,18.14833333333333
2022-09-19,200.796,14.69458333333333
2022-09-20,0.0,18.59583333333333
2022-09-21,568.747,20.49541666666667
2022-09-22,402.15,21.75521739130435
2022-09-23,187.238,22.33260869565217
2022-09-24,0.0,20.8925
2022-09-25,0.0,24.24695652173913
2022-09-26,420.681,21.59583333333333
2022-09-27,249.643,16.91625
2022-09-28,0.0,21.95708333333333
2022-09-29,0.0,17.04166666666667
2022-09-30,341.367,22.865
2022-10-01,410.215,10.355
2022-10-02,504.0,7.385833333333333
2022-10-03,152.672,12.4325
2022-10-04,0.0,16.71166666666667
2022-10-05,317.515,17.69416666666666
2022-10-06,0.0,21.885
2022-10-07,0.0,23.09045454545454
2022-10-08,0.0,14.93958333333333
2022-10-09,371.537,16.5275
2022-10-10,0.0,12.74666666666667
2022-10-11,0.0,16.10708333333333
2022-10-12,0.0,18.15
2022-10-13,0.0,13.79125
2022-10-14,0.0,17.06375
2022-10-15,0.0,13.86833333333333
2022-10-16,0.0,15.12291666666667
2022-10-17,0.0,13.62625
2022-10-18,0.0,13.25208333333333
2022-10-19,0.0,8.781666666666666
2022-10-20,0.0,10.61583333333333
2022-10-21,0.0,12.69583333333333
2022-10-22,0.0,9.062916666666666
2022-10-23,0.0,11.51916666666667
2022-10-24,416.132,12.91333333333333
2022-10-25,0.0,16.82041666666667
2022-10-26,0.0,11.43916666666667
2022-10-27,0.0,13.61791666666667
2022-10-28,0.0,15.86791666666667
2022-10-29,366.46,18.24041666666666
2022-10-30,464.176,15.96791666666667
2022-10-31,209.52,15.44791666666667
2022-11-01,0.0,22.91583333333334
2022-11-02,0.0,17.00791666666667
2022-11-03,589.0,13.95333333333333
2022-11-04,0.0,10.87083333333333
2022-11-05,548.345,12.74875
2022-11-06,0.0,16.53291666666667
2022-11-07,196.209,16.38130434782608
2022-11-08,0.0,17.72916666666667
2022-11-09,575.625,16.14333333333333
2022-11-10,0.0,17.22291666666667
2022-11-11,0.0,19.84583333333333
2022-11-12,0.0,17.29
2022-11-13,0.0,17.24208333333333
2022-11-14,134.984,22.38708333333333
2022-11-15,0.0,19.63166666666667
2022-11-16,0.0,14.27166666666667
2022-11-17,0.0,15.01333333333333
2022-11-18,395.581,21.89916666666667
2022-11-19,353.689,24.67625
2022-11-20,0.0,16.71625
2022-11-21,564.5,19.79583333333333
2022-11-22,406.976,18.33875
2022-11-23,329.804,20.39454545454545
2022-11-24,301.331,21.88791666666667
2022-11-25,0.0,22.19916666666667
2022-11-26,538.0,19.47833333333334
2022-11-27,0.0,18.27833333333333
2022-11-28,550.828,21.62458333333333
2022-11-29,0.0,21.75454545454545
2022-11-30,417.407,17.69916666666667
2022-12-01,322.493,15.075
2022-12-02,0.0,10.06541666666667
2022-12-03,395.022,11.65125
2022-12-04,0.0,14.05833333333333
2022-12-05,455.277,18.75708333333333
2022-12-06,333.352,23.28791666666666
2022-12-07,0.0,20.39578947368421
2022-12-08,295.895,20.12833333333333
2022-12-09,419.863,15.10083333333333
2022-12-10,374.0,16.13666666666667
2022-12-11,0.0,14.02208333333333
2022-12-12,410.462,15.12708333333333
2022-12-13,546.363,17.53041666666667
2022-12-14,429.596,14.71833333333333
2022-12-15,0.0,13.65791666666667
2022-12-16,0.0,15.23458333333333
2022-12-17,0.0,12.02666666666667
2022-12-18,476.951,13.795
2022-12-19,454.581,16.99291666666667
2022-12-20,279.171,17.12166666666667
2022-12-21,429.005,18.655
2022-12-22,323.56,19.05260869565217
2022-12-23,422.348,22.68
2022-12-24,548.431,20.34958333333333
2022-12-25,529.767,8.572916666666666
2022-12-26,0.0,8.550833333333333
2022-12-27,0.0,11.93083333333333
2022-12-28,628.114,20.48708333333333
2022-12-29,300.177,22.05375
2022-12-30,448.633,20.23875
2022-12-31,0.0,13.40041666666667
2023-01-01,0.0,14.5785
2023-01-02,0.0,9.18375
2023-01-03,0.0,20.7004347826087
2023-01-04,363.108,19.7475
2023-01-05,0.0,23.39391304347826
2023-01-06,0.0,21.55434782608696
2023-01-07,0.0,15.79541666666667
2023-01-08,0.0,10.87875
2023-01-09,0.0,12.95583333333333
2023-01-10,0.0,10.24083333333333
2023-01-11,0.0,14.85375
2023-01-12,0.0,17.29416666666667
2023-01-13,431.991,14.36208333333333
2023-01-14,0.0,10.54333333333333
2023-01-15,0.0,12.64
2023-01-16,323.755,12.36666666666667
2023-01-17,0.0,13.35958333333333
2023-01-18,383.423,13.99333333333333
2023-01-19,0.0,14.13041666666667
2023-01-20,0.0,14.51375
2023-01-21,0.0,15.01125
2023-01-22,491.633,11.06666666666667
2023-01-23,293.183,15.64541666666667
2023-01-24,303.874,11.10958333333333
2023-01-25,318.815,11.56875
2023-01-26,0.0,13.88333333333333
2023-01-27,361.242,15.75083333333333
2023-01-28,309.642,16.79260869565217
2023-01-29,218.373,15.48666666666667
2023-01-30,427.778,12.51208333333333
2023-01-31,0.0,17.45916666666666
2023-02-01,0.0,14.23291666666667
2023-02-02,0.0,17.87166666666667
2023-02-03,390.922,15.23
2023-02-04,253.16,16.49958333333333
2023-02-05,0.0,11.6375
2023-02-06,0.0,8.347916666666666
2023-02-07,561.548,12.01041666666667
2023-02-08,226.509,15.11916666666667
2023-02-09,0.0,15.05125
2023-02-10,0.0,18.92791666666666
2023-02-11,0.0,16.55458333333333
2023-02-12,0.0,10.38791666666667
2023-02-13,441.748,13.395
2023-02-14,0.0,14.19791666666667
2023-02-15,0.0,11.13947368421053
2023-02-16,593.881,13.27791666666667
2023-02-17,426.221,7.673333333333333
2023-02-18,0.0,6.710416666666667
2023-02-19,0.0,11.98041666666666
2023-02-20,466.302,10.70166666666667
2023-02-21,0.0,7.15375
2023-02-22,0.0,9.426250000000001
2023-02-23,563.969,15.68739130434783
2023-02-24,204.634,20.80086956521739
2023-02-25,221.897,16.31041666666667
2023-02-26,515.165,17.67541666666667
2023-02-27,692.105,18.40791666666667
2023-02-28,0.0,17.95291666666667
2023-03-01,0.0,13.3025
2023-03-02,0.0,16.19833333333333
2023-03-03,485.68,13.2775
2023-03-04,0.0,10.27958333333333
2023-03-05,0.0,7.578749999999999
2023-03-06,0.0,11.83833333333333
2023-03-07,0.0,10.14208333333333
2023-03-08,0.0,10.45791666666667
2023-03-09,0.0,6.541666666666667
2023-03-10,0.0,11.02583333333333
2023-03-11,0.0,7.880416666666666
2023-03-12,0.0,9.749583333333332
2023-03-13,0.0,12.10541666666666
2023-03-14,0.0,14.1
2023-03-15,0.0,13.42833333333333
2023-03-16,0.0,14.90631578947369
2023-03-17,0.0,12.49916666666667
2023-03-18,0.0,10.59958333333333
2023-03-19,0.0,10.29541666666667
2023-03-20,0.0,16.83958333333333
2023-03-21,0.0,20.855
2023-03-22,0.0,13.32125
2023-03-23,0.0,10.13791666666667
2023-03-24,0.0,6.037916666666667
2023-03-25,0.0,7.8725
2023-03-26,0.0,9.462916666666667
2023-03-27,336.846,12.86333333333333
2023-03-28,0.0,13.74875
2023-03-29,0.0,13.91958333333333
2023-03-30,462.0,15.14
2023-03-31,0.0,17.63625
2023-04-01,0.0,16.55166666666667
2023-04-02,310.796,10.67708333333333
2023-04-03,306.0,11.08958333333334
2023-04-04,537.519,11.55958333333333
2023-04-05,0.0,14.82791666666667
2023-04-06,0.0,10.08583333333333
2023-04-07,0.0,5.410416666666666
2023-04-08,0.0,13.69708333333333
2023-04-09,277.8,9.447916666666666
2023-04-10,0.0,11.01166666666667
2023-04-11,199.701,14.97166666666667
2023-04-12,590.953,13.2425
2023-04-13,479.045,12.15208333333333
2023-04-14,0.0,14.02652173913044
2023-04-15,0.0,11.09291666666667
2023-04-16,0.0,6.997916666666668
2023-04-17,0.0,12.54083333333333
2023-04-18,0.0,14.21833333333333
2023-04-19,0.0,13.73375
2023-04-20,0.0,13.10875
2023-04-21,0.0,12.00291666666667
2023-04-22,0.0,11.25583333333333
2023-04-23,0.0,9.09875
2023-04-24,0.0,10.56916666666667
2023-04-25,0.0,12.14565217391304
2023-04-26,378.637,13.545
2023-04-27,0.0,14.42708333333333
2023-04-28,380.8,14.04083333333333
2023-04-29,0.0,8.971666666666666
2023-04-30,448.912,8.305416666666668
2023-05-01,0.0,9.22875
2023-05-02,399.499,12.54708333333333
2023-05-03,438.611,10.86083333333333
2023-05-04,0.0,12.93947368421053
2023-05-05,427.0,10.23
2023-05-06,0.0,13.14291666666667
2023-05-07,211.031,10.74791666666667
2023-05-08,246.606,11.50916666666667
2023-05-09,0.0,11.98
2023-05-10,262.708,10.51125
2023-05-11,0.0,15.41041666666667
2023-05-12,209.018,17.00083333333333
2023-05-13,274.628,12.40333333333333
2023-05-14,0.0,6.534166666666667
2023-05-15,0.0,10.00625
2023-05-16,533.814,10.38666666666667
2023-05-17,117.153,12.46291666666667
2023-05-18,370.505,14.7125
2023-05-19,0.0,13.64083333333333
2023-05-20,0.0,13.835
2023-05-21,0.0,8.14875
2023-05-22,411.352,11.2304347826087
2023-05-23,0.0,14.44
2023-05-24,296.968,14.98173913043478
2023-05-25,413.504,8.20875
2023-05-26,0.0,13.58416666666667
2023-05-27,0.0,13.95041666666667
2023-05-28,0.0,10.79583333333333
2023-05-29,201.356,12.225
2023-05-30,519.525,10.575
2023-05-31,0.0,12.63625
2023-06-01,0.0,11.56083333333333
2023-06-02,0.0,10.99458333333333
2023-06-03,0.0,12.18625
2023-06-04,0.0,9.89
2023-06-05,231.64,11.10875
2023-06-06,0.0,13.87958333333333
2023-06-07,394.0,13.205
2023-06-08,567.278,14.44625
2023-06-09,0.0,11.53458333333333
2023-06-10,0.0,14.59958333333333
2023-06-11,431.178,11.76333333333333
2023-06-12,125.24,11.73347826086957
2023-06-13,136.092,10.62375
2023-06-14,553.37,11.69125
2023-06-15,258.194,11.82708333333333
2023-06-16,0.0,10.60166666666667
2023-06-17,504.778,8.397083333333333
2023-06-18,433.943,4.987916666666667
2023-06-19,362.26,8.009583333333333
2023-06-20,223.085,6.15125
2023-06-21,0.0,6.950833333333333
2023-06-22,155.582,12.1725
2023-06-23,0.0,14.23541666666667
2023-06-24,249.255,14.07
2023-06-25,0.0,11.55583333333333
2023-06-26,525.416,14.06083333333333
2023-06-27,150.31,13.58083333333333
2023-06-28,0.0,14.46125
2023-06-29,98.611,4.977916666666666
2023-06-30,0.0,5.445833333333333
2023-07-01,0.0,9.306666666666667
2023-07-02,306.731,12.69875
2023-07-03,0.0,13.09041666666667
2023-07-04,55.971,10.50083333333333
2023-07-05,494.395,11.74
2023-07-06,0.0,8.724583333333333
2023-07-07,522.989,9.00375
2023-07-08,353.995,9.477500000000001
2023-07-09,347.615,7.030416666666667
2023-07-10,0.0,8.7425
2023-07-11,0.0,10.61833333333333
2023-07-12,0.0,9.754736842105263
2023-07-13,0.0,9.114583333333334
2023-07-14,443.642,10.62
2023-07-15,0.0,10.13666666666667
2023-07-16,293.748,7.566666666666666
2023-07-17,0.0,10.51208333333333
2023-07-18,280.708,7.870416666666666
2023-07-19,269.114,6.311666666666667
2023-07-20,523.218,6.755416666666666
2023-07-21,394.352,7.58625
2023-07-22,438.436,5.02
2023-07-23,249.042,6.923333333333333
2023-07-24,240.495,7.6125
2023-07-25,239.326,9.553333333333333
2023-07-26,264.179,14.2575
2023-07-27,0.0,16.82583333333333
2023-07-28,113.263,8.99875
2023-07-29,358.706,6.49625
2023-07-30,197.897,6.722916666666666
2023-07-31,132.65,7.569583333333333
2023-08-01,394.767,5.225217391304348
2023-08-02,222.249,7.934166666666667
2023-08-03,0.0,10.44666666666667
2023-08-04,105.446,9.094166666666666
2023-08-05,223.58,8.122083333333334
2023-08-06,0.0,8.256666666666666
2023-08-07,0.0,7.642916666666667
2023-08-08,0.0,6.86625
2023-08-09,0.0,7.507916666666667
2023-08-10,185.625,12.67958333333333
2023-08-11,179.937,14.63958333333333
2023-08-12,388.7,12.28416666666667
2023-08-13,639.865,11.16583333333333
2023-08-14,0.0,15.018
2023-08-15,0.0,9.907272727272726
2023-08-16,194.235,16.65083333333333
2023-08-17,128.62,15.61958333333333
2023-08-18,269.237,16.16125
2023-08-19,144.789,20.44391304347826
2023-08-20,0.0,7.324583333333333
2023-08-21,273.0,9.860833333333334
2023-08-22,0.0,12.44166666666667
2023-08-23,554.044,12.14625
2023-08-24,0.0,10.875
2023-08-25,235.033,9.173333333333334
2023-08-26,62.581,11.64
2023-08-27,146.814,10.5575
2023-08-28,230.65,11.00375
2023-08-29,0.0,13.87083333333333
2023-08-30,50.311,12.81416666666667
2023-08-31,106.995,11.91333333333333
2023-09-01,236.156,13.62791666666667
2023-09-02,81.947,13.65791666666667
2023-09-03,481.641,18.11
2023-09-04,319.636,12.43666666666667
2023-09-05,0.0,8.10125
2023-09-06,87.949,9.106250000000001
2023-09-07,87.224,13.26666666666667
2023-09-08,153.826,16.9495652173913
2023-09-09,0.0,18.32125
2023-09-10,0.0,15.41041666666667
2023-09-11,344.805,11.7425
2023-09-12,24.066,16.19208333333333
2023-09-13,0.0,16.21666666666667
2023-09-14,439.286,13.83583333333333
2023-09-15,0.0,8.546666666666667
2023-09-16,312.691,7.33625
2023-09-17,64.723,0.04083333333333333
2023-09-18,227.0,12.88652173913043
2023-09-19,0.0,11.1125
2023-09-20,0.0,10.08666666666667
2023-09-21,400.035,14.67583333333334
2023-09-22,232.497,24.63166666666666
2023-09-23,166.748,20.99708333333333
2023-09-24,0.0,12.37416666666667
2023-09-25,0.0,13.78291666666667
2023-09-26,96.556,16.46166666666667
2023-09-27,260.877,17.6825
2023-09-28,176.831,18.88541666666667
2023-09-29,243.621,14.83739130434783
2023-09-30,0.0,21.58
2023-10-01,390.825,11.69583333333333
2023-10-02,271.737,14.77875
2023-10-03,167.831,14.25041666666667
2023-10-04,284.59,17.57625
2023-10-05,0.0,14.32
2023-10-06,291.708,20.22333333333333
2023-10-07,0.0,20.86666666666667
2023-10-08,0.0,14.27833333333333
2023-10-09,0.0,14.2925
2023-10-10,0.0,16.50217391304348
2023-10-11,184.209,15.90541666666667
2023-10-12,0.0,18.97125
2023-10-13,420.911,16.70666666666667
2023-10-14,0.0,11.24416666666667
2023-10-15,322.711,13.1025
2023-10-16,332.623,13.11041666666667
2023-10-17,0.0,13.99875
2023-10-18,473.0,16.28541666666667
2023-10-19,0.0,12.70333333333333
2023-10-20,495.779,12.76625
2023-10-21,251.471,16.26125
2023-10-22,583.663,13.54291666666666
2023-10-23,530.571,15.26458333333333
2023-10-24,0.0,10.77291666666667
2023-10-25,443.598,13.21458333333333
2023-10-26,0.0,7.55375
2023-10-27,0.0,8.948823529411765
2023-10-28,0.0,5.274666666666667
2023-10-29,0.0,9.191666666666666
2023-10-30,0.0,9.962352941176471
2023-10-31,0.0,7.838823529411764
2023-11-01,0.0,14.01318181818182
2023-11-02,0.0,11.51208333333333
2023-11-03,233.083,12.26708333333333
2023-11-04,0.0,10.75625
2023-11-05,0.0,13.2475
2023-11-06,389.373,15.97684210526316
2023-11-07,317.079,14.36611111111111
2023-11-08,452.945,11.28478260869565
2023-11-09,332.048,10.50608695652174
2023-11-10,337.587,10.76416666666667
2023-11-11,260.631,13.9395652173913
2023-11-12,430.444,11.87666666666667
2023-11-13,234.788,9.774761904761906
2023-11-14,0.0,15.73882352941176
2023-11-15,489.8,7.891176470588236
2023-11-16,0.0,11.599375
2023-11-17,0.0,18.3125
2023-11-18,294.233,14.635
2023-11-19,316.941,11.51958333333333
2023-11-20,0.0,9.27157894736842
2023-11-21,0.0,5.876666666666667
2023-11-22,0.0,7.318333333333334
2023-11-23,333.22,8.50125
2023-11-24,0.0,11.59714285714286
2023-11-25,354.479,11.56083333333333
2023-11-26,271.879,10.985
2023-11-27,345.313,11.59722222222222
2023-11-28,495.754,11.05958333333333
2023-11-29,0.0,14.36444444444444
2023-11-30,372.952,13.88222222222222
2023-12-01,395.733,13.52347826086957
2023-12-02,417.35,13.46125
2023-12-03,357.311,12.59666666666667
2023-12-04,0.0,13.5225
2023-12-05,443.172,15.28941176470588
2023-12-06,0.0,15.05333333333333
2023-12-07,0.0,11.65
2023-12-08,280.274,7.5
2023-12-09,448.439,6.519166666666667
2023-12-10,372.097,8.282083333333334
2023-12-11,0.0,12.86684210526316
2023-12-12,424.035,11.60315789473684
2023-12-13,517.286,10.05722222222222
2023-12-14,317.012,12.29904761904762
2023-12-15,0.0,6.63
2023-12-16,0.0,8.34375
2023-12-17,0.0,8.084999999999999
2023-12-18,0.0,12.19958333333333
2023-12-19,0.0,8.02625
2023-12-20,255.43,10.275
2023-12-21,342.391,14.89958333333333
2023-12-22,500.061,16.65625
2023-12-23,0.0,10.28208333333333
2023-12-24,263.278,13.14958333333333
2023-12-25,0.0,10.70125
2023-12-26,0.0,6.59375
2023-12-27,0.0,5.754736842105263
2023-12-28,0.0,6.557916666666666
2023-12-29,374.301,9.324583333333333
2023-12-30,318.906,6.635416666666667
2023-12-31,0.0,10.84541666666667
2024-01-01,0.0,16.90157894736842
2024-01-02,0.0,15.89875
2024-01-03,0.0,10.8175
2024-01-04,0.0,9.14875
2024-01-05,0.0,11.30375
2024-01-06,336.884,16.29
2024-01-07,413.764,11.35625
2024-01-08,0.0,15.03565217391304
2024-01-09,0.0,17.025
2024-01-10,455.785,10.29333333333333
2024-01-11,260.969,12.07833333333333
2024-01-12,0.0,9.995833333333334
2024-01-13,367.236,14.83791666666667
2024-01-14,0.0,19.56833333333333
2024-01-15,552.206,15.12375
2024-01-16,0.0,10.27416666666667
2024-01-17,0.0,8.801666666666668
2024-01-18,0.0,10.52458333333333
2024-01-19,418.465,9.289583333333333
2024-01-20,371.325,10.86958333333333
2024-01-21,0.0,8.751999999999999
2024-01-22,437.725,
2024-01-23,132.576,11.66846153846154
2024-01-24,296.067,12.54291666666667
2024-01-25,325.236,15.7825
2024-01-26,181.105,19.03625
2024-01-27,577.647,17.54041666666667
2024-01-28,420.258,19.77375
2024-01-29,437.011,22.06583333333333
2024-01-30,315.598,19.60833333333333
2024-01-31,0.0,18.65166666666667
2024-02-01,454.73,15.84291666666667
2024-02-02,0.0,10.82166666666667
2024-02-03,0.0,9.619166666666667
2024-02-04,0.0,6.89875
2024-02-05,0.0,10.54541666666667
2024-02-06,373.602,13.70458333333333
2024-02-07,0.0,18.53333333333333
2024-02-08,261.96,18.99333333333333
2024-02-09,336.111,14.06956521739131
2024-02-10,466.12,11.5275
2024-02-11,0.0,9.09086956521739
2024-02-12,0.0,7.88375
2024-02-13,310.164,10.90875
2024-02-14,306.203,13.52125
2024-02-15,324.812,8.107916666666666
2024-02-16,0.0,13.00173913043478
2024-02-17,0.0,10.1075
2024-02-18,0.0,11.87
2024-02-19,0.0,14.59458333333333
2024-02-20,0.0,8.676666666666668
2024-02-21,0.0,12.11375
2024-02-22,286.03,17.28
2024-02-23,407.0,11.94375
2024-02-24,537.429,9.543333333333335
2024-02-25,420.0,9.38782608695652
2024-02-26,0.0,10.69958333333333
2024-02-27,420.447,14.9645
2024-02-28,512.102,22.22333333333333
2024-02-29,0.0,15.19916666666666
2024-03-01,0.0,9.9725
2024-03-02,0.0,7.048749999999999
2024-03-03,0.0,7.037391304347826
2024-03-04,458.406,13.96541666666667
2024-03-05,0.0,15.1425
2024-03-06,484.402,15.72291666666666
2024-03-07,0.0,18.74913043478261
2024-03-08,0.0,18.98583333333333
2024-03-09,456.559,12.89
2024-03-10,0.0,9.596521739130434
2024-03-11,515.29,12.31304347826087
2024-03-12,0.0,14.9895652173913
2024-03-13,359.965,13.15608695652174
2024-03-14,192.538,13.76347826086957
2024-03-15,0.0,15.86041666666667
2024-03-16,91.335,12.80208333333333
2024-03-17,0.0,16.3
2024-03-18,455.0,18.54869565217391
2024-03-19,530.165,18.96041666666667
2024-03-20,310.868,15.84478260869565
2024-03-21,255.008,16.17583333333333
2024-03-22,0.0,16.4775
2024-03-23,0.0,22.87181818181818
2024-03-24,312.0,
2024-03-25,410.5,9.35923076923077
2024-03-26,0.0,14.32916666666667
2024-03-27,440.0,10.155
2024-03-28,264.274,16.99272727272727
2024-03-29,0.0,15.91125
2024-03-30,400.899,13.66416666666667
2024-03-31,0.0,10.29625
2024-04-01,0.0,9.973333333333334
2024-04-02,0.0,8.51
2024-04-03,0.0,12.7075
2024-04-04,0.0,16.48416666666667
2024-04-05,0.0,14.72041666666667
2024-04-06,0.0,17.98833333333333
2024-04-07,274.083,11.47833333333333
2024-04-08,0.0,15.79391304347826
2024-04-09,180.412,18.35130434782609
2024-04-10,0.0,23.65833333333333
2024-04-11,247.899,19.45739130434783
2024-04-12,194.388,25.30708333333333
2024-04-13,0.0,23.51260869565217
2024-04-14,416.52,20.56565217391304
2024-04-15,0.0,9.243333333333334
2024-04-16,431.751,
2024-04-17,0.0,18.954
2024-04-18,328.909,26.27909090909091
2024-04-19,0.0,6.759166666666666
2024-04-20,233.194,15.22
2024-04-21,0.0,7.665
2024-04-22,0.0,8.179333333333334
2024-04-23,327.861,8.901818181818182
2024-04-24,243.402,11.68642857142857
2024-04-25,0.0,12.66454545454545
2024-04-26,274.432,13.63526315789474
2024-04-27,0.0,11.31066666666667
2024-04-28,452.268,7.0
2024-04-29,0.0,10.05
2024-04-30,0.0,12.67625
2024-05-01,281.708,16.18291666666667
2024-05-02,0.0,15.4075
2024-05-03,0.0,7.88375
2024-05-04,0.0,8.935416666666667
2024-05-05,0.0,13.25
2024-05-06,0.0,14.22791666666667
2024-05-07,0.0,12.8704347826087
2024-05-08,0.0,17.92791666666666
2024-05-09,0.0,23.25227272727273
2024-05-10,345.073,15.34333333333333
2024-05-11,0.0,20.57666666666667
2024-05-12,269.441,15.48375
2024-05-13,0.0,19.72434782608696
2024-05-14,0.0,15.87291666666667
2024-05-15,0.0,15.96666666666667
2024-05-16,270.409,11.52375
2024-05-17,409.37,13.87416666666667
2024-05-18,309.538,11.42083333333333
2024-05-19,0.0,8.51375
2024-05-20,459.349,9.253333333333332
2024-05-21,289.95,11.85125
2024-05-22,574.385,15.34791666666667
2024-05-23,518.788,8.89625
2024-05-24,420.015,9.605833333333333
2024-05-25,369.121,11.66416666666667
2024-05-26,0.0,10.80416666666667
2024-05-27,389.834,14.08416666666667
2024-05-28,0.0,11.13791666666667
2024-05-29,0.0,11.78
2024-05-30,372.769,12.81375
2024-05-31,0.0,9.334166666666667
2024-06-01,372.218,8.419583333333334
2024-06-02,216.817,8.772916666666667
2024-06-03,209.414,11.975
2024-06-04,0.0,7.397368421052632
2024-06-05,0.0,9.155416666666666
2024-06-06,0.0,9.596666666666666
2024-06-07,0.0,14.50875
2024-06-08,0.0,12.30458333333333
2024-06-09,346.589,12.24875
2024-06-10,0.0,10.43625
2024-06-11,0.0,11.68416666666667
2024-06-12,0.0,16.26708333333334
2024-06-13,0.0,12.45416666666667
2024-06-14,0.0,10.81291666666667
2024-06-15,0.0,9.83
2024-06-16,373.311,9.327083333333333
2024-06-17,0.0,10.60791666666667
2024-06-18,0.0,17.06583333333333
2024-06-19,0.0,17.50863636363636
2024-06-20,395.859,19.9125
2024-06-21,0.0,12.69916666666666
2024-06-22,0.0,14.41916666666667
2024-06-23,284.137,13.23291666666667
2024-06-24,112.088,13.15291666666667
2024-06-25,436.0,10.01208333333333
2024-06-26,0.0,14.13875
2024-06-27,0.0,12.31791666666667
2024-06-28,453.507,12.40625
2024-06-29,295.967,12.38416666666667
2024-06-30,0.0,11.855
2024-07-01,125.829,13.885
2024-07-02,0.0,11.64041666666667
2024-07-03,0.0,12.44458333333333
2024-07-04,0.0,9.967916666666666
2024-07-05,0.0,11.06041666666667
2024-07-06,509.414,11.43625
2024-07-07,0.0,7.279166666666666
2024-07-08,117.403,8.840833333333334
2024-07-09,0.0,13.46
2024-07-10,339.656,9.909166666666666
2024-07-11,355.258,15.3525
2024-07-12,326.861,11.83625
2024-07-13,406.883,6.131666666666667
2024-07-14,252.651,5.661666666666666
2024-07-15,306.677,6.788333333333334
2024-07-16,51.92,9.928749999999999
2024-07-17,212.765,8.89125
2024-07-18,0.0,12.31541666666667
2024-07-19,420.735,13.06375
2024-07-20,221.812,8.907916666666667
2024-07-21,0.0,7.180416666666667
2024-07-22,287.133,6.54
2024-07-23,445.798,8.964166666666666
2024-07-24,274.243,12.36625
2024-07-25,332.602,13.64166666666667
2024-07-26,0.0,15.42166666666667
2024-07-27,296.973,11.53958333333333
2024-07-28,259.258,6.302499999999999
2024-07-29,320.847,7.805
2024-07-30,136.734,8.097083333333334
2024-07-31,0.0,7.564583333333332
2024-08-01,352.333,9.37875
2024-08-02,172.611,16.74166666666667
2024-08-03,345.321,22.25583333333333
2024-08-04,257.909,14.56125
2024-08-05,297.64,12.16666666666667
2024-08-06,399.198,12.42913043478261
2024-08-07,0.0,15.41916666666667
2024-08-08,181.665,18.44916666666667
2024-08-09,581.397,23.48291666666667
2024-08-10,0.0,17.47458333333333
2024-08-11,400.771,19.07416666666667
2024-08-12,0.0,13.26458333333333
2024-08-13,349.615,8.395416666666668
2024-08-14,152.339,14.94583333333333
2024-08-15,383.61,11.82625
2024-08-16,240.329,7.701666666666667
2024-08-17,253.911,7.924166666666667
2024-08-18,386.153,6.455833333333334
2024-08-19,79.585,8.065
2024-08-20,411.0,13.195
2024-08-21,219.796,13.96391304347826
2024-08-22,360.077,18.86809523809524
2024-08-23,392.59,20.48958333333333
2024-08-24,449.134,12.37458333333333
2024-08-25,272.647,13.73041666666667
2024-08-26,229.226,14.84291666666667
2024-08-27,298.809,13.67083333333333
2024-08-28,157.013,10.22916666666667
2024-08-29,0.0,13.764
2024-08-30,287.599,14.4875
2024-08-31,48.511,24.65125
2024-09-01,0.0,24.2875
2024-09-02,397.858,19.79166666666667
2024-09-03,0.0,21.24833333333333
2024-09-04,182.577,27.38875
2024-09-05,0.0,16.5795652173913
2024-09-06,265.203,17.5475
2024-09-07,141.766,30.42333333333333
2024-09-08,320.104,11.67583333333334
2024-09-09,0.0,12.13166666666667
2024-09-10,136.813,11.03916666666667
2024-09-11,141.305,20.12695652173913
2024-09-12,147.15,16.97375
2024-09-13,269.099,23.215
2024-09-14,155.195,16.94916666666667
2024-09-15,152.719,14.82375
2024-09-16,0.0,14.90416666666667
2024-09-17,69.828,10.495
2024-09-18,240.949,11.0675
2024-09-19,530.573,15.14714285714286
2024-09-20,0.0,24.51791666666666
2024-09-21,0.0,25.68318181818182
2024-09-22,0.0,20.79208333333333
2024-09-23,171.662,15.14375
2024-09-24,250.875,21.11777777777778
2024-09-25,0.0,24.91428571428572
2024-09-26,225.921,25.63416666666667
2024-09-27,0.0,24.98416666666667
2024-09-28,0.0,19.92095238095238
2024-09-29,499.639,17.60791666666666
2024-09-30,0.0,16.69521739130435
2024-10-01,515.813,17.27333333333333
2024-10-02,511.729,18.73166666666667
2024-10-03,320.0,17.54916666666667
2024-10-04,0.0,20.91916666666667
2024-10-05,463.138,13.71875
2024-10-06,522.607,14.6575
2024-10-07,0.0,14.58458333333333
2024-10-08,0.0,12.48375
2024-10-09,441.771,16.53833333333333
2024-10-10,0.0,13.365
2024-10-11,423.012,13.24916666666667
2024-10-12,360.0,9.907083333333334
2024-10-13,239.497,7.03875
2024-10-14,0.0,7.927499999999999
2024-10-15,497.829,11.69833333333333
2024-10-16,222.674,20.88083333333333
2024-10-17,226.302,19.68625
2024-10-18,403.979,21.84416666666667
2024-10-19,215.127,22.85875
2024-10-20,401.394,18.985
2024-10-21,395.64,21.33708333333334
2024-10-22,351.017,21.49791666666667
2024-10-23,559.358,22.055
2024-10-24,180.297,23.2275
2024-10-25,321.019,18.94208333333333
2024-10-26,101.089,16.095
2024-10-27,0.0,20.30333333333333
2024-10-28,0.0,15.61541666666667
2024-10-29,0.0,19.19333333333333
2024-10-30,339.71,18.9425
2024-10-31,0.0,16.8825
2024-11-01,485.386,12.06875
2024-11-02,0.0,10.83916666666667
2024-11-03,0.0,11.2225
2024-11-04,409.0,12.17083333333333
2024-11-05,113.587,12.12375
2024-11-06,278.794,17.68
2024-11-07,582.867,24.17478260869565
2024-11-08,0.0,24.62791666666667
2024-11-09,0.0,21.37291666666667
2024-11-10,0.0,20.80791666666667
2024-11-11,350.113,25.77782608695652
2024-11-12,635.368,33.78894736842106
2024-11-13,0.0,31.70173913043478
2024-11-14,0.0,31.16318181818182
2024-11-15,714.25,30.80772727272727
2024-11-16,0.0,25.70541666666666
2024-11-17,425.523,10.23125
2024-11-18,0.0,18.18125
2024-11-19,441.622,20.94625
2024-11-20,404.957,17.86291666666667
2024-11-21,0.0,11.80666666666667
2024-11-22,0.0,19.09958333333333
2024-11-23,333.712,21.68958333333333
2024-11-24,474.825,17.355
2024-11-25,230.377,17.17041666666667
2024-11-26,310.552,18.90833333333333
2024-11-27,279.159,16.35458333333333
2024-11-28,580.845,18.92833333333333
