Fecha,ElCamal_x,ElCamal_y
2018-01-01,0,13.8715
2018-01-02,0,31.34478260869566
2018-01-03,0,26.555
2018-01-04,251.342,25.33863636363636
2018-01-05,506,24.87666666666667
2018-01-06,0,25.54875
2018-01-07,151.059,16.90541666666667
2018-01-08,323.343,21.88826086956522
2018-01-09,0,25.6605
2018-01-10,0,25.15666666666667
2018-01-11,265.371,28.57571428571429
2018-01-12,426.231,24.0825
2018-01-13,571.227,23.51166666666667
2018-01-14,0,11.24333333333333
2018-01-15,0,19.16375
2018-01-16,0,25.01
2018-01-17,0,19.89375
2018-01-18,0,20.10625
2018-01-19,0,16.7725
2018-01-20,0,14.34416666666667
2018-01-21,388.01,11.92125
2018-01-22,313.815,15.025
2018-01-23,0,18.65916666666667
2018-01-24,180.366,16.61041666666667
2018-01-25,453.234,13.72708333333333
2018-01-26,0,19.15791666666667
2018-01-27,0,16.72291666666667
2018-01-28,294.666,15.41416666666667
2018-01-29,217.611,20.01833333333333
2018-01-30,186.625,21.92904761904762
2018-01-31,209.913,23.84166666666667
2018-02-01,302.545,20.8175
2018-02-02,0,22.05958333333333
2018-02-03,486.721,20.78583333333333
2018-02-04,0,15.05166666666667
2018-02-05,0,14.945
2018-02-06,0,16.27
2018-02-07,537.694,17.17375
2018-02-08,350.595,16.22375
2018-02-09,322.276,19.91434782608696
2018-02-10,495.721,20.68375
2018-02-11,0,19.6975
2018-02-12,485.399,22.45333333333333
2018-02-13,502.712,25.20666666666667
2018-02-14,396.842,21.62833333333333
2018-02-15,0,18.84416666666667
2018-02-16,0,22.26708333333333
2018-02-17,0,20.65208333333333
2018-02-18,0,18.28375
2018-02-19,0,11.85083333333333
2018-02-20,0,17.12375
2018-02-21,307.485,16.68291666666667
2018-02-22,0,16.95458333333333
2018-02-23,0,13.31291666666667
2018-02-24,0,13.11666666666667
2018-02-25,321.463,14.94375
2018-02-26,538.003,16.06375
2018-02-27,0,19.63541666666667
2018-02-28,0,17.12291666666667
2018-03-01,333.795,21.24958333333333
2018-03-02,0,21.92958333333333
2018-03-03,0,20.14458333333333
2018-03-04,0,19.06375
2018-03-05,0,23.34208333333333
2018-03-06,0,20.42217391304348
2018-03-07,366,21.13875
2018-03-08,0,19.62565217391304
2018-03-09,380.608,19.91416666666667
2018-03-10,348.558,12.34875
2018-03-11,621.025,12.15708333333333
2018-03-12,344.056,14.92708333333333
2018-03-13,574.162,20.41458333333333
2018-03-14,273.991,21.83958333333333
2018-03-15,0,25.99304347826087
2018-03-16,0,26.04952380952381
2018-03-17,0,27.85541666666667
2018-03-18,590.123,19.08458333333333
2018-03-19,555.441,20.08958333333333
2018-03-20,539.025,25.28736842105263
2018-03-21,480.415,24.23333333333333
2018-03-22,0,19.31166666666667
2018-03-23,0,24.01
2018-03-24,0,28.28166666666667
2018-03-25,412.914,25.02166666666666
2018-03-26,555.862,24.90666666666667
2018-03-27,392.85,26.30304347826087
2018-03-28,405.244,25.32791666666667
2018-03-29,0,26.72125
2018-03-30,0,19.2325
2018-03-31,0,17.605
2018-04-01,0,16.25583333333333
2018-04-02,0,17.5375
2018-04-03,0,23.82958333333333
2018-04-04,0,19.66416666666667
2018-04-05,0,19.68045454545455
2018-04-06,0,24.68458333333334
2018-04-07,0,22.46333333333333
2018-04-08,549.03,20.80833333333333
2018-04-09,0,25.0175
2018-04-10,0,20.09708333333333
2018-04-11,0,35.41291666666667
2018-04-12,204.453,28.18666666666667
2018-04-13,0,22.72916666666667
2018-04-14,459.473,26.8475
2018-04-15,540,18.63833333333333
2018-04-16,0,26.24875
2018-04-17,390.045,19.33541666666667
2018-04-18,391.723,20.23541666666667
2018-04-19,473.609,14.79833333333333
2018-04-20,362.628,18.36541666666666
2018-04-21,353.54,21.54666666666667
2018-04-22,219.525,17.23625
2018-04-23,0,17.78625
2018-04-24,420.718,23.74045454545454
2018-04-25,0,23.30625
2018-04-26,0,26.86130434782609
2018-04-27,408.901,24.83083333333333
2018-04-28,0,17.5295652173913
2018-04-29,0,20.18869565217392
2018-04-30,0,21.62875
2018-05-01,537.899,25.06833333333333
2018-05-02,0,21.9775
2018-05-03,436.201,26.72666666666667
2018-05-04,309.257,26.8
2018-05-05,340.227,17.74791666666667
2018-05-06,0,17.34791666666667
2018-05-07,0,23.19291666666667
2018-05-08,0,20.7925
2018-05-09,0,26.21916666666667
2018-05-10,395.852,28.14125
2018-05-11,0,31.11416666666667
2018-05-12,0,22.93416666666667
2018-05-13,0,21.52416666666667
2018-05-14,516.187,22.76041666666667
2018-05-15,494.303,19.655
2018-05-16,0,21.8025
2018-05-17,344.618,23.49916666666667
2018-05-18,0,21.38625
2018-05-19,561.274,22.23833333333333
2018-05-20,0,27.15333333333333
2018-05-21,0,23.675
2018-05-22,0,26.63958333333333
2018-05-23,451.385,24.44739130434782
2018-05-24,0,24.20954545454546
2018-05-25,563.453,22.5975
2018-05-26,0,24.07791666666667
2018-05-27,0,26.41458333333334
2018-05-28,0,23.65444444444445
2018-05-29,0,
2018-05-30,291.75,
2018-05-31,139.529,
2018-06-01,227.699,16.825
2018-06-02,297.711,18.39916666666667
2018-06-03,0,15.44458333333333
2018-06-04,301.833,16.68708333333333
2018-06-05,466.154,10.45
2018-06-06,245.84,14.95916666666667
2018-06-07,176.867,16.16
2018-06-08,114.562,15.50708333333333
2018-06-09,253.681,15.08708333333333
2018-06-10,0,14.36208333333333
2018-06-11,234.602,21.44470588235294
2018-06-12,0,18.13208333333333
2018-06-13,125.752,19.54666666666667
2018-06-14,404.431,18.15625
2018-06-15,362.262,18.34818181818182
2018-06-16,409.867,18.81125
2018-06-17,0,8.25375
2018-06-18,337.652,14.38
2018-06-19,305.741,14.00375
2018-06-20,372.255,13.43083333333333
2018-06-21,327.531,12.19625
2018-06-22,217.015,19.93
2018-06-23,493,21.13583333333333
2018-06-24,0,19.15666666666667
2018-06-25,0,21.17958333333333
2018-06-26,0,21.24708333333333
2018-06-27,0,19.24791666666667
2018-06-28,0,25.20416666666667
2018-06-29,0,21.32125
2018-06-30,0,22.56
2018-07-01,331.634,13.23291666666667
2018-07-02,61.381,25.20521739130435
2018-07-03,171.822,18.71541666666667
2018-07-04,271.415,16.54708333333333
2018-07-05,0,13.33083333333333
2018-07-06,538.255,16.34291666666667
2018-07-07,0,15.355
2018-07-08,309.505,14.45041666666667
2018-07-09,336.32,10.96833333333333
2018-07-10,174.243,15.79652173913044
2018-07-11,170.087,13.2175
2018-07-12,174.98,14.40875
2018-07-13,286.689,14.57625
2018-07-14,306.405,23.555
2018-07-15,236.025,12.39791666666667
2018-07-16,175.328,11.1125
2018-07-17,277.704,21.80304347826087
2018-07-18,276.442,23.67
2018-07-19,246.837,23.96291666666667
2018-07-20,0,30.75291666666667
2018-07-21,0,25.57521739130435
2018-07-22,0,17.13125
2018-07-23,281.669,18.71541666666667
2018-07-24,311.949,15.2925
2018-07-25,313.174,14.59458333333333
2018-07-26,189.272,19.77958333333333
2018-07-27,440.982,24.83541666666667
2018-07-28,147.668,17.97
2018-07-29,0,18.75208333333333
2018-07-30,0,14.60916666666667
2018-07-31,0,21.53583333333333
2018-08-01,211.303,16.69958333333333
2018-08-02,176.833,16.84083333333333
2018-08-03,0,21.56125
2018-08-04,0,16.63958333333333
2018-08-05,244.045,19.00875
2018-08-06,0,12.82958333333333
2018-08-07,382.999,10.33958333333333
2018-08-08,369.402,9.031666666666666
2018-08-09,236.916,9.734583333333333
2018-08-10,252.091,9.367916666666668
2018-08-11,285.499,9.565833333333332
2018-08-12,231.536,7.791739130434783
2018-08-13,363.028,11.25666666666667
2018-08-14,353.955,16.20916666666666
2018-08-15,0,18.27625
2018-08-16,227.107,13.67208333333333
2018-08-17,376.286,10.935
2018-08-18,309.976,11.02708333333333
2018-08-19,320.241,9.764583333333333
2018-08-20,215.995,10.27
2018-08-21,271.439,21.166
2018-08-22,404.726,25.5425
2018-08-23,590.66,11.66666666666667
2018-08-24,252.642,10.8
2018-08-25,205.281,10.51833333333333
2018-08-26,291.991,8.098333333333334
2018-08-27,386.837,11.55875
2018-08-28,220.829,8.101666666666667
2018-08-29,175.933,12.25166666666667
2018-08-30,163.901,14.73416666666667
2018-08-31,0,20.18166666666667
2018-09-01,274.962,19.92791666666666
2018-09-02,385,14.69708333333333
2018-09-03,303.136,12.2275
2018-09-04,0,8.452916666666667
2018-09-05,515.885,14.49833333333333
2018-09-06,309.811,18.90583333333333
2018-09-07,0,28.85647058823529
2018-09-08,0,
2018-09-09,0,
2018-09-10,341,29.23529411764706
2018-09-11,0,25.93833333333333
2018-09-12,0,29.11791666666667
2018-09-13,389.973,26.41375
2018-09-14,0,23.84083333333333
2018-09-15,0,19.41458333333333
2018-09-16,0,15.45125
2018-09-17,97.274,25.67791666666666
2018-09-18,187.819,23.1775
2018-09-19,235.557,15.58
2018-09-20,124.164,12.025
2018-09-21,488.527,16.33583333333333
2018-09-22,391.318,14.53
2018-09-23,0,12.99041666666667
2018-09-24,361.75,11.31125
2018-09-25,0,12.67761904761905
2018-09-26,555.473,18.1475
2018-09-27,337.432,21.38291666666667
2018-09-28,190.698,18.41875
2018-09-29,282.572,18.89583333333333
2018-09-30,0,32.09333333333333
2018-10-01,512.965,32.08315789473684
2018-10-02,0,38.23277777777778
2018-10-03,236.591,35.63208333333333
2018-10-04,467.006,36.91416666666667
2018-10-05,328.001,34.80090909090909
2018-10-06,0,34.02958333333333
2018-10-07,0,29.39458333333333
2018-10-08,0,15.37583333333333
2018-10-09,0,24.53416666666666
2018-10-10,0,22.8775
2018-10-11,0,26.48958333333333
2018-10-12,318.699,23.06916666666666
2018-10-13,588,26.24708333333334
2018-10-14,364.043,20.54458333333333
2018-10-15,284.288,27.60916666666667
2018-10-16,452.986,29.5775
2018-10-17,345.97,35.72083333333333
2018-10-18,0,33.49916666666667
2018-10-19,202.113,39.03125
2018-10-20,0,27.09083333333334
2018-10-21,511.383,25.38416666666667
2018-10-22,579.123,25.68545454545455
2018-10-23,0,27.64125
2018-10-24,185.578,26.62157894736842
2018-10-25,0,30.245
2018-10-26,0,31.96625
2018-10-27,0,24.97458333333333
2018-10-28,349.673,25.25791666666667
2018-10-29,539.051,24.35347826086957
2018-10-30,215.485,25.24041666666666
2018-10-31,682,30.67045454545455
2018-11-01,0,24.25583333333333
2018-11-02,317.079,20.42666666666667
2018-11-03,0,18.5
2018-11-04,0,14.88416666666667
2018-11-05,0,20.10708333333333
2018-11-06,315.436,27.49952380952381
2018-11-07,310.79,28.77304347826087
2018-11-08,0,17.06041666666667
2018-11-09,0,21.30833333333333
2018-11-10,0,20.52875
2018-11-11,545.275,23.545
2018-11-12,0,23.12041666666667
2018-11-13,0,20.69958333333333
2018-11-14,0,25.24
2018-11-15,0,20.31291666666667
2018-11-16,0,25.09875
2018-11-17,0,31.92333333333333
2018-11-18,457.206,23.07625
2018-11-19,0,26.32545454545454
2018-11-20,0,26.00375
2018-11-21,569.033,27.26956521739131
2018-11-22,443.412,25.73227272727273
2018-11-23,480.03,21.48333333333333
2018-11-24,0,25.54583333333333
2018-11-25,573.069,20.01958333333333
2018-11-26,0,17.01791666666667
2018-11-27,0,25.14291666666666
2018-11-28,367.552,22.16409090909091
2018-11-29,0,26.88
2018-11-30,0,10.68111111111111
2018-12-01,298.646,24.81285714285714
2018-12-02,349.722,17.045
2018-12-03,0,27.2375
2018-12-04,480.551,30.46
2018-12-05,0,23.93333333333333
2018-12-06,342.279,27.95833333333333
2018-12-07,0,22.57875
2018-12-08,0,20.5775
2018-12-09,312.019,16.715
2018-12-10,527.192,17.94458333333333
2018-12-11,0,25.41
2018-12-12,0,25.34833333333333
2018-12-13,0,20.09625
2018-12-14,527.442,21.25772727272727
2018-12-15,0,22.77416666666666
2018-12-16,450.769,17.8075
2018-12-17,513.863,22.52125
2018-12-18,0,19.17173913043478
2018-12-19,0,23.51541666666667
2018-12-20,0,22.06125
2018-12-21,0,28.41083333333333
2018-12-22,421.174,
2018-12-23,175.936,13.57083333333333
2018-12-24,0,16.27083333333333
2018-12-25,392.547,13.29666666666667
2018-12-26,307.06,16.11833333333333
2018-12-27,0,15.44958333333333
2018-12-28,0,15.74125
2018-12-29,336.322,18.22375
2018-12-30,314.242,14.335
2018-12-31,0,13.4675
2019-01-01,292.218,10.60045454545455
2019-01-02,246.669,13.35041666666667
2019-01-03,387.257,16.47041666666667
2019-01-04,0,14.60791666666667
2019-01-05,397.363,15.56125
2019-01-06,0,18.94458333333333
2019-01-07,515,24.94
2019-01-08,0,16.05791666666667
2019-01-09,430,21.56130434782608
2019-01-10,0,15.3878947368421
2019-01-11,0,18.56625
2019-01-12,563.09,17.95125
2019-01-13,0,14.97
2019-01-14,435.521,18.52916666666667
2019-01-15,496.805,25.59958333333333
2019-01-16,0,27.41666666666667
2019-01-17,0,23.08708333333334
2019-01-18,493.649,26.60772727272727
2019-01-19,0,19.52
2019-01-20,0,11.32875
2019-01-21,333.546,19.1525
2019-01-22,261.521,17.8925
2019-01-23,345.423,15.54913043478261
2019-01-24,340.53,14.47791666666667
2019-01-25,261.668,19.90208333333333
2019-01-26,234.566,18.58333333333333
2019-01-27,351.426,16.79041666666667
2019-01-28,0,16.66958333333333
2019-01-29,0,20.46125
2019-01-30,542.045,20.4
2019-01-31,0,22.2975
2019-02-01,0,19.68041666666667
2019-02-02,494.972,16.78875
2019-02-03,0,14.19791666666667
2019-02-04,0,22.03875
2019-02-05,0,21.38833333333333
2019-02-06,531.487,22.55652173913043
2019-02-07,0,25.19791666666667
2019-02-08,467.87,24.77583333333333
2019-02-09,0,18.13333333333333
2019-02-10,570.245,18.52375
2019-02-11,0,19.63375
2019-02-12,467.489,18.4585
2019-02-13,0,18.32458333333333
2019-02-14,0,21.20434782608696
2019-02-15,572.254,27.64166666666667
2019-02-16,390.605,25.50291666666667
2019-02-17,303.318,22.54041666666667
2019-02-18,0,19.50833333333333
2019-02-19,0,16.64708333333333
2019-02-20,0,22.36375
2019-02-21,0,22.13041666666667
2019-02-22,822.54,20.685
2019-02-23,0,23.84541666666667
2019-02-24,0,11.94875
2019-02-25,0,18.68041666666667
2019-02-26,535.317,23.97416666666667
2019-02-27,0,19.49333333333333
2019-02-28,0,19.77541666666667
2019-03-01,554.581,19.26041666666667
2019-03-02,0,21.35708333333333
2019-03-03,0,22.09958333333333
2019-03-04,0,16.70333333333333
2019-03-05,0,21.9175
2019-03-06,0,25.22541666666666
2019-03-07,0,28.86136363636364
2019-03-08,339.156,25.92708333333333
2019-03-09,0,15.58083333333333
2019-03-10,444.359,13.30625
2019-03-11,0,16.04833333333333
2019-03-12,330.353,21.89083333333333
2019-03-13,0,28.81739130434783
2019-03-14,630.516,22.25625
2019-03-15,0,19.66375
2019-03-16,206.156,19.76708333333334
2019-03-17,531.611,20.30541666666667
2019-03-18,0,24.155
2019-03-19,0,19.725
2019-03-20,0,27.57833333333333
2019-03-21,366.846,22.93958333333333
2019-03-22,0,26.69208333333333
2019-03-23,364.513,38.63583333333333
2019-03-24,582.107,29.21
2019-03-25,0,27.89416666666667
2019-03-26,519.251,22.59583333333333
2019-03-27,0,26.86083333333333
2019-03-28,455.712,22.36625
2019-03-29,0,29.92791666666666
2019-03-30,0,30.60166666666667
2019-03-31,0,18.08083333333333
2019-04-01,0,20.67708333333333
2019-04-02,590,16.40545454545455
2019-04-03,0,27.16625
2019-04-04,0,22.48083333333333
2019-04-05,0,23.70333333333333
2019-04-06,492.335,18.80958333333333
2019-04-07,0,21.11041666666667
2019-04-08,0,23.84608695652174
2019-04-09,268.661,21.83304347826087
2019-04-10,0,21.40541666666667
2019-04-11,349.101,23.92434782608695
2019-04-12,0,22.01391304347826
2019-04-13,310.555,16.05666666666667
2019-04-14,437.051,16.47125
2019-04-15,0,20.01458333333333
2019-04-16,292.139,17.65416666666667
2019-04-17,0,20.53666666666667
2019-04-18,409.364,21.0375
2019-04-19,0,15.96666666666667
2019-04-20,0,19.15041666666667
2019-04-21,0,13.02958333333333
2019-04-22,478.987,22.52875
2019-04-23,0,18.70708333333333
2019-04-24,0,21.79833333333333
2019-04-25,436,22.96909090909091
2019-04-26,0,20.78909090909091
2019-04-27,0,25.62375
2019-04-28,520,15.51041666666667
2019-04-29,0,17.57583333333333
2019-04-30,0,18.06434782608696
2019-05-01,293.904,14.32166666666667
2019-05-02,337.772,18.64208333333334
2019-05-03,0,14.57291666666667
2019-05-04,360.844,13.30208333333333
2019-05-05,498,9.194583333333334
2019-05-06,434.265,14.18708333333333
2019-05-07,0,20.42166666666667
2019-05-08,0,20.87583333333333
2019-05-09,0,19.02458333333334
2019-05-10,0,18.05166666666667
2019-05-11,266.043,23.47
2019-05-12,0,20.11291666666667
2019-05-13,0,30.81
2019-05-14,0,27.5055
2019-05-15,0,18.9075
2019-05-16,328.068,17.64625
2019-05-17,0,17.80263157894737
2019-05-18,605.905,14.56916666666667
2019-05-19,0,13.50652173913043
2019-05-20,0,30.07333333333333
2019-05-21,0,26.70333333333333
2019-05-22,331.046,19.73333333333333
2019-05-23,0,22.95833333333333
2019-05-24,193.591,14.69666666666667
2019-05-25,495.147,16.60541666666667
2019-05-26,"1,319.42",19.76125
2019-05-27,395.771,24.75434782608696
2019-05-28,0,21.055
2019-05-29,0,20.22416666666667
2019-05-30,0,17.79208333333333
2019-05-31,0,18.8475
2019-06-01,445.803,19.03208333333333
2019-06-02,0,15.32708333333333
2019-06-03,0,16.38875
2019-06-04,286.666,15.51739130434783
2019-06-05,0,15.34916666666667
2019-06-06,0,12.73083333333333
2019-06-07,0,22.06791666666667
2019-06-08,321.175,21.95333333333333
2019-06-09,343.341,18.5075
2019-06-10,0,18.62666666666667
2019-06-11,531.462,24.52083333333333
2019-06-12,0,23.23916666666667
2019-06-13,0,29.01666666666667
2019-06-14,0,33.46083333333333
2019-06-15,0,24.15791666666667
2019-06-16,0,13.76125
2019-06-17,253.19,12.1075
2019-06-18,412.227,11.20166666666667
2019-06-19,340.461,17.43
2019-06-20,0,
2019-06-21,0,
2019-06-22,0,12.52538461538462
2019-06-23,0,10.70708333333334
2019-06-24,0,21.43625
2019-06-25,484.649,31.12
2019-06-26,115.458,22.17863636363636
2019-06-27,325.355,21.39291666666666
2019-06-28,160.193,16.37083333333333
2019-06-29,0,12.23041666666666
2019-06-30,345.056,9.1175
2019-07-01,0,14.65416666666667
2019-07-02,0,25.74875
2019-07-03,168.016,29.75411764705882
2019-07-04,339.688,20.20916666666666
2019-07-05,213.947,19.29652173913043
2019-07-06,534.043,9.197083333333333
2019-07-07,0,9.619166666666667
2019-07-08,0,15.23958333333333
2019-07-09,296.883,13.14416666666667
2019-07-10,288.995,9.832083333333333
2019-07-11,64.575,18.43409090909091
2019-07-12,397.911,25.64625
2019-07-13,490.619,20.58375
2019-07-14,0,13.6425
2019-07-15,0,18.135
2019-07-16,339.054,15.81
2019-07-17,320.678,15.37375
2019-07-18,306.642,11.85625
2019-07-19,195.991,11.4175
2019-07-20,282.649,9.610833333333334
2019-07-21,291.866,10.5425
2019-07-22,0,18.21625
2019-07-23,0,22.83875
2019-07-24,0,18.7375
2019-07-25,0,25.02478260869565
2019-07-26,0,18.67875
2019-07-27,179.886,20.49833333333333
2019-07-28,190,9.045416666666666
2019-07-29,138.861,15.125
2019-07-30,146.592,15.99041666666667
2019-07-31,0,14.49833333333333
2019-08-01,221.683,15.88875
2019-08-02,0,22.92
2019-08-03,337.262,12.43916666666667
2019-08-04,351.456,8.578750000000001
2019-08-05,225.092,14.5375
2019-08-06,212.133,12.85375
2019-08-07,422.84,14.08375
2019-08-08,300.285,14.23041666666667
2019-08-09,384.55,14.16458333333333
2019-08-10,375.116,11.24125
2019-08-11,340.931,6.576666666666667
2019-08-12,323.023,12.06791666666667
2019-08-13,506.079,17.63291666666667
2019-08-14,0,23.74913043478261
2019-08-15,0,28.1
2019-08-16,0,15.9975
2019-08-17,0,16.43708333333333
2019-08-18,332,12.70708333333334
2019-08-19,375.111,20.30291666666666
2019-08-20,0,15.09333333333333
2019-08-21,312.413,10.66291666666667
2019-08-22,308.033,11.18083333333333
2019-08-23,0,17.31125
2019-08-24,299.986,17.4625
2019-08-25,0,10.65791666666667
2019-08-26,271.585,14.73625
2019-08-27,337.019,12.46416666666667
2019-08-28,250.784,12.12833333333333
2019-08-29,289.914,19.835
2019-08-30,164.799,20.68130434782609
2019-08-31,394.061,16.5175
2019-09-01,0,11.62875
2019-09-02,222.527,17.96666666666667
2019-09-03,0,20.52291666666667
2019-09-04,0,11.34166666666667
2019-09-05,385.065,15.81833333333333
2019-09-06,294.451,12.12041666666667
2019-09-07,246.266,10.155
2019-09-08,137.338,10.35041666666667
2019-09-09,351.848,9.864583333333334
2019-09-10,0,17.64916666666667
2019-09-11,301.183,24.36041666666667
2019-09-12,0,29.1952380952381
2019-09-13,287.08,17.01125
2019-09-14,0,27.33190476190476
2019-09-15,0,18.58727272727273
2019-09-16,232.395,24.54291666666667
2019-09-17,0,28.06666666666667
2019-09-18,0,27.67260869565218
2019-09-19,0,26.05125
2019-09-20,0,27.49043478260869
2019-09-21,0,28.14666666666666
2019-09-22,462.178,17.24875
2019-09-23,0,13.76208333333333
2019-09-24,0,25.865
2019-09-25,0,28.30083333333333
2019-09-26,0,26.18958333333333
2019-09-27,388.614,20.31666666666667
2019-09-28,0,22.30541666666667
2019-09-29,303.343,20.10041666666667
2019-09-30,569.479,22.44041666666666
2019-10-01,433.442,31.78625
2019-10-02,0,23.06291666666667
2019-10-03,0,21.65304347826087
2019-10-04,464.252,17.05333333333333
2019-10-05,0,18.0
2019-10-06,0,14.47
2019-10-07,0,13.67833333333333
2019-10-08,0,19.90333333333333
2019-10-09,0,16.36826086956522
2019-10-10,0,13.54142857142857
2019-10-11,0,13.43208333333333
2019-10-12,0,28.72
2019-10-13,0,18.60916666666667
2019-10-14,249.011,21.41875
2019-10-15,0,24.70888888888889
2019-10-16,540.179,19.78952380952381
2019-10-17,550.5,23.18708333333333
2019-10-18,0,26.83227272727273
2019-10-19,0,21.70291666666667
2019-10-20,0,14.65208333333333
2019-10-21,0,22.62458333333333
2019-10-22,0,14.04708333333333
2019-10-23,0,19.27375
2019-10-24,0,31.6605
2019-10-25,435.948,27.53
2019-10-26,0,23.86666666666666
2019-10-27,0,18.70666666666667
2019-10-28,0,17.77708333333333
2019-10-29,304.476,21.47208333333333
2019-10-30,547.184,24.44708333333334
2019-10-31,0,22.84478260869565
2019-11-01,452.053,16.70541666666667
2019-11-02,0,17.12708333333333
2019-11-03,445.532,13.67666666666667
2019-11-04,0,15.37041666666667
2019-11-05,404.832,18.21208333333334
2019-11-06,0,19.03333333333333
2019-11-07,405.524,20.90695652173913
2019-11-08,428.352,23.51958333333333
2019-11-09,510,16.96291666666667
2019-11-10,0,15.69
2019-11-11,0,19.695
2019-11-12,0,22.16958333333333
2019-11-13,0,19.06083333333333
2019-11-14,0,16.38458333333334
2019-11-15,0,17.00875
2019-11-16,0,20.395
2019-11-17,384.533,12.4675
2019-11-18,283.708,19.60416666666667
2019-11-19,0,24.18875
2019-11-20,0,20.06708333333333
2019-11-21,598.344,18.83916666666667
2019-11-22,0,20.81416666666667
2019-11-23,0,21.27208333333333
2019-11-24,354.445,19.38208333333333
2019-11-25,452.761,20.62791666666667
2019-11-26,417.653,21.84833333333333
2019-11-27,0,20.095
2019-11-28,0,19.92583333333333
2019-11-29,0,28.45458333333333
2019-11-30,540,16.55375
2019-12-01,0,18.9375
2019-12-02,398.139,16.158125
2019-12-03,344.043,21.2475
2019-12-04,696.326,19.78708333333333
2019-12-05,519.695,18.96291666666667
2019-12-06,0,19.53958333333333
2019-12-07,0,14.12166666666667
2019-12-08,0,14.2
2019-12-09,511.228,21.95541666666666
2019-12-10,0,18.35826086956522
2019-12-11,578,19.1345
2019-12-12,0,17.22666666666667
2019-12-13,526.266,27.48454545454545
2019-12-14,441.594,23.74541666666667
2019-12-15,0,25.43083333333334
2019-12-16,556.285,16.69909090909091
2019-12-17,322.988,17.81916666666667
2019-12-18,337.42,25.07666666666667
2019-12-19,378.567,22.30347826086956
2019-12-20,0,25.19043478260869
2019-12-21,0,22.675
2019-12-22,0,17.64
2019-12-23,386.565,17.9765
2019-12-24,0,20.48958333333333
2019-12-25,300.4,14.16083333333333
2019-12-26,352.113,15.64791666666667
2019-12-27,432.25,15.54583333333333
2019-12-28,429.725,17.22833333333334
2019-12-29,395.625,16.78958333333333
2019-12-30,0,13.9175
2019-12-31,0,14.43416666666667
2020-01-01,0,9.281
2020-01-02,0,15.50166666666667
2020-01-03,421.335,19.78708333333333
2020-01-04,233.49,21.86583333333333
2020-01-05,454.169,10.32833333333333
2020-01-06,340.397,13.81041666666667
2020-01-07,0,24.31684210526316
2020-01-08,491.477,22.6275
2020-01-09,379.374,20.42291666666667
2020-01-10,415.953,15.27333333333333
2020-01-11,321.749,16.7725
2020-01-12,369.582,
2020-01-13,337.335,15.285625
2020-01-14,284.209,17.91583333333334
2020-01-15,295.959,25.44863636363636
2020-01-16,390.135,14.57166666666667
2020-01-17,388.091,13.73333333333333
2020-01-18,497.782,11.165
2020-01-19,516.158,12.15166666666667
2020-01-20,0,15.93125
2020-01-21,0,17.74208333333333
2020-01-22,0,18.74291666666667
2020-01-23,0,16.96833333333333
2020-01-24,560.595,17.11916666666667
2020-01-25,0,22.96347826086956
2020-01-26,511.043,17.31208333333333
2020-01-27,0,23.13125
2020-01-28,271.795,25.83833333333333
2020-01-29,0,22.61333333333333
2020-01-30,0,27.9675
2020-01-31,0,25.16333333333333
2020-02-01,0,31.48333333333333
2020-02-02,514.295,19.85791666666666
2020-02-03,389.962,21.97826086956522
2020-02-04,475.186,22.41791666666667
2020-02-05,345.932,30.73541666666667
2020-02-06,275.479,27.78090909090909
2020-02-07,283.523,25.61086956521739
2020-02-08,0,27.39166666666667
2020-02-09,543.711,14.74375
2020-02-10,0,25.07
2020-02-11,335.318,24.74217391304348
2020-02-12,0,27.01826086956521
2020-02-13,303.567,24.53041666666667
2020-02-14,197.251,31.72333333333333
2020-02-15,506.388,23.62166666666667
2020-02-16,388.201,15.39142857142857
2020-02-17,562,16.00791666666667
2020-02-18,535.745,17.15916666666667
2020-02-19,0,20.315
2020-02-20,0,27.58333333333333
2020-02-21,0,27.31583333333333
2020-02-22,0,21.57458333333333
2020-02-23,0,17.90416666666667
2020-02-24,0,15.45041666666667
2020-02-25,0,16.46833333333333
2020-02-26,0,20.30875
2020-02-27,0,19.3585
2020-02-28,0,23.71416666666667
2020-02-29,480.779,21.1375
2020-03-01,348.381,19.09625
2020-03-02,0,24.88583333333333
2020-03-03,468.303,22.52791666666667
2020-03-04,0,22.21791666666667
2020-03-05,0,20.71619047619048
2020-03-06,0,24.46916666666667
2020-03-07,0,23.28375
2020-03-08,0,16.7025
2020-03-09,639.8,31.17826086956522
2020-03-10,512.564,27.48416666666667
2020-03-11,0,18.6675
2020-03-12,0,27.93208333333333
2020-03-13,0,18.61333333333333
2020-03-14,0,13.76916666666667
2020-03-15,0,12.07541666666667
2020-03-16,0,12.19041666666667
2020-03-17,0,11.47958333333333
2020-03-18,323.329,14.80541666666667
2020-03-19,412.224,11.31916666666667
2020-03-20,0,7.939583333333334
2020-03-21,348.723,9.844583333333334
2020-03-22,150.714,11.39583333333333
2020-03-23,620.647,18.14791666666667
2020-03-24,455.041,19.675
2020-03-25,0,24.61416666666667
2020-03-26,0,15.46625
2020-03-27,0,14.66791666666666
2020-03-28,0,10.0925
2020-03-29,0,13.56458333333333
2020-03-30,0,19.46708333333333
2020-03-31,0,14.08875
2020-04-01,0,5.87
2020-04-02,0,5.01
2020-04-03,302.147,5.01
2020-04-04,602.338,5.01
2020-04-05,0,5.01
2020-04-06,433.862,5.01
2020-04-07,0,5.01
2020-04-08,458.841,5.01
2020-04-09,0,5.01
2020-04-10,0,5.01
2020-04-11,0,5.01
2020-04-12,0,5.01
2020-04-13,0,5.01
2020-04-14,0,5.01
2020-04-15,0,5.01
2020-04-16,0,5.01
2020-04-17,0,5.01
2020-04-18,0,5.01
2020-04-19,397.339,5.01
2020-04-20,311.122,5.01
2020-04-21,0,5.01
2020-04-22,445.587,5.01
2020-04-23,503,5.01
2020-04-24,0,5.01
2020-04-25,0,5.01
2020-04-26,413.372,5.01
2020-04-27,0,5.01
2020-04-28,0,5.01
2020-04-29,468.717,5.01
2020-04-30,0,5.01
2020-05-01,0,5.01
2020-05-02,0,5.01
2020-05-03,0,5.01
2020-05-04,0,5.01
2020-05-05,0,5.01
2020-05-06,0,5.01
2020-05-07,0,5.01
2020-05-08,340.392,5.01
2020-05-09,0,5.01
2020-05-10,556.724,5.01
2020-05-11,422.996,5.01
2020-05-12,0,
2020-05-13,0,17.06
2020-05-14,0,22.4875
2020-05-15,362.506,14.95708333333333
2020-05-16,0,11.38416666666667
2020-05-17,374.551,10.97958333333333
2020-05-18,507.577,16.63
2020-05-19,443.333,13.85333333333333
2020-05-20,309.184,12.7825
2020-05-21,0,14.39208333333333
2020-05-22,0,14.8225
2020-05-23,384.43,12.80125
2020-05-24,476.313,9.446250000000001
2020-05-25,459.323,10.315
2020-05-26,414.028,13.94916666666667
2020-05-27,390.037,10.23916666666667
2020-05-28,446.292,14.94958333333333
2020-05-29,0,14.17625
2020-05-30,0,12.37833333333333
2020-05-31,343.766,13.75166666666667
2020-06-01,0,14.2275
2020-06-02,440.766,16.26791666666667
2020-06-03,0,18.93083333333333
2020-06-04,332.934,20.08458333333333
2020-06-05,0,18.15083333333333
2020-06-06,170.337,14.05666666666667
2020-06-07,243.337,12.38583333333333
2020-06-08,0,12.7075
2020-06-09,0,16.13166666666667
2020-06-10,0,20.24791666666667
2020-06-11,183.544,21.61125
2020-06-12,0,21.29666666666667
2020-06-13,0,28.28291666666667
2020-06-14,318.046,16.65583333333333
2020-06-15,0,10.60625
2020-06-16,468.793,19.58458333333333
2020-06-17,0,14.59041666666667
2020-06-18,337.131,15.40958333333334
2020-06-19,362,17.76291666666667
2020-06-20,0,17.035
2020-06-21,373.621,13.40625
2020-06-22,376.182,15.32375
2020-06-23,0,17.7275
2020-06-24,0,18.79
2020-06-25,0,18.8
2020-06-26,422.959,17.46
2020-06-27,302.559,16.9725
2020-06-28,459.014,16.36375
2020-06-29,419.337,19.75458333333333
2020-06-30,0,16.27208333333333
2020-07-01,0,21.48333333333333
2020-07-02,0,18.30291666666666
2020-07-03,0,20.59583333333333
2020-07-04,0,19.49333333333333
2020-07-05,0,15.90791666666667
2020-07-06,381.714,23.32833333333333
2020-07-07,0,18.6775
2020-07-08,400.834,20.94833333333333
2020-07-09,401.016,20.16041666666667
2020-07-10,0,17.92708333333333
2020-07-11,0,19.66958333333333
2020-07-12,367.041,17.90083333333333
2020-07-13,0,15.46208333333333
2020-07-14,0,19.70695652173913
2020-07-15,508.116,12.03875
2020-07-16,217.334,10.41583333333333
2020-07-17,0,12.94041666666667
2020-07-18,343.768,10.30458333333333
2020-07-19,0,10.55208333333333
2020-07-20,442,13.91727272727273
2020-07-21,0,16.62208333333333
2020-07-22,0,21.63625
2020-07-23,0,14.66166666666667
2020-07-24,371.572,17.6425
2020-07-25,335.432,18.63916666666666
2020-07-26,475.644,16.09
2020-07-27,0,13.32692307692308
2020-07-28,301.506,21.09791666666667
2020-07-29,0,15.64166666666667
2020-07-30,0,14.77083333333333
2020-07-31,348.062,12.33166666666667
2020-08-01,447.238,11.96166666666667
2020-08-02,0,10.56125
2020-08-03,447.273,16.47958333333333
2020-08-04,350.069,13.89708333333333
2020-08-05,372.346,13.56708333333333
2020-08-06,373.4,12.36958333333333
2020-08-07,296.993,14.20666666666667
2020-08-08,273.26,12.60333333333333
2020-08-09,190.419,11.14333333333333
2020-08-10,262.154,12.8525
2020-08-11,517.032,19.43291666666667
2020-08-12,358.96,21.80583333333334
2020-08-13,208.769,21.49454545454546
2020-08-14,269.069,19.06416666666667
2020-08-15,566.16,18.88083333333333
2020-08-16,268.611,17.21541666666667
2020-08-17,278.025,19.45916666666666
2020-08-18,0,22.09
2020-08-19,553.219,17.65416666666667
2020-08-20,0,16.65125
2020-08-21,0,13.55166666666667
2020-08-22,0,16.02291666666667
2020-08-23,213.069,16.97916666666667
2020-08-24,95.299,21.22375
2020-08-25,316.401,21.55958333333334
2020-08-26,207.86,18.8375
2020-08-27,0,16.87916666666667
2020-08-28,500.753,17.81958333333333
2020-08-29,0,19.66666666666667
2020-08-30,136.489,15.96708333333333
2020-08-31,265.097,21.4175
2020-09-01,0,13.70458333333333
2020-09-02,312.102,18.24833333333333
2020-09-03,0,16.21625
2020-09-04,436.019,13.49739130434783
2020-09-05,0,13.20916666666667
2020-09-06,0,18.00125
2020-09-07,574.463,16.62
2020-09-08,0,18.9485
2020-09-09,0,14.54833333333333
2020-09-10,0,16.50833333333333
2020-09-11,256.299,17.54541666666666
2020-09-12,0,16.4825
2020-09-13,406,12.89083333333333
2020-09-14,355.87,11.14041666666667
2020-09-15,0,14.62541666666667
2020-09-16,497.762,27.95166666666667
2020-09-17,302.352,21.76375
2020-09-18,0,24.97916666666667
2020-09-19,0,29.0825
2020-09-20,422.221,21.87583333333333
2020-09-21,0,18.85916666666667
2020-09-22,394.606,15.03833333333333
2020-09-23,0,19.72833333333334
2020-09-24,0,12.305
2020-09-25,439.054,12.17666666666667
2020-09-26,174.16,19.91166666666667
2020-09-27,284.61,27.33869565217391
2020-09-28,0,22.6825
2020-09-29,332.882,22.33833333333333
2020-09-30,0,18.06333333333333
2020-10-01,416.86,13.6185
2020-10-02,167.143,16.2625
2020-10-03,0,25.85833333333333
2020-10-04,0,13.81583333333333
2020-10-05,0,9.665416666666667
2020-10-06,400.592,14.13291666666667
2020-10-07,0,13.18416666666667
2020-10-08,504.089,12.08083333333333
2020-10-09,467.261,14.42875
2020-10-10,297.566,17.12333333333333
2020-10-11,166.095,12.01333333333333
2020-10-12,311.803,9.170416666666666
2020-10-13,304.301,10.59086956521739
2020-10-14,0,18.695
2020-10-15,291.625,14.39541666666667
2020-10-16,491.851,13.1775
2020-10-17,398.137,11.15416666666667
2020-10-18,0,17.13541666666667
2020-10-19,343.133,19.275
2020-10-20,346.315,26.40916666666667
2020-10-21,0,16.75708333333333
2020-10-22,0,10.21166666666667
2020-10-23,0,14.19666666666667
2020-10-24,563.167,20.895
2020-10-25,577.691,20.97625
2020-10-26,399.742,19.75625
2020-10-27,0,20.27083333333333
2020-10-28,0,15.12916666666667
2020-10-29,564.99,17.08541666666667
2020-10-30,416.292,19.8825
2020-10-31,929.234,22.44916666666667
2020-11-01,385.621,20.4375
2020-11-02,377.847,18.05166666666667
2020-11-03,149.411,20.50625
2020-11-04,265.407,23.68875
2020-11-05,460.901,29.36416666666667
2020-11-06,0,30.91
2020-11-07,460.5,22.69
2020-11-08,0,19.78125
2020-11-09,284.585,18.96833333333333
2020-11-10,320.598,31.28166666666667
2020-11-11,432.269,29.81166666666667
2020-11-12,559.967,26.3115
2020-11-13,312.573,34.57625
2020-11-14,0,37.4775
2020-11-15,0,35.38208333333333
2020-11-16,0,36.87608695652174
2020-11-17,0,31.74083333333333
2020-11-18,0,27.46666666666667
2020-11-19,485.706,28.03375
2020-11-20,0,18.83291666666667
2020-11-21,565,28.07458333333333
2020-11-22,0,27.2325
2020-11-23,0,23.63333333333334
2020-11-24,0,13.485
2020-11-25,547.694,14.09666666666667
2020-11-26,445.913,17.96916666666667
2020-11-27,0,20.5175
2020-11-28,550.256,25.63916666666667
2020-11-29,450.725,19.40583333333333
2020-11-30,448.887,20.80166666666667
2020-12-01,0,15.69291666666667
2020-12-02,0,16.84583333333333
2020-12-03,540,19.19541666666667
2020-12-04,509.581,15.46875
2020-12-05,0,19.725
2020-12-06,517,10.18083333333333
2020-12-07,379.478,15.76083333333333
2020-12-08,0,13.19
2020-12-09,0,18.44791666666667
2020-12-10,0,18.48916666666667
2020-12-11,465.935,23.0275
2020-12-12,0,24.73541666666667
2020-12-13,0,18.33
2020-12-14,0,16.34916666666667
2020-12-15,591.5,19.20652173913043
2020-12-16,0,22.49761904761905
2020-12-17,0,23.1125
2020-12-18,549.938,18.5875
2020-12-19,494.41,16.09041666666667
2020-12-20,327.634,13.38166666666667
2020-12-21,396.866,18.2575
2020-12-22,0,22.61416666666667
2020-12-23,538.752,20.54166666666667
2020-12-24,0,18.955
2020-12-25,0,14.61
2020-12-26,0,12.785
2020-12-27,0,11.6225
2020-12-28,0,14.33125
2020-12-29,481.734,18.25625
2020-12-30,0,15.34625
2020-12-31,0,23.03227272727273
2021-01-01,0,18.01866666666666
2021-01-02,0,14.3825
2021-01-03,0,11.2175
2021-01-04,0,13.42041666666667
2021-01-05,0,14.64958333333333
2021-01-06,0,17.57833333333333
2021-01-07,0,13.93833333333333
2021-01-08,529,18.23916666666667
2021-01-09,0,18.8375
2021-01-10,588,16.99791666666667
2021-01-11,0,18.79521739130434
2021-01-12,0,19.42666666666667
2021-01-13,564,16.42208333333333
2021-01-14,508.984,21.01666666666667
2021-01-15,469.203,18.9125
2021-01-16,0,13.20666666666667
2021-01-17,469.229,15.01125
2021-01-18,0,17.86791666666667
2021-01-19,466.163,17.48666666666667
2021-01-20,0,17.72625
2021-01-21,333.115,17.05958333333333
2021-01-22,0,19.76083333333333
2021-01-23,538.345,16.53291666666667
2021-01-24,417,14.45375
2021-01-25,0,21.54291666666667
2021-01-26,0,18.59875
2021-01-27,0,14.88083333333333
2021-01-28,439.737,16.26458333333333
2021-01-29,370.967,16.09958333333333
2021-01-30,353.513,13.8175
2021-01-31,244.353,12.68458333333333
2021-02-01,327.752,18.45041666666667
2021-02-02,506.69,18.99458333333333
2021-02-03,0,20.44875
2021-02-04,0,17.99583333333333
2021-02-05,0,19.12541666666667
2021-02-06,568,20.875
2021-02-07,393.549,16.92916666666667
2021-02-08,0,18.30625
2021-02-09,491.654,18.07166666666667
2021-02-10,0,16.31916666666666
2021-02-11,0,12.80791666666667
2021-02-12,0,21.15166666666667
2021-02-13,590.794,20.08666666666667
2021-02-14,0,19.69291666666667
2021-02-15,0,23.29458333333334
2021-02-16,0,15.48375
2021-02-17,0,11.30708333333333
2021-02-18,0,15.525
2021-02-19,0,13.15166666666667
2021-02-20,528.948,15.58916666666667
2021-02-21,0,14.53708333333333
2021-02-22,0,17.6445
2021-02-23,0,26.99125
2021-02-24,0,17.26916666666667
2021-02-25,0,17.21166666666667
2021-02-26,0,16.27625
2021-02-27,0,19.99083333333333
2021-02-28,0,16.05625
2021-03-01,0,15.13583333333333
2021-03-02,0,17.28666666666667
2021-03-03,0,17.03458333333333
2021-03-04,485.925,17.48833333333333
2021-03-05,0,22.11869565217392
2021-03-06,407.476,23.14708333333333
2021-03-07,0,21.63416666666667
2021-03-08,0,16.98291666666666
2021-03-09,0,17.38958333333333
2021-03-10,0,17.74416666666667
2021-03-11,0,22.35625
2021-03-12,0,19.54666666666667
2021-03-13,0,21.08083333333333
2021-03-14,0,13.44695652173913
2021-03-15,0,21.05125
2021-03-16,0,16.56875
2021-03-17,0,24.39958333333334
2021-03-18,0,17.78416666666667
2021-03-19,0,21.89833333333333
2021-03-20,0,17.23375
2021-03-21,0,16.71291666666667
2021-03-22,0,14.36
2021-03-23,0,17.04666666666667
2021-03-24,0,20.46083333333333
2021-03-25,522,21.50913043478261
2021-03-26,442.052,22.62625
2021-03-27,0,24.11083333333333
2021-03-28,0,19.3225
2021-03-29,0,21.0875
2021-03-30,0,14.98541666666667
2021-03-31,196,16.22833333333334
2021-04-01,0,16.76291666666667
2021-04-02,452.369,14.95291666666667
2021-04-03,0,16.29708333333333
2021-04-04,0,14.30291666666667
2021-04-05,0,19.56416666666667
2021-04-06,484.476,16.00208333333333
2021-04-07,507.333,23.16625
2021-04-08,0,13.6175
2021-04-09,0,18.12791666666667
2021-04-10,0,22.98041666666667
2021-04-11,344.313,17.23083333333333
2021-04-12,0,9.31421052631579
2021-04-13,0,15.64583333333333
2021-04-14,0,11.30833333333333
2021-04-15,0,18.87083333333333
2021-04-16,468.583,19.10833333333333
2021-04-17,0,23.2575
2021-04-18,0,19.78291666666667
2021-04-19,0,20.88
2021-04-20,361.867,20.125
2021-04-21,445.044,19.38375
2021-04-22,292.792,24.94916666666667
2021-04-23,510.037,17.50125
2021-04-24,0,
2021-04-25,519.311,17.15619047619047
2021-04-26,0,14.745
2021-04-27,447.692,20.23125
2021-04-28,0,17.50041666666667
2021-04-29,0,20.41875
2021-04-30,0,15.19625
2021-05-01,0,14.92041666666667
2021-05-02,0,14.39291666666667
2021-05-03,0,18.01875
2021-05-04,240.665,22.53375
2021-05-05,0,16.50125
2021-05-06,373.606,15.33125
2021-05-07,734.602,21.95416666666667
2021-05-08,0,15.04041666666667
2021-05-09,317.821,13.82208333333333
2021-05-10,480.3,10.58291666666667
2021-05-11,356.395,11.76083333333333
2021-05-12,0,18.13416666666667
2021-05-13,243.943,17.99875
2021-05-14,546.408,17.05791666666667
2021-05-15,0,14.38208333333333
2021-05-16,0,12.08375
2021-05-17,0,16.26208333333333
2021-05-18,0,14.99916666666667
2021-05-19,0,17.48958333333333
2021-05-20,272.755,16.83
2021-05-21,270.234,19.45916666666666
2021-05-22,422.548,11.81416666666667
2021-05-23,365.737,11.085
2021-05-24,504.245,14.49708333333333
2021-05-25,0,18.73583333333334
2021-05-26,0,14.59
2021-05-27,0,14.50541666666667
2021-05-28,368.063,19.47791666666667
2021-05-29,249.394,21.4975
2021-05-30,573,18.90041666666667
2021-05-31,487.514,24.97434782608696
2021-06-01,232.514,22.225
2021-06-02,0,21.281
2021-06-03,366.375,13.32458333333333
2021-06-04,0,16.07125
2021-06-05,349.234,16.84375
2021-06-06,0,15.34083333333333
2021-06-07,0,14.79791666666667
2021-06-08,0,18.03708333333333
2021-06-09,0,20.63583333333333
2021-06-10,267.748,21.12958333333333
2021-06-11,0,29.97083333333333
2021-06-12,379.756,21.85916666666667
2021-06-13,0,15.13541666666667
2021-06-14,0,21.09583333333333
2021-06-15,0,18.56190476190476
2021-06-16,0,22.29625
2021-06-17,278.703,16.03583333333333
2021-06-18,0,17.25291666666667
2021-06-19,0,17.90333333333333
2021-06-20,352.512,12.19958333333333
2021-06-21,414,11.39833333333333
2021-06-22,279.499,16.3
2021-06-23,0,16.83541666666667
2021-06-24,186.046,18.00541666666667
2021-06-25,533.054,17.08166666666667
2021-06-26,0,19.29875
2021-06-27,0,18.39375
2021-06-28,0,17.55416666666667
2021-06-29,145.713,12.93625
2021-06-30,356.672,10.9525
2021-07-01,394.175,12.42833333333333
2021-07-02,0,15.45083333333333
2021-07-03,240.499,15.39791666666667
2021-07-04,0,9.876666666666667
2021-07-05,213.043,17.0125
2021-07-06,279.46,11.10375
2021-07-07,122.926,13.63291666666667
2021-07-08,399.799,16.54041666666667
2021-07-09,438.578,18.94708333333334
2021-07-10,0,23.17
2021-07-11,0,19.075
2021-07-12,502.406,16.42541666666667
2021-07-13,0,12.30875
2021-07-14,278.952,15.10375
2021-07-15,138.505,12.92083333333333
2021-07-16,336.612,19.4925
2021-07-17,0,20.03958333333333
2021-07-18,384.549,14.11458333333333
2021-07-19,479.25,11.38625
2021-07-20,0,17.49714285714286
2021-07-21,233.368,14.22260869565217
2021-07-22,0,9.234166666666667
2021-07-23,0,12.74916666666667
2021-07-24,0,15.12478260869565
2021-07-25,0,12.465
2021-07-26,0,20.53125
2021-07-27,537.609,20.96541666666667
2021-07-28,458.622,16.04833333333334
2021-07-29,0,12.34333333333333
2021-07-30,0,10.21541666666667
2021-07-31,429.368,13.2775
2021-08-01,304.823,8.741666666666667
2021-08-02,0,7.894583333333333
2021-08-03,226.205,8.332083333333333
2021-08-04,509.97,10.14958333333333
2021-08-05,0,13.862
2021-08-06,318.318,15.88041666666667
2021-08-07,0,17.96083333333333
2021-08-08,394.003,19.94166666666667
2021-08-09,0,22.48833333333333
2021-08-10,343.688,13.41458333333333
2021-08-11,0,14.79291666666666
2021-08-12,0,19.74958333333333
2021-08-13,410.263,20.85916666666667
2021-08-14,0,24.6475
2021-08-15,486.188,20.46416666666667
2021-08-16,0,21.33375
2021-08-17,503.139,19.59875
2021-08-18,0,19.37125
2021-08-19,448.815,16.93708333333333
2021-08-20,168.463,20.21791666666667
2021-08-21,0,20.04541666666666
2021-08-22,0,13.38904761904762
2021-08-23,0,18.84307692307693
2021-08-24,0,22.65083333333333
2021-08-25,0,20.1
2021-08-26,0,20.18625
2021-08-27,0,25.02625
2021-08-28,0,20.88666666666667
2021-08-29,0,17.26333333333333
2021-08-30,0,17.83041666666667
2021-08-31,283.689,24.66833333333333
2021-09-01,396.6,12.1575
2021-09-02,472.027,14.50875
2021-09-03,332.653,18.99333333333333
2021-09-04,358.275,14.75708333333333
2021-09-05,0,12.59875
2021-09-06,0,14.77625
2021-09-07,408.061,18.98666666666667
2021-09-08,0,27.72958333333333
2021-09-09,247.06,21.36041666666667
2021-09-10,444.27,20.00625
2021-09-11,0,20.90833333333333
2021-09-12,0,17.12583333333333
2021-09-13,365.75,19.66666666666667
2021-09-14,247.11,17.36409090909091
2021-09-15,0,18.53875
2021-09-16,312.66,13.20833333333333
2021-09-17,359.151,12.58291666666667
2021-09-18,0,14.76041666666667
2021-09-19,313.267,17.35833333333333
2021-09-20,416.063,21.21166666666667
2021-09-21,0,21.08791666666667
2021-09-22,0,19.87416666666667
2021-09-23,0,19.25416666666667
2021-09-24,0,15.09
2021-09-25,390.108,7.8125
2021-09-26,0,7.681666666666666
2021-09-27,124.982,13.82791666666667
2021-09-28,0,16.49833333333333
2021-09-29,0,17.78909090909091
2021-09-30,0,17.78333333333333
2021-10-01,0,24.07666666666667
2021-10-02,416.311,26.69958333333333
2021-10-03,568.667,28.46947368421052
2021-10-04,0,23.446
2021-10-05,0,24.52666666666667
2021-10-06,0,23.55583333333334
2021-10-07,335.146,18.14791666666667
2021-10-08,0,22.23666666666666
2021-10-09,376.776,18.65083333333333
2021-10-10,0,18.58708333333333
2021-10-11,396.378,23.0725
2021-10-12,452.74,20.21833333333333
2021-10-13,280.513,19.73875
2021-10-14,489.855,23.41791666666667
2021-10-15,0,25.82541666666667
2021-10-16,0,19.75208333333333
2021-10-17,0,18.50791666666667
2021-10-18,530.185,24.1625
2021-10-19,536,22.33416666666666
2021-10-20,515.542,22.4625
2021-10-21,0,19.61541666666666
2021-10-22,263.741,26.76458333333333
2021-10-23,502.487,16.0825
2021-10-24,0,19.92291666666667
2021-10-25,0,19.30791666666667
2021-10-26,0,26.16458333333334
2021-10-27,287.138,23.55916666666667
2021-10-28,254.709,19.68608695652174
2021-10-29,0,22.05958333333334
2021-10-30,441.83,28.58875
2021-10-31,0,17.69458333333333
2021-11-01,500.367,16.38791666666667
2021-11-02,0,13.31708333333333
2021-11-03,335.909,19.22375
2021-11-04,446.355,24.16208333333333
2021-11-05,241.96,23.5625
2021-11-06,409.11,19.55208333333333
2021-11-07,0,22.02333333333334
2021-11-08,"1,285.25",20.2175
2021-11-09,0,17.44541666666667
2021-11-10,0,18.17083333333333
2021-11-11,0,23.45625
2021-11-12,491,22.97833333333334
2021-11-13,0,21.75041666666667
2021-11-14,410.663,17.72083333333333
2021-11-15,413.259,21.5175
2021-11-16,0,17.66333333333333
2021-11-17,0,16.78125
2021-11-18,0,12.02333333333333
2021-11-19,0,12.145
2021-11-20,0,16.73375
2021-11-21,0,16.9925
2021-11-22,0,25.69857142857143
2021-11-23,0,24.351875
2021-11-24,0,18.24235294117647
2021-11-25,0,23.02916666666667
2021-11-26,0,27.52208333333333
2021-11-27,0,20.66875
2021-11-28,473.988,22.52125
2021-11-29,0,17.87625
2021-11-30,0,27.82916666666667
2021-12-01,420.961,26.9695
2021-12-02,246.073,24.87666666666667
2021-12-03,542.801,27.05958333333333
2021-12-04,0,21.81958333333333
2021-12-05,460.118,16.90625
2021-12-06,0,16.20333333333333
2021-12-07,0,16.06125
2021-12-08,0,23.96333333333333
2021-12-09,622.582,19.29625
2021-12-10,493.68,19.27666666666667
2021-12-11,0,12.525
2021-12-12,0,10.06708333333333
2021-12-13,0,13.29458333333333
2021-12-14,0,14.37291666666667
2021-12-15,0,20.31166666666667
2021-12-16,0,19.12333333333333
2021-12-17,0,18.82291666666667
2021-12-18,0,20.91333333333333
2021-12-19,0,16.01083333333333
2021-12-20,0,16.08052631578947
2021-12-21,0,13.80625
2021-12-22,0,15.55916666666667
2021-12-23,270.603,17.92625
2021-12-24,398.806,17.34208333333333
2021-12-25,0,14.40708333333333
2021-12-26,302.391,21.28125
2021-12-27,0,25.06208333333333
2021-12-28,0,25.78875
2021-12-29,0,20.61041666666667
2021-12-30,430.78,24.19541666666666
2021-12-31,348.038,21.42375
2022-01-01,0,21.41
2022-01-02,477.654,17.02166666666666
2022-01-03,154.479,22.01875
2022-01-04,21.658,26.28625
2022-01-05,0,14.8075
2022-01-06,49.599,18.92541666666667
2022-01-07,297.658,25.13642857142857
2022-01-08,91.174,
2022-01-09,442.578,
2022-01-10,570.621,13.620625
2022-01-11,204.843,21.66291666666666
2022-01-12,0,16.64875
2022-01-13,0,13.25333333333333
2022-01-14,0,22.20666666666667
2022-01-15,95.636,20.57083333333333
2022-01-16,457.357,21.73
2022-01-17,72.94,25.52916666666667
2022-01-18,501.938,23.78086956521739
2022-01-19,0,18.38916666666666
2022-01-20,445.259,15.87125
2022-01-21,0,17.35625
2022-01-22,302.806,17.27708333333333
2022-01-23,238.349,19.92416666666667
2022-01-24,215.536,18.93083333333334
2022-01-25,0,15.24583333333334
2022-01-26,0,21.93291666666667
2022-01-27,376.6,15.60416666666667
2022-01-28,0,11.93428571428571
2022-01-29,0,12.555
2022-01-30,0,11.17791666666667
2022-01-31,0,15.38125
2022-02-01,0,14.93875
2022-02-02,"1,363.62",22.3125
2022-02-03,886.193,29.07541666666667
2022-02-04,728.18,25.38416666666667
2022-02-05,486.792,16.80291666666666
2022-02-06,0,12.9325
2022-02-07,0,21.2125
2022-02-08,0,20.30125
2022-02-09,583.367,17.47333333333333
2022-02-10,742.414,16.55708333333333
2022-02-11,0,14.59375
2022-02-12,0,15.34875
2022-02-13,0,13.38583333333333
2022-02-14,517.756,16.06458333333333
2022-02-15,0,22.68458333333333
2022-02-16,0,27.6925
2022-02-17,578,21.45
2022-02-18,0,21.5375
2022-02-19,0,12.31208333333333
2022-02-20,0,12.13333333333333
2022-02-21,387.332,16.4675
2022-02-22,0,24.52958333333333
2022-02-23,445.883,30.06739130434783
2022-02-24,0,16.28041666666667
2022-02-25,0,20.99291666666667
2022-02-26,0,17.98208333333333
2022-02-27,0,19.69375
2022-02-28,445.736,18.20166666666666
2022-03-01,0,13.5625
2022-03-02,0,19.00041666666667
2022-03-03,0,16.56208333333333
2022-03-04,496.533,14.76904761904762
2022-03-05,0,17.865
2022-03-06,0,12.74375
2022-03-07,0,14.7575
2022-03-08,0,18.13958333333333
2022-03-09,280.579,23.44521739130435
2022-03-10,0,18.86833333333333
2022-03-11,0,18.96416666666667
2022-03-12,0,14.6125
2022-03-13,331.247,16.53916666666667
2022-03-14,345.953,21.06208333333333
2022-03-15,0,16.29875
2022-03-16,0,16.14625
2022-03-17,0,16.00541666666667
2022-03-18,495.711,24.56375
2022-03-19,0,18.31541666666667
2022-03-20,0,17.50666666666667
2022-03-21,0,17.73083333333333
2022-03-22,698.248,24.46583333333333
2022-03-23,638.144,21.42416666666666
2022-03-24,0,18.65375
2022-03-25,0,26.43333333333333
2022-03-26,0,19.77416666666667
2022-03-27,0,25.73166666666667
2022-03-28,0,23.68416666666667
2022-03-29,0,15.08444444444444
2022-03-30,0,22.85913043478261
2022-03-31,0,27.03625
2022-04-01,0,18.2975
2022-04-02,0,17.57458333333333
2022-04-03,343.53,16.27541666666667
2022-04-04,0,22.91583333333334
2022-04-05,394.765,19.03583333333333
2022-04-06,431,21.30958333333333
2022-04-07,450.378,21.36666666666666
2022-04-08,509,22.87347826086957
2022-04-09,0,17.51083333333333
2022-04-10,421.967,11.18708333333333
2022-04-11,0,17.84583333333333
2022-04-12,0,21.09
2022-04-13,0,21.67347826086957
2022-04-14,0,18.32416666666667
2022-04-15,0,16.55458333333333
2022-04-16,0,16.42916666666667
2022-04-17,0,15.54958333333333
2022-04-18,0,16.42
2022-04-19,0,18.82041666666667
2022-04-20,0,15.69045454545454
2022-04-21,0,17.10217391304348
2022-04-22,0,14.715
2022-04-23,530.459,20.45541666666667
2022-04-24,0,0.44625
2022-04-25,0,21.89125
2022-04-26,614.352,21.88166666666666
2022-04-27,0,18.20333333333333
2022-04-28,0,28.03208333333333
2022-04-29,0,20.28833333333333
2022-04-30,577.44,12.85833333333333
2022-05-01,491.621,10.79625
2022-05-02,694.866,14.02958333333333
2022-05-03,236.534,17.07291666666667
2022-05-04,0,22.7925
2022-05-05,0,24.93791666666667
2022-05-06,0,27.71291666666667
2022-05-07,403.145,19.80208333333333
2022-05-08,518.2,17.51833333333333
2022-05-09,372.626,19.14304347826087
2022-05-10,603.236,24.09583333333333
2022-05-11,0,16.89416666666667
2022-05-12,0,26.28958333333334
2022-05-13,0,20.11041666666667
2022-05-14,0,20.015
2022-05-15,0,16.85958333333333
2022-05-16,0,15.19
2022-05-17,0,17.84318181818182
2022-05-18,0,20.1175
2022-05-19,0,18.88916666666667
2022-05-20,0,21.11041666666667
2022-05-21,557.748,20.30333333333333
2022-05-22,0,16.68173913043478
2022-05-23,831.44,16.01875
2022-05-24,644.766,24.94458333333333
2022-05-25,0,18.52916666666667
2022-05-26,0,17.24526315789474
2022-05-27,0,19.94041666666667
2022-05-28,0,21.44333333333333
2022-05-29,0,17.54208333333333
2022-05-30,0,32.21826086956521
2022-05-31,0,30.28909090909091
2022-06-01,0,27.01478260869565
2022-06-02,0,21.86375
2022-06-03,0,19.60708333333333
2022-06-04,427.131,21.27208333333333
2022-06-05,0,20.92625
2022-06-06,336.517,27.3175
2022-06-07,0,23.36347826086957
2022-06-08,0,19.71583333333333
2022-06-09,0,20.06208333333333
2022-06-10,0,19.82666666666667
2022-06-11,0,29.4625
2022-06-12,616.542,18.4475
2022-06-13,0,17.755
2022-06-14,0,21.60583333333333
2022-06-15,346.343,20.92708333333333
2022-06-16,580.119,20.31541666666667
2022-06-17,0,20.29416666666667
2022-06-18,0,15.28
2022-06-19,829.825,18.31291666666667
2022-06-20,758.385,21.22391304347826
2022-06-21,0,26.37625
2022-06-22,0,18.83958333333333
2022-06-23,298.701,16.50833333333333
2022-06-24,0,14.62583333333333
2022-06-25,0,9.849166666666667
2022-06-26,0,10.23083333333333
2022-06-27,267.754,17.65625
2022-06-28,245.723,27.63958333333333
2022-06-29,323.314,17.20958333333333
2022-06-30,0,19.78375
2022-07-01,78.273,23.43375
2022-07-02,0,16.70166666666666
2022-07-03,375.339,11.91375
2022-07-04,269.744,13.89708333333333
2022-07-05,0,13.83666666666667
2022-07-06,435.8,15.58416666666667
2022-07-07,137.792,11.27833333333333
2022-07-08,0,12.24833333333333
2022-07-09,0,13.07291666666667
2022-07-10,459.397,13.9575
2022-07-11,363.266,21.06416666666667
2022-07-12,0,17.841
2022-07-13,0,28.85666666666667
2022-07-14,0,20.88583333333333
2022-07-15,97.933,21.79625
2022-07-16,474,25.26217391304348
2022-07-17,0,15.43875
2022-07-18,305.897,12.72666666666667
2022-07-19,167.89,12.77666666666667
2022-07-20,519.201,9.038333333333332
2022-07-21,356.477,15.75541666666667
2022-07-22,0,18.54708333333333
2022-07-23,0,20.53333333333333
2022-07-24,0,16.11583333333333
2022-07-25,0,21.15291666666667
2022-07-26,413.625,15.76833333333333
2022-07-27,0,15.34875
2022-07-28,0,23.76416666666667
2022-07-29,38.025,16.11125
2022-07-30,128.242,20.49041666666666
2022-07-31,88.852,14.22083333333333
2022-08-01,375.514,16.11541666666666
2022-08-02,208.318,13.08739130434783
2022-08-03,0,12.83291666666667
2022-08-04,0,10.84333333333333
2022-08-05,0,9.92625
2022-08-06,437.862,13.33173913043478
2022-08-07,185.173,18.64916666666667
2022-08-08,236.301,19.01043478260869
2022-08-09,470.181,19.4475
2022-08-10,0,20.34521739130435
2022-08-11,0,18.54041666666667
2022-08-12,164.833,26.0265
2022-08-13,74.223,21.43190476190476
2022-08-14,188.476,27.47391304347826
2022-08-15,0,18.98791666666667
2022-08-16,95.293,19.96086956521739
2022-08-17,329.943,20.77958333333333
2022-08-18,13.835,19.07869565217391
2022-08-19,472.757,19.30958333333333
2022-08-20,0,15.91869565217391
2022-08-21,0,25.52625
2022-08-22,0,37.37826086956522
2022-08-23,166.779,46.068
2022-08-24,333.4,36.50086956521739
2022-08-25,197.001,25.41
2022-08-26,0,23.37454545454545
2022-08-27,81.36,24.11826086956522
2022-08-28,0,25.59434782608696
2022-08-29,398.041,41.99166666666667
2022-08-30,380.173,38.17173913043479
2022-08-31,437.416,27.32333333333333
2022-09-01,12.518,29.54
2022-09-02,0,30.64958333333334
2022-09-03,0,16.83
2022-09-04,0,13.82125
2022-09-05,0,25.32583333333333
2022-09-06,0,25.07875
2022-09-07,0,23.97391304347826
2022-09-08,106.366,25.21916666666667
2022-09-09,208.007,18.92625
2022-09-10,0,10.96791666666667
2022-09-11,0,13.45625
2022-09-12,20.957,26.685
2022-09-13,299.51,22.056
2022-09-14,207.723,24.32458333333333
2022-09-15,323.328,19.7575
2022-09-16,0,18.88125
2022-09-17,0,27.03375
2022-09-18,0,19.51958333333333
2022-09-19,123.487,22.65
2022-09-20,0,24.66041666666667
2022-09-21,530.95,26.30166666666667
2022-09-22,185.86,28.69041666666667
2022-09-23,224.902,22.23833333333333
2022-09-24,0,24.24695652173913
2022-09-25,0,33.17291666666667
2022-09-26,235.988,19.82333333333333
2022-09-27,251.888,18.45208333333333
2022-09-28,515.268,23.80583333333334
2022-09-29,0,24.22125
2022-09-30,319.09,25.49565217391304
2022-10-01,0,12.46083333333333
2022-10-02,477.191,10.76083333333333
2022-10-03,282.016,13.93916666666667
2022-10-04,0,21.45916666666666
2022-10-05,333.834,27.01521739130435
2022-10-06,0,31.95869565217392
2022-10-07,0,37.03739130434783
2022-10-08,0,23.85208333333334
2022-10-09,429.56,19.18291666666667
2022-10-10,0,19.1975
2022-10-11,416,15.46291666666667
2022-10-12,0,21.45791666666667
2022-10-13,0,25.905
2022-10-14,0,23.36523809523809
2022-10-15,0,18.57125
2022-10-16,0,19.02875
2022-10-17,0,20.71666666666667
2022-10-18,0,20.15
2022-10-19,0,20.59875
2022-10-20,0,15.26458333333333
2022-10-21,0,16.50125
2022-10-22,0,19.58666666666667
2022-10-23,0,17.38391304347826
2022-10-24,0,18.44333333333333
2022-10-25,0,26.52833333333333
2022-10-26,0,20.3975
2022-10-27,515.622,20.95125
2022-10-28,0,23.75666666666666
2022-10-29,339.06,22.96541666666667
2022-10-30,313.113,18.62625
2022-10-31,133.821,23.26041666666667
2022-11-01,253.693,28.77875
2022-11-02,0,15.72041666666667
2022-11-03,538.821,8.559565217391304
2022-11-04,573.656,15.84291666666667
2022-11-05,415.311,21.76208333333333
2022-11-06,0,21.12791666666667
2022-11-07,238.868,21.98739130434782
2022-11-08,597.807,23.01041666666667
2022-11-09,0,21.41333333333333
2022-11-10,0,24.42782608695652
2022-11-11,0,24.02434782608696
2022-11-12,0,19.65291666666667
2022-11-13,0,28.67739130434783
2022-11-14,293.039,23.338
2022-11-15,555.728,26.61565217391304
2022-11-16,0,19.3375
2022-11-17,0,18.46333333333333
2022-11-18,389.492,23.89708333333333
2022-11-19,385.487,26.06333333333333
2022-11-20,0,23.49541666666667
2022-11-21,0,26.005
2022-11-22,0,26.193
2022-11-23,0,
2022-11-24,380.454,
2022-11-25,0,
2022-11-26,444.293,
2022-11-27,0,
2022-11-28,0,
2022-11-29,525.491,
2022-11-30,340.518,
2022-12-01,401.786,
2022-12-02,0,
2022-12-03,446.907,
2022-12-04,436,
2022-12-05,231.348,
2022-12-06,300.64,
2022-12-07,0,
2022-12-08,207.457,
2022-12-09,547.613,
2022-12-10,0,
2022-12-11,0,
2022-12-12,491.824,
2022-12-13,415.839,
2022-12-14,0,
2022-12-15,421.452,
2022-12-16,488.477,
2022-12-17,0,
2022-12-18,437.445,
2022-12-19,411.238,
2022-12-20,370.257,
2022-12-21,365.928,
2022-12-22,495.793,
2022-12-23,368.832,
2022-12-24,441.395,
2022-12-25,556.06,
2022-12-26,0,
2022-12-27,528.84,
2022-12-28,472.841,
2022-12-29,343.461,
2022-12-30,577.244,
2022-12-31,0,
2023-01-01,0,
2023-01-02,0,
2023-01-03,0,
2023-01-04,404.381,
2023-01-05,0,
2023-01-06,0,
2023-01-07,0,
2023-01-08,0,
2023-01-09,0,
2023-01-10,0,
2023-01-11,535.825,
2023-01-12,0,
2023-01-13,410.325,
2023-01-14,0,
2023-01-15,0,
2023-01-16,399.905,
2023-01-17,0,
2023-01-18,370.57,
2023-01-19,0,
2023-01-20,0,
2023-01-21,0,
2023-01-22,588.458,
2023-01-23,245.163,
2023-01-24,504.25,
2023-01-25,387.329,
2023-01-26,0,
2023-01-27,251.291,
2023-01-28,222.283,
2023-01-29,193.418,
2023-01-30,463.723,
2023-01-31,0,
2023-02-01,0,
2023-02-02,0,
2023-02-03,236.782,
2023-02-04,225.244,
2023-02-05,0,
2023-02-06,0,
2023-02-07,362.031,
2023-02-08,306.367,
2023-02-09,0,
2023-02-10,0,
2023-02-11,0,
2023-02-12,0,
2023-02-13,0,
2023-02-14,0,
2023-02-15,0,
2023-02-16,517.224,
2023-02-17,745.959,
2023-02-18,0,
2023-02-19,0,
2023-02-20,362.503,
2023-02-21,0,
2023-02-22,0,
2023-02-23,0,
2023-02-24,243.899,
2023-02-25,148.124,
2023-02-26,582,
2023-02-27,840.565,
2023-02-28,0,
2023-03-01,381.634,
2023-03-02,0,
2023-03-03,415.048,
2023-03-04,0,
2023-03-05,0,
2023-03-06,0,
2023-03-07,0,
2023-03-08,0,
2023-03-09,0,
2023-03-10,0,
2023-03-11,0,
2023-03-12,0,
2023-03-13,0,
2023-03-14,0,
2023-03-15,0,
2023-03-16,0,
2023-03-17,0,
2023-03-18,0,
2023-03-19,0,
2023-03-20,0,
2023-03-21,544.12,
2023-03-22,0,
2023-03-23,0,
2023-03-24,0,
2023-03-25,228,
2023-03-26,505.54,
2023-03-27,423.427,
2023-03-28,483.657,
2023-03-29,0,
2023-03-30,0,
2023-03-31,0,
2023-04-01,0,
2023-04-02,360.19,
2023-04-03,290.15,
2023-04-04,571.264,
2023-04-05,0,
2023-04-06,0,
2023-04-07,0,
2023-04-08,0,
2023-04-09,250.089,
2023-04-10,0,
2023-04-11,223.119,
2023-04-12,0,
2023-04-13,367.298,
2023-04-14,478.497,
2023-04-15,0,
2023-04-16,0,
2023-04-17,0,
2023-04-18,544.143,
2023-04-19,0,
2023-04-20,0,
2023-04-21,0,
2023-04-22,0,
2023-04-23,0,
2023-04-24,461.306,
2023-04-25,459,
2023-04-26,566.976,
2023-04-27,0,
2023-04-28,359.028,
2023-04-29,0,
2023-04-30,406.423,
2023-05-01,0,
2023-05-02,343.506,
2023-05-03,0,
2023-05-04,0,
2023-05-05,361.289,
2023-05-06,0,
2023-05-07,160.751,
2023-05-08,343.584,
2023-05-09,0,
2023-05-10,175.184,
2023-05-11,0,
2023-05-12,180.667,
2023-05-13,210.907,
2023-05-14,0,
2023-05-15,0,
2023-05-16,0,
2023-05-17,128.895,
2023-05-18,338.023,
2023-05-19,0,
2023-05-20,0,
2023-05-21,0,
2023-05-22,401.571,
2023-05-23,0,
2023-05-24,250.201,
2023-05-25,0,
2023-05-26,0,
2023-05-27,0,
2023-05-28,416.99,
2023-05-29,166.942,
2023-05-30,535.1,
2023-05-31,0,
2023-06-01,0,
2023-06-02,0,
2023-06-03,0,
2023-06-04,0,
2023-06-05,0,
2023-06-06,0,
2023-06-07,371.008,
2023-06-08,0,
2023-06-09,235.979,
2023-06-10,0,
2023-06-11,305.443,
2023-06-12,181.855,
2023-06-13,313.564,
2023-06-14,246.368,
2023-06-15,172.839,
2023-06-16,484.082,
2023-06-17,481.89,
2023-06-18,67.938,
2023-06-19,179.289,
2023-06-20,164.878,
2023-06-21,218.048,
2023-06-22,280.652,
2023-06-23,574,
2023-06-24,0,
2023-06-25,0,
2023-06-26,522.36,
2023-06-27,302.112,
2023-06-28,0,
2023-06-29,175.87,
2023-06-30,0,
2023-07-01,0,
2023-07-02,208.073,
2023-07-03,0,
2023-07-04,68.88,
2023-07-05,337.304,
2023-07-06,0,
2023-07-07,237.017,
2023-07-08,530.052,
2023-07-09,310.487,
2023-07-10,0,
2023-07-11,0,
2023-07-12,311.903,
2023-07-13,502.822,
2023-07-14,346.794,
2023-07-15,428.496,
2023-07-16,249.154,
2023-07-17,0,
2023-07-18,287.079,
2023-07-19,138.863,
2023-07-20,495.647,
2023-07-21,466.816,
2023-07-22,264.034,
2023-07-23,486.858,
2023-07-24,233.009,
2023-07-25,400.537,
2023-07-26,88.462,
2023-07-27,0,
2023-07-28,164.515,
2023-07-29,317.04,
2023-07-30,180.351,
2023-07-31,195.627,
2023-08-01,0,
2023-08-02,199.861,
2023-08-03,308.231,
2023-08-04,132.557,
2023-08-05,335.167,
2023-08-06,0,
2023-08-07,0,
2023-08-08,0,
2023-08-09,0,
2023-08-10,346.198,
2023-08-11,205.959,
2023-08-12,464.813,
2023-08-13,770.766,
2023-08-14,910,
2023-08-15,0,
2023-08-16,345.738,
2023-08-17,174.886,
2023-08-18,122.911,
2023-08-19,119.226,
2023-08-20,0,
2023-08-21,0,
2023-08-22,0,
2023-08-23,556.368,
2023-08-24,549.8,
2023-08-25,420.668,
2023-08-26,20.32,
2023-08-27,310.387,
2023-08-28,336.966,
2023-08-29,240.352,
2023-08-30,144.367,
2023-08-31,132.47,
2023-09-01,220.897,
2023-09-02,116.158,
2023-09-03,493.92,
2023-09-04,312.664,
2023-09-05,0,
2023-09-06,110.901,
2023-09-07,111.036,
2023-09-08,246.699,
2023-09-09,0,
2023-09-10,0,
2023-09-11,381.055,
2023-09-12,35.206,
2023-09-13,326,
2023-09-14,276.823,
2023-09-15,0,
2023-09-16,300.661,
2023-09-17,45.718,
2023-09-18,0,
2023-09-19,0,
2023-09-20,0,
2023-09-21,0,
2023-09-22,273.98,
2023-09-23,189.196,
2023-09-24,585,
2023-09-25,0,
2023-09-26,131.092,
2023-09-27,124.857,
2023-09-28,192.894,
2023-09-29,384.834,
2023-09-30,0,
2023-10-01,477.106,
2023-10-02,349.214,
2023-10-03,111.712,
2023-10-04,526.076,
2023-10-05,0,
2023-10-06,253.78,
2023-10-07,0,
2023-10-08,0,
2023-10-09,0,
2023-10-10,496.282,
2023-10-11,357.2,
2023-10-12,0,
2023-10-13,437.112,
2023-10-14,0,
2023-10-15,446.534,
2023-10-16,379.618,
2023-10-17,306.899,
2023-10-18,553.724,
2023-10-19,326.436,
2023-10-20,458.595,
2023-10-21,307.018,
2023-10-22,473.952,
2023-10-23,0,
2023-10-24,0,
2023-10-25,482.452,
2023-10-26,0,
2023-10-27,0,
2023-10-28,0,
2023-10-29,0,
2023-10-30,530.034,
2023-10-31,0,
2023-11-01,504.648,
2023-11-02,337.386,
2023-11-03,120.153,
2023-11-04,0,
2023-11-05,0,
2023-11-06,427.566,
2023-11-07,293.419,
2023-11-08,372.63,
2023-11-09,491.32,
2023-11-10,329.905,
2023-11-11,256.418,
2023-11-12,428.991,
2023-11-13,244.674,
2023-11-14,364.781,
2023-11-15,560,
2023-11-16,302.745,
2023-11-17,0,
2023-11-18,293.9,
2023-11-19,267.5,
2023-11-20,750,
2023-11-21,0,
2023-11-22,0,
2023-11-23,275.237,
2023-11-24,0,
2023-11-25,361.949,
2023-11-26,223.435,
2023-11-27,398.576,
2023-11-28,453.464,
2023-11-29,0,
2023-11-30,358.567,
2023-12-01,387.927,
2023-12-02,261.858,
2023-12-03,245.068,
2023-12-04,0,
2023-12-05,373.668,
2023-12-06,0,
2023-12-07,0,
2023-12-08,426.326,
2023-12-09,332.11,
2023-12-10,309.357,
2023-12-11,0,
2023-12-12,427.577,
2023-12-13,0,
2023-12-14,283.312,
2023-12-15,0,
2023-12-16,0,
2023-12-17,0,
2023-12-18,387.192,
2023-12-19,0,
2023-12-20,208.333,
2023-12-21,384.067,
2023-12-22,0,
2023-12-23,0,
2023-12-24,246.869,
2023-12-25,0,
2023-12-26,0,
2023-12-27,0,
2023-12-28,0,
2023-12-29,367.132,
2023-12-30,317.995,
2023-12-31,588.167,
2024-01-01,0,
2024-01-02,0,
2024-01-03,0,
2024-01-04,0,
2024-01-05,0,
2024-01-06,293.641,
2024-01-07,318.81,
2024-01-08,0,
2024-01-09,0,
2024-01-10,0,
2024-01-11,338.385,
2024-01-12,0,
2024-01-13,328.022,
2024-01-14,0,
2024-01-15,0,
2024-01-16,0,
2024-01-17,0,
2024-01-18,0,
2024-01-19,435.105,
2024-01-20,447.671,
2024-01-21,534,
2024-01-22,294.167,
2024-01-23,124.193,
2024-01-24,251.171,
2024-01-25,105.858,
2024-01-26,186.305,
2024-01-27,489.772,
2024-01-28,601.294,
2024-01-29,318.466,
2024-01-30,269.096,
2024-01-31,0,
2024-02-01,407.697,
2024-02-02,0,
2024-02-03,528,
2024-02-04,0,
2024-02-05,0,
2024-02-06,296.686,
2024-02-07,0,
2024-02-08,219.206,
2024-02-09,372.647,
2024-02-10,0,
2024-02-11,364,
2024-02-12,0,
2024-02-13,405.127,
2024-02-14,218.311,
2024-02-15,297.25,
2024-02-16,371.979,
2024-02-17,0,
2024-02-18,0,
2024-02-19,0,
2024-02-20,0,
2024-02-21,0,
2024-02-22,355.59,
2024-02-23,591,
2024-02-24,0,
2024-02-25,573.544,
2024-02-26,0,
2024-02-27,399.692,
2024-02-28,0,
2024-02-29,0,
2024-03-01,0,
2024-03-02,0,
2024-03-03,0,
2024-03-04,502.148,
2024-03-05,288.125,
2024-03-06,591.667,
2024-03-07,0,
2024-03-08,0,
2024-03-09,438.213,
2024-03-10,0,
2024-03-11,516.143,
2024-03-12,0,
2024-03-13,304.923,
2024-03-14,436.4,
2024-03-15,0,
2024-03-16,111.041,
2024-03-17,238.555,
2024-03-18,476.662,
2024-03-19,0,
2024-03-20,230.892,
2024-03-21,225.971,
2024-03-22,0,
2024-03-23,0,
2024-03-24,0,
2024-03-25,343,
2024-03-26,0,
2024-03-27,236.257,
2024-03-28,173.307,
2024-03-29,0,
2024-03-30,358.832,
2024-03-31,0,
2024-04-01,0,
2024-04-02,0,
2024-04-03,0,
2024-04-04,0,
2024-04-05,0,
2024-04-06,0,
2024-04-07,176.648,
2024-04-08,0,
2024-04-09,322.783,
2024-04-10,0,
2024-04-11,317,
2024-04-12,173.684,
2024-04-13,0,
2024-04-14,276.746,
2024-04-15,0,
2024-04-16,420.647,
2024-04-17,0,
2024-04-18,323,
2024-04-19,0,
2024-04-20,183.201,
2024-04-21,0,
2024-04-22,0,
2024-04-23,271.137,
2024-04-24,143.177,
2024-04-25,0,
2024-04-26,200.938,
2024-04-27,0,
2024-04-28,469.434,
2024-04-29,269.546,
2024-04-30,0,
2024-05-01,169.642,
2024-05-02,0,
2024-05-03,0,
2024-05-04,0,
2024-05-05,0,
2024-05-06,0,
2024-05-07,0,
2024-05-08,0,
2024-05-09,0,
2024-05-10,274.906,
2024-05-11,318.518,
2024-05-12,198.626,
2024-05-13,0,
2024-05-14,0,
2024-05-15,0,
2024-05-16,255.602,
2024-05-17,0,
2024-05-18,446.807,
2024-05-19,0,
2024-05-20,435.393,
2024-05-21,340.778,
2024-05-22,0,
2024-05-23,0,
2024-05-24,421.421,
2024-05-25,312.402,
2024-05-26,0,
2024-05-27,324.675,
2024-05-28,0,
2024-05-29,0,
2024-05-30,218.139,
2024-05-31,0,
2024-06-01,272.931,
2024-06-02,159.816,
2024-06-03,221.204,
2024-06-04,0,
2024-06-05,0,
2024-06-06,0,
2024-06-07,0,
2024-06-08,581,
2024-06-09,264.163,
2024-06-10,0,
2024-06-11,349,
2024-06-12,0,
2024-06-13,389.367,
2024-06-14,0,
2024-06-15,0,
2024-06-16,357.114,
2024-06-17,0,
2024-06-18,0,
2024-06-19,0,
2024-06-20,433.43,
2024-06-21,0,
2024-06-22,0,
2024-06-23,212.746,
2024-06-24,106.068,
2024-06-25,0,
2024-06-26,0,
2024-06-27,0,
2024-06-28,357.36,
2024-06-29,271.267,
2024-06-30,0,
2024-07-01,141.943,
2024-07-02,0,
2024-07-03,0,
2024-07-04,0,
2024-07-05,0,
2024-07-06,0,
2024-07-07,0,
2024-07-08,243.494,
2024-07-09,0,
2024-07-10,389.403,
2024-07-11,253.395,
2024-07-12,303.701,
2024-07-13,0,
2024-07-14,238.738,
2024-07-15,303.893,
2024-07-16,50.876,
2024-07-17,256.843,
2024-07-18,509.58,
2024-07-19,420.594,
2024-07-20,318.512,
2024-07-21,0,
2024-07-22,189.611,
2024-07-23,0,
2024-07-24,170.026,
2024-07-25,305.031,
2024-07-26,0,
2024-07-27,257.379,
2024-07-28,243.71,
2024-07-29,254.052,
2024-07-30,225.967,
2024-07-31,0,
2024-08-01,405.362,
2024-08-02,131.306,
2024-08-03,153.579,
2024-08-04,193.876,
2024-08-05,334.997,
2024-08-06,0,
2024-08-07,0,
2024-08-08,94.166,
2024-08-09,0,
2024-08-10,0,
2024-08-11,372.651,
2024-08-12,0,
2024-08-13,407.825,
2024-08-14,187.965,
2024-08-15,423.165,
2024-08-16,0,
2024-08-17,0,
2024-08-18,396.903,
2024-08-19,76.097,
2024-08-20,437.731,
2024-08-21,312.885,
2024-08-22,361.499,
2024-08-23,451.786,
2024-08-24,0,
2024-08-25,304.461,
2024-08-26,198.637,
2024-08-27,409.314,
2024-08-28,184.717,
2024-08-29,261.417,
2024-08-30,202.71,
2024-08-31,45.641,
2024-09-01,322.255,
2024-09-02,247.106,
2024-09-03,0,
2024-09-04,492.851,
2024-09-05,0,
2024-09-06,269.5,
2024-09-07,173.627,
2024-09-08,313.794,
2024-09-09,0,
2024-09-10,90.14,
2024-09-11,254.592,
2024-09-12,56.788,
2024-09-13,345,
2024-09-14,204.782,
2024-09-15,145.631,
2024-09-16,0,
2024-09-17,106.235,
2024-09-18,274.351,
2024-09-19,473.122,
2024-09-20,487.558,
2024-09-21,0,
2024-09-22,0,
2024-09-23,295.136,
2024-09-24,106.094,
2024-09-25,0,
2024-09-26,174.813,
2024-09-27,0,
2024-09-28,0,
2024-09-29,361.543,
2024-09-30,0,
2024-10-01,398.349,
2024-10-02,562.097,
2024-10-03,0,
2024-10-04,0,
2024-10-05,515.549,
2024-10-06,436.216,
2024-10-07,0,
2024-10-08,0,
2024-10-09,574.409,
2024-10-10,0,
2024-10-11,429.263,
2024-10-12,282.73,
2024-10-13,287.737,
2024-10-14,0,
2024-10-15,508.345,
2024-10-16,115.347,
2024-10-17,200.115,
2024-10-18,121.033,
2024-10-19,204.853,
2024-10-20,521.888,
2024-10-21,494.175,
2024-10-22,375.146,
2024-10-23,411.007,
2024-10-24,191.865,
2024-10-25,363.739,
2024-10-26,95.397,
2024-10-27,0,
2024-10-28,0,
2024-10-29,473.499,
2024-10-30,343.173,
2024-10-31,0,
2024-11-01,401.134,
2024-11-02,0,
2024-11-03,0,
2024-11-04,0,
2024-11-05,128.403,
2024-11-06,273.758,
2024-11-07,0,
2024-11-08,0,
2024-11-09,655.777,
2024-11-10,0,
2024-11-11,299.496,
2024-11-12,338.26,
2024-11-13,0,
2024-11-14,0,
2024-11-15,408.271,
2024-11-16,0,
2024-11-17,0,
2024-11-18,0,
2024-11-19,426.133,
2024-11-20,486.009,
2024-11-21,0,
2024-11-22,376.683,
2024-11-23,311,
2024-11-24,376.208,
2024-11-25,206.071,
2024-11-26,371.594,
2024-11-27,297.027,
2024-11-28,516.889,
