Fecha,SanAntonio_x,SanAntonio_y
2018-01-01,0.0,13.14285714285714
2018-01-02,0.0,17.8304347826087
2018-01-03,427.482,16.29090909090909
2018-01-04,244.332,16.10434782608696
2018-01-05,335.548,19.085
2018-01-06,0.0,11.94347826086956
2018-01-07,93.907,13.00434782608696
2018-01-08,376.0,17.89090909090909
2018-01-09,339.13,19.75454545454545
2018-01-10,0.0,15.19166666666667
2018-01-11,223.632,15.76818181818182
2018-01-12,533.525,18.06666666666667
2018-01-13,0.0,9.820833333333333
2018-01-14,360.208,7.5
2018-01-15,0.0,8.1
2018-01-16,0.0,8.561904761904762
2018-01-17,0.0,6.640000000000001
2018-01-18,0.0,8.309999999999999
2018-01-19,455.403,11.19545454545455
2018-01-20,407.122,10.88571428571429
2018-01-21,483.337,6.231578947368422
2018-01-22,415.567,9.723809523809523
2018-01-23,272.0,12.75217391304348
2018-01-24,112.036,16.24782608695652
2018-01-25,422.28,12.30833333333333
2018-01-26,589.0,15.46363636363636
2018-01-27,398.133,9.5
2018-01-28,0.0,11.58333333333333
2018-01-29,269.515,14.52083333333333
2018-01-30,316.964,16.8695652173913
2018-01-31,260.737,15.31304347826087
2018-02-01,441.866,19.34090909090909
2018-02-02,0.0,14.12916666666667
2018-02-03,531.016,13.47
2018-02-04,535.321,9.376190476190477
2018-02-05,399.548,8.65
2018-02-06,0.0,7.777777777777778
2018-02-07,432.985,9.129999999999999
2018-02-08,388.806,11.25789473684211
2018-02-09,429.934,9.395652173913044
2018-02-10,520.623,12.03157894736842
2018-02-11,0.0,10.41739130434783
2018-02-12,570.896,16.69583333333333
2018-02-13,499.492,15.10416666666667
2018-02-14,483.077,13.14782608695652
2018-02-15,0.0,10.08181818181818
2018-02-16,0.0,11.1578947368421
2018-02-17,0.0,11.06818181818182
2018-02-18,0.0,11.085
2018-02-19,353.044,6.800000000000001
2018-02-20,0.0,14.02666666666667
2018-02-21,312.426,9.942105263157895
2018-02-22,0.0,8.217391304347826
2018-02-23,538.831,7.068181818181818
2018-02-24,421.096,6.475
2018-02-25,290.817,6.660869565217391
2018-02-26,485.488,8.145454545454545
2018-02-27,0.0,10.23043478260869
2018-02-28,392.928,8.204347826086956
2018-03-01,274.563,11.11304347826087
2018-03-02,0.0,11.11428571428571
2018-03-03,0.0,10.79047619047619
2018-03-04,0.0,10.92173913043478
2018-03-05,0.0,12.38260869565218
2018-03-06,0.0,14.05909090909091
2018-03-07,0.0,13.14166666666667
2018-03-08,0.0,10.93478260869565
2018-03-09,0.0,12.11363636363636
2018-03-10,274.244,17.49
2018-03-11,570.734,11.77727272727273
2018-03-12,322.397,14.75652173913044
2018-03-13,0.0,16.94
2018-03-14,371.861,21.55652173913044
2018-03-15,0.0,21.57083333333334
2018-03-16,0.0,17.15
2018-03-17,0.0,13.76666666666667
2018-03-18,448.324,10.55416666666667
2018-03-19,0.0,9.510526315789473
2018-03-20,493.068,12.82727272727273
2018-03-21,371.427,12.52173913043478
2018-03-22,0.0,17.74583333333333
2018-03-23,0.0,16.04090909090909
2018-03-24,0.0,17.66818181818182
2018-03-25,294.655,11.96086956521739
2018-03-26,548.446,15.1875
2018-03-27,0.0,13.15217391304348
2018-03-28,546.86,8.395652173913044
2018-03-29,0.0,9.254545454545454
2018-03-30,562.279,8.278260869565218
2018-03-31,0.0,6.0625
2018-04-01,432.051,5.528571428571428
2018-04-02,0.0,9.921052631578947
2018-04-03,525.25,11.84285714285714
2018-04-04,0.0,7.45
2018-04-05,0.0,9.652173913043478
2018-04-06,0.0,9.483333333333333
2018-04-07,0.0,13.30416666666667
2018-04-08,161.892,11.05833333333333
2018-04-09,0.0,12.07142857142857
2018-04-10,0.0,10.37058823529412
2018-04-11,0.0,17.00952380952381
2018-04-12,201.745,15.5125
2018-04-13,0.0,18.05416666666667
2018-04-14,0.0,16.7375
2018-04-15,302.166,13.8
2018-04-16,0.0,13.60434782608696
2018-04-17,259.784,11.08260869565217
2018-04-18,344.779,13.76521739130435
2018-04-19,327.713,13.67826086956522
2018-04-20,564.125,11.69411764705882
2018-04-21,226.23,13.69130434782609
2018-04-22,170.87,12.34761904761905
2018-04-23,0.0,13.44090909090909
2018-04-24,308.935,17.48333333333333
2018-04-25,0.0,13.2875
2018-04-26,0.0,15.9695652173913
2018-04-27,420.918,17.74166666666667
2018-04-28,0.0,9.654166666666667
2018-04-29,0.0,16.02083333333333
2018-04-30,0.0,13.35416666666667
2018-05-01,0.0,13.4
2018-05-02,0.0,16.49166666666667
2018-05-03,347.198,14.75833333333333
2018-05-04,285.945,11.60909090909091
2018-05-05,416.802,12.06521739130435
2018-05-06,447.335,10.97
2018-05-07,0.0,11.64210526315789
2018-05-08,0.0,15.21
2018-05-09,0.0,8.11578947368421
2018-05-10,403.0,11.9304347826087
2018-05-11,0.0,15.07916666666667
2018-05-12,0.0,17.90454545454545
2018-05-13,0.0,7.078947368421052
2018-05-14,399.362,9.847619047619046
2018-05-15,349.056,10.805
2018-05-16,0.0,7.995454545454546
2018-05-17,462.135,12.29130434782609
2018-05-18,0.0,9.9
2018-05-19,383.457,12.81304347826087
2018-05-20,0.0,11.65714285714286
2018-05-21,408.855,8.847826086956522
2018-05-22,261.538,16.65909090909091
2018-05-23,0.0,9.995833333333334
2018-05-24,497.934,11.36818181818182
2018-05-25,0.0,12.97916666666667
2018-05-26,505.051,8.743478260869566
2018-05-27,0.0,10.86666666666667
2018-05-28,221.732,12.54347826086956
2018-05-29,0.0,13.93333333333333
2018-05-30,410.337,16.15
2018-05-31,107.389,17.10952380952381
2018-06-01,152.651,17.01666666666667
2018-06-02,502.106,12.38260869565218
2018-06-03,0.0,14.25
2018-06-04,299.489,14.35238095238095
2018-06-05,0.0,14.56086956521739
2018-06-06,270.875,13.57916666666667
2018-06-07,259.319,17.52380952380953
2018-06-08,144.555,14.61578947368421
2018-06-09,262.861,14.125
2018-06-10,0.0,12.06956521739131
2018-06-11,174.008,10.69545454545455
2018-06-12,0.0,14.84583333333333
2018-06-13,93.502,14.85652173913043
2018-06-14,223.708,13.95416666666667
2018-06-15,331.967,15.24545454545454
2018-06-16,252.12,11.97083333333333
2018-06-17,339.046,8.052173913043477
2018-06-18,353.235,13.06956521739131
2018-06-19,0.0,12.325
2018-06-20,373.674,15.67727272727273
2018-06-21,349.5,14.0625
2018-06-22,126.215,15.81363636363636
2018-06-23,0.0,14.02083333333333
2018-06-24,268.297,14.94166666666667
2018-06-25,330.958,15.6625
2018-06-26,0.0,12.60869565217391
2018-06-27,0.0,10.03181818181818
2018-06-28,0.0,9.569565217391304
2018-06-29,0.0,10.29545454545454
2018-06-30,538.911,9.209090909090909
2018-07-01,242.046,7.818181818181818
2018-07-02,77.372,14.75652173913043
2018-07-03,75.685,16.025
2018-07-04,280.992,12.82083333333333
2018-07-05,0.0,15.49583333333333
2018-07-06,559.217,16.50434782608696
2018-07-07,0.0,13.47083333333333
2018-07-08,308.659,14.235
2018-07-09,322.981,12.75
2018-07-10,280.544,13.91666666666667
2018-07-11,285.56,14.21304347826087
2018-07-12,122.278,13.59130434782609
2018-07-13,294.345,13.08333333333333
2018-07-14,297.281,11.56818181818182
2018-07-15,207.627,10.75909090909091
2018-07-16,229.69,14.15
2018-07-17,318.99,11.15238095238095
2018-07-18,427.126,14.17894736842105
2018-07-19,263.444,14.6
2018-07-20,0.0,15.87916666666667
2018-07-21,405.0,18.825
2018-07-22,426.655,9.755555555555555
2018-07-23,498.262,10.23478260869565
2018-07-24,356.618,12.32083333333333
2018-07-25,227.665,14.60416666666667
2018-07-26,219.385,12.35909090909091
2018-07-27,0.0,14.97083333333333
2018-07-28,111.543,14.02916666666667
2018-07-29,0.0,13.67
2018-07-30,0.0,9.557142857142857
2018-07-31,0.0,8.582608695652175
2018-08-01,218.356,14.00869565217391
2018-08-02,66.417,10.4375
2018-08-03,0.0,13.53478260869565
2018-08-04,0.0,8.475
2018-08-05,191.87,8.904347826086957
2018-08-06,509.62,10.85909090909091
2018-08-07,569.0,11.02272727272727
2018-08-08,428.877,12.17894736842105
2018-08-09,318.262,9.850000000000001
2018-08-10,322.888,13.12272727272727
2018-08-11,305.569,10.91739130434783
2018-08-12,352.431,8.904166666666667
2018-08-13,276.06,13.325
2018-08-14,300.037,14.1375
2018-08-15,0.0,15.10434782608696
2018-08-16,241.215,14.45238095238095
2018-08-17,346.525,14.82173913043478
2018-08-18,256.656,15.46666666666667
2018-08-19,263.337,12.59583333333333
2018-08-20,192.579,13.04782608695652
2018-08-21,267.296,12.78181818181818
2018-08-22,500.0,14.29166666666667
2018-08-23,437.412,14.64166666666667
2018-08-24,171.582,14.68260869565217
2018-08-25,309.913,16.16666666666667
2018-08-26,335.248,11.19565217391304
2018-08-27,278.024,14.16521739130435
2018-08-28,245.37,14.56956521739131
2018-08-29,171.346,15.725
2018-08-30,120.515,19.98421052631579
2018-08-31,0.0,20.02916666666667
2018-09-01,497.066,21.675
2018-09-02,378.0,14.1125
2018-09-03,220.564,16.35909090909091
2018-09-04,213.009,12.3695652173913
2018-09-05,539.0,17.99583333333333
2018-09-06,292.987,21.49545454545455
2018-09-07,0.0,22.5625
2018-09-08,318.466,18.90416666666667
2018-09-09,450.0,11.20454545454546
2018-09-10,258.738,16.38636363636364
2018-09-11,0.0,20.43333333333333
2018-09-12,0.0,21.125
2018-09-13,428.493,18.69583333333333
2018-09-14,0.0,14.70416666666667
2018-09-15,0.0,13.28695652173913
2018-09-16,0.0,10.20833333333333
2018-09-17,123.173,15.675
2018-09-18,282.178,17.85833333333333
2018-09-19,267.609,16.75909090909091
2018-09-20,165.124,17.60869565217391
2018-09-21,329.502,16.41111111111111
2018-09-22,317.314,16.42272727272727
2018-09-23,0.0,16.1695652173913
2018-09-24,342.732,16.475
2018-09-25,333.974,14.84347826086956
2018-09-26,532.53,15.59565217391304
2018-09-27,504.532,13.77916666666667
2018-09-28,261.292,18.34583333333333
2018-09-29,398.739,15.5125
2018-09-30,0.0,19.75416666666667
2018-10-01,477.739,22.25416666666667
2018-10-02,413.45,25.85652173913044
2018-10-03,312.755,26.98333333333333
2018-10-04,411.182,20.6
2018-10-05,275.654,22.06666666666667
2018-10-06,534.0,27.57916666666667
2018-10-07,0.0,19.84166666666667
2018-10-08,0.0,12.24347826086957
2018-10-09,0.0,12.56666666666667
2018-10-10,0.0,13.23913043478261
2018-10-11,0.0,19.4125
2018-10-12,396.63,23.85652173913044
2018-10-13,320.829,21.16666666666667
2018-10-14,419.782,16.05833333333333
2018-10-15,416.426,23.47826086956522
2018-10-16,435.412,22.59166666666667
2018-10-17,603.965,28.49583333333333
2018-10-18,0.0,23.89166666666667
2018-10-19,300.642,22.07916666666667
2018-10-20,0.0,10.19545454545455
2018-10-21,554.867,11.7875
2018-10-22,286.974,18.14583333333333
2018-10-23,0.0,19.3
2018-10-24,251.155,23.09166666666667
2018-10-25,0.0,24.31739130434783
2018-10-26,449.929,20.67916666666667
2018-10-27,0.0,18.73478260869565
2018-10-28,415.616,17.27916666666667
2018-10-29,0.0,20.37916666666667
2018-10-30,170.389,19.8875
2018-10-31,330.58,21.235
2018-11-01,0.0,24.34583333333333
2018-11-02,601.285,19.10454545454546
2018-11-03,0.0,12.24583333333333
2018-11-04,0.0,9.468181818181819
2018-11-05,0.0,13.05652173913044
2018-11-06,235.949,16.97391304347826
2018-11-07,470.955,18.02
2018-11-08,0.0,14.46363636363636
2018-11-09,427.91,15.2
2018-11-10,0.0,8.708695652173914
2018-11-11,505.694,8.40952380952381
2018-11-12,0.0,10.07916666666667
2018-11-13,570.837,12.87727272727273
2018-11-14,575.13,15.28260869565217
2018-11-15,581.306,14.02857142857143
2018-11-16,0.0,12.61
2018-11-17,0.0,15.5375
2018-11-18,357.09,13.45
2018-11-19,0.0,15.61739130434782
2018-11-20,0.0,15.61739130434782
2018-11-21,552.0,15.81304347826087
2018-11-22,352.059,13.025
2018-11-23,506.109,10.33913043478261
2018-11-24,0.0,12.97916666666667
2018-11-25,493.021,9.745454545454546
2018-11-26,0.0,7.614285714285715
2018-11-27,0.0,12.23913043478261
2018-11-28,299.319,13.725
2018-11-29,0.0,11.76666666666667
2018-11-30,0.0,14.73333333333333
2018-12-01,357.992,12.6
2018-12-02,253.96,15.19166666666667
2018-12-03,0.0,15.38260869565218
2018-12-04,434.819,18.39166666666667
2018-12-05,0.0,14.97916666666667
2018-12-06,278.331,21.6125
2018-12-07,486.794,16.69565217391304
2018-12-08,0.0,14.92916666666667
2018-12-09,178.64,13.52916666666667
2018-12-10,530.332,16.98333333333333
2018-12-11,0.0,16.13333333333333
2018-12-12,0.0,17.66521739130435
2018-12-13,0.0,14.15416666666667
2018-12-14,0.0,14.16666666666667
2018-12-15,296.254,15.9125
2018-12-16,283.195,17.04583333333333
2018-12-17,537.141,18.04583333333333
2018-12-18,0.0,18.48636363636363
2018-12-19,0.0,15.00833333333333
2018-12-20,0.0,14.23636363636364
2018-12-21,0.0,13.31666666666667
2018-12-22,0.0,18.13333333333333
2018-12-23,118.969,16.63913043478261
2018-12-24,287.577,16.08260869565217
2018-12-25,377.834,12.97916666666667
2018-12-26,206.696,15.45714285714286
2018-12-27,379.583,12.54090909090909
2018-12-28,0.0,16.52608695652174
2018-12-29,339.47,16.69583333333333
2018-12-30,336.637,13.87916666666667
2018-12-31,185.199,18.35
2019-01-01,251.696,16.08461538461538
2019-01-02,253.186,18.47368421052632
2019-01-03,297.723,14.81739130434783
2019-01-04,0.0,18.8625
2019-01-05,291.872,16.32083333333333
2019-01-06,0.0,15.6304347826087
2019-01-07,448.448,11.75
2019-01-08,0.0,7.665000000000001
2019-01-09,308.271,10.7
2019-01-10,333.0,5.854545454545455
2019-01-11,0.0,9.64
2019-01-12,313.243,12.96
2019-01-13,0.0,7.168421052631579
2019-01-14,492.852,10.79
2019-01-15,0.0,13.92727272727273
2019-01-16,0.0,15.10869565217391
2019-01-17,0.0,13.75833333333333
2019-01-18,457.043,13.09583333333333
2019-01-19,0.0,13.995
2019-01-20,0.0,8.209999999999999
2019-01-21,269.025,16.19130434782609
2019-01-22,574.0,18.79130434782609
2019-01-23,292.358,17.20476190476191
2019-01-24,291.58,23.7
2019-01-25,272.173,19.82941176470588
2019-01-26,278.661,23.67727272727273
2019-01-27,261.037,15.14285714285714
2019-01-28,584.896,16.29130434782609
2019-01-29,0.0,12.5
2019-01-30,474.019,8.670833333333333
2019-01-31,0.0,11.05
2019-02-01,0.0,8.487499999999999
2019-02-02,428.422,12.11363636363636
2019-02-03,538.188,7.895833333333333
2019-02-04,0.0,8.339130434782609
2019-02-05,0.0,9.033333333333333
2019-02-06,0.0,16.65238095238095
2019-02-07,0.0,10.27142857142857
2019-02-08,497.591,10.57826086956522
2019-02-09,0.0,6.070833333333333
2019-02-10,566.013,6.029166666666666
2019-02-11,549.927,7.795833333333333
2019-02-12,473.509,10.58333333333333
2019-02-13,0.0,10.44166666666667
2019-02-14,0.0,14.3
2019-02-15,476.289,16.01666666666667
2019-02-16,404.486,17.00416666666667
2019-02-17,269.725,16.19565217391304
2019-02-18,0.0,8.9625
2019-02-19,0.0,7.933333333333334
2019-02-20,0.0,8.104166666666666
2019-02-21,0.0,13.73529411764706
2019-02-22,470.871,16.46666666666667
2019-02-23,0.0,12.9375
2019-02-24,0.0,4.978260869565218
2019-02-25,0.0,6.704166666666667
2019-02-26,499.936,7.713636363636363
2019-02-27,516.618,8.579166666666667
2019-02-28,512.013,7.558333333333334
2019-03-01,567.033,7.204166666666667
2019-03-02,0.0,10.02916666666667
2019-03-03,451.648,8.220833333333333
2019-03-04,0.0,7.758333333333333
2019-03-05,0.0,13.49583333333333
2019-03-06,0.0,14.21666666666667
2019-03-07,0.0,14.44583333333333
2019-03-08,331.627,15.55833333333333
2019-03-09,0.0,14.98333333333333
2019-03-10,593.0,8.1875
2019-03-11,0.0,9.283333333333333
2019-03-12,264.684,11.55
2019-03-13,0.0,13.1375
2019-03-14,506.966,11.50434782608696
2019-03-15,344.457,10.05833333333333
2019-03-16,200.483,15.44166666666667
2019-03-17,514.077,9.5375
2019-03-18,0.0,12.24583333333333
2019-03-19,0.0,7.100000000000001
2019-03-20,354.13,10.69166666666667
2019-03-21,197.904,7.541666666666667
2019-03-22,0.0,9.416666666666666
2019-03-23,306.425,16.06666666666667
2019-03-24,451.352,13.1
2019-03-25,0.0,11.54583333333333
2019-03-26,747.411,12.49583333333333
2019-03-27,0.0,13.65833333333333
2019-03-28,599.317,11.80833333333333
2019-03-29,0.0,10.05416666666667
2019-03-30,0.0,17.27916666666667
2019-03-31,0.0,11.11666666666667
2019-04-01,0.0,10.21666666666667
2019-04-02,325.681,5.850000000000001
2019-04-03,0.0,6.434782608695652
2019-04-04,507.647,4.652173913043478
2019-04-05,302.145,10.3125
2019-04-06,0.0,7.895833333333333
2019-04-07,0.0,10.1125
2019-04-08,399.903,16.88333333333333
2019-04-09,311.769,14.29583333333333
2019-04-10,0.0,8.3125
2019-04-11,378.788,13.57083333333333
2019-04-12,0.0,13.32083333333333
2019-04-13,344.674,11.28181818181818
2019-04-14,518.905,11.5125
2019-04-15,0.0,9.108333333333333
2019-04-16,274.902,14.92083333333333
2019-04-17,0.0,10.4
2019-04-18,0.0,11.37083333333333
2019-04-19,0.0,6.177777777777778
2019-04-20,0.0,9.266666666666667
2019-04-21,0.0,4.3125
2019-04-22,479.191,9.887500000000001
2019-04-23,0.0,8.75
2019-04-24,0.0,10.02916666666667
2019-04-25,176.324,13.3875
2019-04-26,0.0,11.27083333333333
2019-04-27,0.0,13.0875
2019-04-28,0.0,10.32083333333333
2019-04-29,449.0,10.65
2019-04-30,0.0,11.62608695652174
2019-05-01,264.681,15.99583333333333
2019-05-02,342.323,14.1375
2019-05-03,0.0,15.0375
2019-05-04,0.0,14.09166666666667
2019-05-05,401.548,7.904166666666666
2019-05-06,390.563,8.404347826086957
2019-05-07,0.0,11.23333333333333
2019-05-08,0.0,9.491666666666667
2019-05-09,0.0,7.125
2019-05-10,0.0,7.9375
2019-05-11,192.149,13.8625
2019-05-12,0.0,7.882608695652173
2019-05-13,0.0,11.075
2019-05-14,0.0,11.29166666666667
2019-05-15,0.0,14.8125
2019-05-16,282.661,12.50416666666667
2019-05-17,0.0,10.2
2019-05-18,0.0,7.962499999999999
2019-05-19,0.0,5.058333333333334
2019-05-20,532.874,12.85416666666667
2019-05-21,517.714,12.76666666666667
2019-05-22,254.41,11.18636363636364
2019-05-23,0.0,10.58333333333333
2019-05-24,173.326,9.291666666666666
2019-05-25,0.0,8.991666666666667
2019-05-26,514.487,6.966666666666666
2019-05-27,348.205,8.904166666666667
2019-05-28,0.0,8.63913043478261
2019-05-29,509.226,7.308333333333334
2019-05-30,0.0,8.095833333333333
2019-05-31,0.0,7.870833333333334
2019-06-01,420.316,5.2
2019-06-02,0.0,7.866666666666667
2019-06-03,336.855,10.74166666666667
2019-06-04,159.504,12.14166666666667
2019-06-05,312.113,9.429166666666667
2019-06-06,0.0,8.929166666666665
2019-06-07,240.299,12.38695652173913
2019-06-08,285.561,16.3125
2019-06-09,455.661,10.10833333333333
2019-06-10,0.0,7.833333333333333
2019-06-11,452.53,8.3
2019-06-12,0.0,12.22083333333333
2019-06-13,0.0,14.69130434782609
2019-06-14,0.0,10.50416666666667
2019-06-15,0.0,10.34583333333333
2019-06-16,324.435,10.1375
2019-06-17,331.817,14.2
2019-06-18,380.813,13.45454545454546
2019-06-19,230.682,16.4
2019-06-20,409.5,12.01304347826087
2019-06-21,0.0,14.25833333333333
2019-06-22,0.0,15.99565217391304
2019-06-23,0.0,10.05416666666667
2019-06-24,0.0,13.64761904761905
2019-06-25,260.617,12.69583333333333
2019-06-26,196.066,15.40833333333333
2019-06-27,251.818,17.3125
2019-06-28,90.963,16.53478260869565
2019-06-29,0.0,11.60833333333333
2019-06-30,381.0,12.77916666666667
2019-07-01,0.0,12.42608695652174
2019-07-02,232.246,15.86086956521739
2019-07-03,268.109,18.50869565217391
2019-07-04,343.925,17.13478260869565
2019-07-05,257.163,18.73478260869565
2019-07-06,345.257,14.21304347826087
2019-07-07,0.0,8.475
2019-07-08,0.0,11.78695652173913
2019-07-09,331.9,15.64583333333333
2019-07-10,325.417,17.3304347826087
2019-07-11,98.412,15.44347826086956
2019-07-12,516.0,18.6125
2019-07-13,0.0,13.66666666666667
2019-07-14,0.0,8.145833333333334
2019-07-15,0.0,9.420833333333333
2019-07-16,342.481,17.14166666666667
2019-07-17,307.684,17.28695652173913
2019-07-18,280.063,13.65416666666667
2019-07-19,246.91,14.75
2019-07-20,281.472,12.4
2019-07-21,354.653,
2019-07-22,0.0,11.6
2019-07-23,0.0,11.51666666666667
2019-07-24,0.0,7.9375
2019-07-25,0.0,15.17083333333333
2019-07-26,351.556,13.83333333333333
2019-07-27,266.024,17.67916666666667
2019-07-28,0.0,8.5875
2019-07-29,115.319,15.1125
2019-07-30,207.824,18.12916666666667
2019-07-31,0.0,14.275
2019-08-01,135.205,14.975
2019-08-02,0.0,19.02916666666667
2019-08-03,0.0,15.04782608695652
2019-08-04,0.0,14.86666666666667
2019-08-05,313.584,19.75909090909091
2019-08-06,85.618,23.32857142857143
2019-08-07,399.869,22.27391304347826
2019-08-08,304.242,23.125
2019-08-09,533.425,18.12916666666667
2019-08-10,390.154,17.21052631578947
2019-08-11,198.511,14.55416666666667
2019-08-12,380.615,18.27916666666667
2019-08-13,505.589,19.00416666666667
2019-08-14,0.0,22.94666666666667
2019-08-15,587.857,25.03571428571428
2019-08-16,0.0,15.60952380952381
2019-08-17,0.0,17.85217391304348
2019-08-18,0.0,13.43913043478261
2019-08-19,404.309,16.51666666666667
2019-08-20,429.445,11.78333333333333
2019-08-21,314.675,16.98260869565217
2019-08-22,138.313,14.52608695652174
2019-08-23,468.814,18.2875
2019-08-24,296.446,18.64285714285714
2019-08-25,0.0,16.14166666666667
2019-08-26,284.14,20.30434782608696
2019-08-27,269.012,20.77647058823529
2019-08-28,343.063,16.11818181818182
2019-08-29,211.618,22.50833333333334
2019-08-30,347.364,24.66315789473684
2019-08-31,246.342,22.42083333333333
2019-09-01,0.0,19.2
2019-09-02,349.158,18.94166666666667
2019-09-03,0.0,21.83333333333333
2019-09-04,0.0,20.09583333333333
2019-09-05,333.443,20.76666666666667
2019-09-06,337.984,23.075
2019-09-07,243.447,18.17272727272727
2019-09-08,193.866,14.41428571428571
2019-09-09,249.411,19.26666666666667
2019-09-10,0.0,21.42916666666666
2019-09-11,404.508,20.13333333333333
2019-09-12,0.0,19.07272727272727
2019-09-13,366.071,24.95909090909091
2019-09-14,0.0,20.45217391304348
2019-09-15,0.0,16.30434782608696
2019-09-16,214.261,22.81666666666667
2019-09-17,0.0,23.76666666666667
2019-09-18,0.0,17.67272727272727
2019-09-19,0.0,15.3304347826087
2019-09-20,0.0,15.27619047619048
2019-09-21,0.0,17.05416666666667
2019-09-22,494.267,11.95833333333333
2019-09-23,0.0,14.24583333333334
2019-09-24,0.0,12.475
2019-09-25,413.407,18.65652173913044
2019-09-26,0.0,17.47391304347826
2019-09-27,353.811,12.4
2019-09-28,0.0,10.65416666666667
2019-09-29,287.157,7.916666666666667
2019-09-30,483.945,11.675
2019-10-01,402.44,15.85833333333333
2019-10-02,548.077,10.5375
2019-10-03,0.0,9.029166666666667
2019-10-04,269.927,16.61666666666667
2019-10-05,0.0,10.50833333333333
2019-10-06,0.0,7.354166666666667
2019-10-07,0.0,7.149999999999999
2019-10-08,0.0,12.57916666666667
2019-10-09,271.0,14.57083333333333
2019-10-10,0.0,12.14583333333333
2019-10-11,0.0,11.02916666666667
2019-10-12,474.603,15.22083333333333
2019-10-13,0.0,11.77391304347826
2019-10-14,296.21,16.82916666666667
2019-10-15,0.0,14.4375
2019-10-16,0.0,13.72083333333333
2019-10-17,583.667,13.40833333333333
2019-10-18,556.214,20.83333333333333
2019-10-19,0.0,11.64347826086957
2019-10-20,0.0,8.674999999999999
2019-10-21,0.0,10.02083333333333
2019-10-22,404.161,5.837499999999999
2019-10-23,0.0,7.920833333333333
2019-10-24,0.0,13.09583333333333
2019-10-25,416.334,19.9
2019-10-26,0.0,15.32083333333333
2019-10-27,421.904,7.708333333333333
2019-10-28,0.0,7.933333333333334
2019-10-29,352.203,11.56666666666667
2019-10-30,463.177,12.825
2019-10-31,0.0,11.36363636363636
2019-11-01,390.227,10.86666666666667
2019-11-02,296.555,5.962499999999999
2019-11-03,619.528,6.279166666666666
2019-11-04,0.0,6.7375
2019-11-05,400.421,8.325000000000001
2019-11-06,465.09,7.545833333333333
2019-11-07,274.204,9.495833333333334
2019-11-08,371.232,13.42083333333333
2019-11-09,0.0,7.139130434782608
2019-11-10,458.133,6.333333333333333
2019-11-11,0.0,6.029166666666666
2019-11-12,0.0,8.549999999999999
2019-11-13,0.0,6.664705882352941
2019-11-14,563.128,8.736363636363636
2019-11-15,0.0,7.970833333333334
2019-11-16,0.0,7.931818181818182
2019-11-17,380.245,5.727272727272728
2019-11-18,291.808,5.718181818181818
2019-11-19,0.0,6.071428571428571
2019-11-20,0.0,8.695833333333333
2019-11-21,468.132,6.978260869565218
2019-11-22,0.0,8.954166666666667
2019-11-23,397.512,9.754166666666666
2019-11-24,313.577,8.625
2019-11-25,400.856,7.733333333333333
2019-11-26,487.818,10.82916666666667
2019-11-27,0.0,8.516666666666667
2019-11-28,0.0,9.804166666666667
2019-11-29,0.0,11.625
2019-11-30,538.37,7.787500000000001
2019-12-01,0.0,6.395833333333333
2019-12-02,418.932,8.5625
2019-12-03,540.341,10.56666666666667
2019-12-04,400.158,11.225
2019-12-05,399.205,6.691666666666666
2019-12-06,0.0,7.941666666666666
2019-12-07,0.0,3.991666666666667
2019-12-08,0.0,7.144444444444444
2019-12-09,507.022,7.658333333333332
2019-12-10,0.0,7.033333333333334
2019-12-11,0.0,8.420833333333333
2019-12-12,0.0,8.8375
2019-12-13,0.0,11.71538461538461
2019-12-14,545.952,14.57916666666667
2019-12-15,0.0,13.76666666666667
2019-12-16,512.264,12.525
2019-12-17,521.294,9.783333333333333
2019-12-18,502.471,8.75
2019-12-19,560.04,9.354166666666666
2019-12-20,0.0,12.7875
2019-12-21,415.962,10.75
2019-12-22,0.0,9.279166666666667
2019-12-23,334.677,11.75833333333333
2019-12-24,0.0,10.78181818181818
2019-12-25,266.997,8.67142857142857
2019-12-26,255.063,9.725
2019-12-27,0.0,7.7625
2019-12-28,492.912,9.408333333333333
2019-12-29,381.474,5.858333333333333
2019-12-30,588.0,8.341666666666667
2019-12-31,0.0,5.6875
2020-01-01,0.0,2.540909090909091
2020-01-02,0.0,5.008333333333334
2020-01-03,312.688,7.816666666666666
2020-01-04,343.883,8.170833333333333
2020-01-05,392.188,3.091666666666667
2020-01-06,386.244,4.587499999999999
2020-01-07,0.0,8.766666666666667
2020-01-08,435.937,11.21666666666667
2020-01-09,407.432,12.84583333333333
2020-01-10,385.016,13.71333333333333
2020-01-11,292.15,
2020-01-12,409.486,
2020-01-13,281.837,9.544444444444444
2020-01-14,275.324,11.48636363636364
2020-01-15,283.618,12.52727272727273
2020-01-16,385.381,18.28260869565218
2020-01-17,364.324,16.10416666666667
2020-01-18,452.757,10.09545454545455
2020-01-19,382.837,7.566666666666666
2020-01-20,501.5,7.783333333333334
2020-01-21,0.0,5.108333333333333
2020-01-22,0.0,6.420833333333333
2020-01-23,0.0,7.380952380952381
2020-01-24,571.634,7.3625
2020-01-25,0.0,8.308333333333334
2020-01-26,456.765,7.104347826086957
2020-01-27,0.0,6.616666666666667
2020-01-28,353.432,12.02916666666667
2020-01-29,0.0,8.558333333333334
2020-01-30,0.0,12.3875
2020-01-31,0.0,13.64166666666667
2020-02-01,0.0,16.15833333333333
2020-02-02,0.0,7.145833333333333
2020-02-03,389.368,10.49583333333333
2020-02-04,540.779,9.529166666666667
2020-02-05,263.851,15.90416666666667
2020-02-06,301.843,20.08695652173913
2020-02-07,309.724,19.60454545454546
2020-02-08,529.493,9.041666666666666
2020-02-09,570.145,4.504166666666666
2020-02-10,0.0,12.1
2020-02-11,297.787,15.48695652173913
2020-02-12,279.883,13.85
2020-02-13,290.465,13.1875
2020-02-14,376.004,16.62083333333333
2020-02-15,537.872,13.70416666666667
2020-02-16,316.034,11.86666666666667
2020-02-17,0.0,14.01428571428571
2020-02-18,460.517,12.38333333333333
2020-02-19,0.0,12.375
2020-02-20,0.0,9.329166666666667
2020-02-21,474.864,6.383333333333333
2020-02-22,0.0,6.858333333333333
2020-02-23,0.0,6.629166666666666
2020-02-24,0.0,5.258333333333334
2020-02-25,425.955,6.626086956521739
2020-02-26,0.0,7.2
2020-02-27,0.0,4.4
2020-02-28,548.704,10.85454545454546
2020-02-29,427.739,11.34583333333333
2020-03-01,543.43,10.625
2020-03-02,526.076,10.61666666666667
2020-03-03,479.573,10.1
2020-03-04,0.0,12.33478260869565
2020-03-05,385.073,12.04285714285714
2020-03-06,0.0,11.06666666666667
2020-03-07,0.0,6.8125
2020-03-08,0.0,10.44583333333333
2020-03-09,533.942,12.22083333333333
2020-03-10,483.231,11.4875
2020-03-11,411.238,10.31666666666667
2020-03-12,0.0,8.174999999999999
2020-03-13,0.0,8.870833333333334
2020-03-14,0.0,6.904166666666666
2020-03-15,374.321,4.5
2020-03-16,0.0,6.491666666666667
2020-03-17,0.0,5.3
2020-03-18,220.226,7.462499999999999
2020-03-19,432.661,8.429166666666667
2020-03-20,0.0,4.691304347826088
2020-03-21,279.99,6.158333333333334
2020-03-22,352.68,11.28823529411765
2020-03-23,624.179,11.04583333333333
2020-03-24,661.038,15.02916666666667
2020-03-25,0.0,10.7
2020-03-26,538.942,8.53888888888889
2020-03-27,0.0,9.3375
2020-03-28,429.175,
2020-03-29,0.0,
2020-03-30,0.0,
2020-03-31,0.0,7.883333333333333
2020-04-01,0.0,5.9375
2020-04-02,0.0,6.5125
2020-04-03,353.658,8.670833333333333
2020-04-04,668.074,7.433333333333334
2020-04-05,0.0,4.920833333333333
2020-04-06,0.0,6.641666666666667
2020-04-07,0.0,4.7
2020-04-08,544.189,8.575000000000001
2020-04-09,0.0,6.034782608695653
2020-04-10,0.0,8.291304347826086
2020-04-11,0.0,5.691666666666666
2020-04-12,0.0,6.020833333333333
2020-04-13,0.0,3.941666666666666
2020-04-14,497.199,3.295833333333333
2020-04-15,0.0,2.970833333333333
2020-04-16,0.0,7.170833333333333
2020-04-17,389.44,9.245833333333334
2020-04-18,0.0,8.079166666666667
2020-04-19,231.193,5.554166666666667
2020-04-20,197.93,12.42916666666667
2020-04-21,0.0,6.391666666666667
2020-04-22,428.675,6.6375
2020-04-23,0.0,5.15
2020-04-24,447.36,5.958333333333333
2020-04-25,0.0,5.923076923076923
2020-04-26,372.716,
2020-04-27,0.0,11.94285714285714
2020-04-28,0.0,9.029166666666667
2020-04-29,495.99,8.354545454545455
2020-04-30,566.131,8.995454545454546
2020-05-01,0.0,5.829166666666667
2020-05-02,0.0,5.629166666666666
2020-05-03,0.0,6.058333333333334
2020-05-04,0.0,5.165217391304348
2020-05-05,0.0,9.395833333333334
2020-05-06,0.0,9.0
2020-05-07,0.0,7.195833333333333
2020-05-08,432.812,8.5375
2020-05-09,327.19,5.391666666666667
2020-05-10,475.164,7.608333333333333
2020-05-11,271.754,6.295833333333333
2020-05-12,0.0,5.108333333333333
2020-05-13,0.0,8.729166666666666
2020-05-14,0.0,12.28947368421053
2020-05-15,339.161,10.79090909090909
2020-05-16,0.0,
2020-05-17,0.0,
2020-05-18,0.0,
2020-05-19,0.0,
2020-05-20,221.169,
2020-05-21,0.0,11.60909090909091
2020-05-22,0.0,12.00909090909091
2020-05-23,0.0,12.15238095238095
2020-05-24,411.211,7.791304347826087
2020-05-25,0.0,13.03478260869565
2020-05-26,281.936,10.95909090909091
2020-05-27,295.754,11.9875
2020-05-28,463.244,9.091666666666667
2020-05-29,433.0,6.827272727272727
2020-05-30,0.0,5.220833333333333
2020-05-31,392.333,4.895833333333333
2020-06-01,0.0,7.8875
2020-06-02,0.0,8.416666666666666
2020-06-03,0.0,7.654166666666666
2020-06-04,164.294,11.64583333333333
2020-06-05,0.0,16.3875
2020-06-06,152.048,
2020-06-07,297.363,
2020-06-08,426.719,
2020-06-09,473.683,9.10909090909091
2020-06-10,467.695,10.4
2020-06-11,395.44,11.90869565217391
2020-06-12,446.0,10.32916666666667
2020-06-13,492.939,13.07916666666667
2020-06-14,0.0,6.412500000000001
2020-06-15,0.0,10.04166666666667
2020-06-16,316.275,11.64166666666667
2020-06-17,0.0,12.05909090909091
2020-06-18,218.076,8.438095238095238
2020-06-19,585.0,7.016666666666667
2020-06-20,293.25,7.675
2020-06-21,305.418,5.808333333333334
2020-06-22,245.127,8.308333333333334
2020-06-23,0.0,11.01739130434783
2020-06-24,0.0,11.30833333333333
2020-06-25,0.0,12.225
2020-06-26,523.778,8.166666666666666
2020-06-27,290.96,9.612499999999999
2020-06-28,374.044,9.904166666666667
2020-06-29,313.154,10.91666666666667
2020-06-30,447.332,10.60833333333333
2020-07-01,0.0,13.19166666666667
2020-07-02,0.0,11.55833333333333
2020-07-03,0.0,8.591666666666667
2020-07-04,0.0,10.0
2020-07-05,0.0,7.708333333333333
2020-07-06,0.0,8.379166666666666
2020-07-07,0.0,8.3125
2020-07-08,378.763,11.97272727272727
2020-07-09,266.547,13.50869565217391
2020-07-10,0.0,11.04615384615385
2020-07-11,0.0,
2020-07-12,399.938,
2020-07-13,366.339,9.5375
2020-07-14,192.065,8.60909090909091
2020-07-15,224.662,9.25
2020-07-16,69.705,11.65
2020-07-17,0.0,10.8695652173913
2020-07-18,339.229,7.899999999999999
2020-07-19,0.0,12.02
2020-07-20,0.0,10.38181818181818
2020-07-21,383.178,9.3125
2020-07-22,0.0,10.4875
2020-07-23,0.0,9.841666666666667
2020-07-24,454.526,9.0875
2020-07-25,277.554,10.825
2020-07-26,0.0,8.858333333333333
2020-07-27,397.221,9.241666666666667
2020-07-28,248.66,15.17391304347826
2020-07-29,0.0,11.42083333333333
2020-07-30,344.827,14.14583333333333
2020-07-31,194.247,16.49166666666667
2020-08-01,411.814,10.73478260869565
2020-08-02,0.0,10.35833333333333
2020-08-03,396.133,13.45833333333333
2020-08-04,352.282,17.42916666666667
2020-08-05,351.503,16.11363636363636
2020-08-06,0.0,16.89130434782609
2020-08-07,244.08,13.95
2020-08-08,299.463,15.82857142857143
2020-08-09,130.945,13.77272727272727
2020-08-10,284.759,14.58
2020-08-11,482.778,14.7875
2020-08-12,301.836,15.09166666666667
2020-08-13,283.281,15.89166666666667
2020-08-14,0.0,10.82608695652174
2020-08-15,435.616,15.99166666666667
2020-08-16,445.183,10.59583333333333
2020-08-17,180.419,10.0875
2020-08-18,0.0,6.854166666666667
2020-08-19,0.0,8.612499999999999
2020-08-20,0.0,6.695833333333333
2020-08-21,0.0,8.23
2020-08-22,0.0,10.83333333333333
2020-08-23,401.329,12.08333333333333
2020-08-24,115.861,14.14166666666667
2020-08-25,0.0,15.09545454545455
2020-08-26,209.347,13.7875
2020-08-27,0.0,13.175
2020-08-28,387.494,8.971428571428572
2020-08-29,0.0,12.19545454545455
2020-08-30,274.254,10.00833333333333
2020-08-31,104.27,11.52083333333333
2020-09-01,0.0,12.60833333333333
2020-09-02,192.066,13.20526315789474
2020-09-03,0.0,9.645833333333334
2020-09-04,360.333,14.30416666666667
2020-09-05,0.0,10.49583333333333
2020-09-06,0.0,12.125
2020-09-07,472.249,11.5875
2020-09-08,393.268,7.883333333333333
2020-09-09,0.0,13.2
2020-09-10,0.0,14.80434782608696
2020-09-11,326.874,16.87083333333333
2020-09-12,0.0,13.9
2020-09-13,255.756,8.725
2020-09-14,360.503,11.05217391304348
2020-09-15,0.0,15.275
2020-09-16,0.0,16.24347826086957
2020-09-17,232.681,16.20416666666667
2020-09-18,454.967,18.1875
2020-09-19,0.0,19.43333333333333
2020-09-20,352.585,12.24166666666667
2020-09-21,0.0,10.2875
2020-09-22,294.136,11.9625
2020-09-23,0.0,14.39166666666667
2020-09-24,553.0,14.50833333333333
2020-09-25,0.0,10.18333333333333
2020-09-26,265.251,15.58333333333333
2020-09-27,179.14,15.15416666666667
2020-09-28,0.0,7.537500000000001
2020-09-29,379.736,12.33333333333333
2020-09-30,0.0,12.99583333333333
2020-10-01,409.746,12.6375
2020-10-02,114.949,13.86666666666667
2020-10-03,0.0,11.2
2020-10-04,0.0,11.65833333333333
2020-10-05,0.0,11.58695652173913
2020-10-06,392.691,10.67916666666667
2020-10-07,0.0,14.60833333333333
2020-10-08,0.0,8.44090909090909
2020-10-09,323.952,10.73478260869565
2020-10-10,287.136,10.64782608695652
2020-10-11,169.854,11.95
2020-10-12,236.671,11.475
2020-10-13,555.145,11.74782608695652
2020-10-14,0.0,12.47083333333333
2020-10-15,0.0,14.6375
2020-10-16,0.0,15.51304347826087
2020-10-17,369.165,11.47916666666667
2020-10-18,484.0,7.325
2020-10-19,283.908,8.229166666666666
2020-10-20,466.018,16.10416666666667
2020-10-21,0.0,15.33478260869565
2020-10-22,0.0,10.54347826086956
2020-10-23,0.0,10.85
2020-10-24,474.489,14.48333333333333
2020-10-25,0.0,10.65833333333333
2020-10-26,340.912,9.129166666666666
2020-10-27,0.0,11.0125
2020-10-28,0.0,6.633333333333333
2020-10-29,344.901,17.1375
2020-10-30,285.668,12.44347826086956
2020-10-31,0.0,14.42083333333333
2020-11-01,199.955,12.69545454545455
2020-11-02,389.826,12.89130434782609
2020-11-03,240.861,15.975
2020-11-04,315.433,23.7875
2020-11-05,503.058,23.05217391304348
2020-11-06,0.0,24.85416666666667
2020-11-07,521.404,21.80416666666666
2020-11-08,0.0,19.51666666666667
2020-11-09,580.625,20.35833333333333
2020-11-10,466.523,24.55
2020-11-11,379.489,24.84
2020-11-12,417.876,24.03076923076923
2020-11-13,280.058,28.4875
2020-11-14,589.517,28.825
2020-11-15,0.0,20.32083333333333
2020-11-16,0.0,23.74583333333333
2020-11-17,424.157,23.91666666666667
2020-11-18,454.148,19.66666666666667
2020-11-19,0.0,16.23333333333333
2020-11-20,0.0,8.908333333333333
2020-11-21,271.005,8.316666666666666
2020-11-22,0.0,16.65416666666667
2020-11-23,0.0,16.70833333333333
2020-11-24,0.0,15.34583333333333
2020-11-25,572.508,12.64347826086957
2020-11-26,426.887,7.530434782608695
2020-11-27,0.0,16.03076923076923
2020-11-28,443.521,15.65
2020-11-29,291.277,11.63333333333333
2020-11-30,570.229,13.5625
2020-12-01,0.0,9.657142857142857
2020-12-02,398.597,8.108333333333333
2020-12-03,478.839,8.695833333333333
2020-12-04,416.101,9.986363636363636
2020-12-05,0.0,14.93076923076923
2020-12-06,0.0,
2020-12-07,313.176,
2020-12-08,0.0,
2020-12-09,587.74,
2020-12-10,0.0,
2020-12-11,355.602,
2020-12-12,441.33,
2020-12-13,0.0,
2020-12-14,0.0,
2020-12-15,517.452,
2020-12-16,454.54,
2020-12-17,0.0,
2020-12-18,455.0,
2020-12-19,475.92,
2020-12-20,284.89,
2020-12-21,321.082,
2020-12-22,0.0,
2020-12-23,0.0,
2020-12-24,0.0,
2020-12-25,0.0,
2020-12-26,0.0,
2020-12-27,311.263,
2020-12-28,552.146,
2020-12-29,0.0,
2020-12-30,400.393,
2020-12-31,0.0,
2021-01-01,0.0,
2021-01-02,0.0,
2021-01-03,0.0,
2021-01-04,0.0,
2021-01-05,449.333,
2021-01-06,327.778,
2021-01-07,271.2,
2021-01-08,469.794,
2021-01-09,0.0,
2021-01-10,387.516,
2021-01-11,595.0,
2021-01-12,0.0,
2021-01-13,482.569,
2021-01-14,552.0,
2021-01-15,373.971,
2021-01-16,0.0,
2021-01-17,370.692,
2021-01-18,0.0,
2021-01-19,430.815,
2021-01-20,0.0,
2021-01-21,322.98,
2021-01-22,0.0,
2021-01-23,0.0,
2021-01-24,472.184,
2021-01-25,0.0,
2021-01-26,0.0,
2021-01-27,560.526,7.109999999999999
2021-01-28,295.633,7.695238095238095
2021-01-29,392.908,6.895833333333333
2021-01-30,438.894,9.695652173913043
2021-01-31,258.095,15.49583333333333
2021-02-01,307.227,9.9
2021-02-02,476.488,8.329166666666667
2021-02-03,482.94,10.19166666666667
2021-02-04,0.0,12.76363636363636
2021-02-05,0.0,7.162500000000001
2021-02-06,441.342,11.925
2021-02-07,312.774,7.908333333333334
2021-02-08,0.0,7.899999999999999
2021-02-09,426.497,9.113043478260868
2021-02-10,0.0,8.504166666666666
2021-02-11,0.0,4.279166666666667
2021-02-12,0.0,9.829166666666667
2021-02-13,632.761,5.943478260869565
2021-02-14,565.25,8.016666666666667
2021-02-15,0.0,9.975
2021-02-16,661.614,4.629166666666666
2021-02-17,0.0,3.604166666666667
2021-02-18,0.0,4.517391304347826
2021-02-19,0.0,5.7
2021-02-20,552.736,6.321052631578947
2021-02-21,581.688,4.470833333333333
2021-02-22,0.0,4.425
2021-02-23,0.0,9.291666666666666
2021-02-24,572.0,10.775
2021-02-25,0.0,6.466666666666666
2021-02-26,0.0,8.871428571428572
2021-02-27,0.0,
2021-02-28,0.0,
2021-03-01,0.0,
2021-03-02,0.0,
2021-03-03,0.0,
2021-03-04,411.868,
2021-03-05,0.0,
2021-03-06,296.648,
2021-03-07,0.0,
2021-03-08,0.0,
2021-03-09,0.0,
2021-03-10,0.0,
2021-03-11,0.0,
2021-03-12,0.0,
2021-03-13,0.0,
2021-03-14,0.0,
2021-03-15,0.0,
2021-03-16,0.0,
2021-03-17,0.0,
2021-03-18,0.0,
2021-03-19,331.146,
2021-03-20,0.0,
2021-03-21,0.0,
2021-03-22,0.0,
2021-03-23,0.0,13.01
2021-03-24,422.36,13.1875
2021-03-25,412.174,11.86521739130435
2021-03-26,669.768,14.30666666666667
2021-03-27,0.0,
2021-03-28,0.0,
2021-03-29,0.0,13.6
2021-03-30,0.0,10.51363636363636
2021-03-31,0.0,11.02083333333333
2021-04-01,0.0,9.225
2021-04-02,183.162,6.708333333333333
2021-04-03,0.0,7.875
2021-04-04,0.0,9.420833333333333
2021-04-05,0.0,11.46666666666667
2021-04-06,501.065,10.69166666666667
2021-04-07,553.418,13.525
2021-04-08,0.0,10.14166666666667
2021-04-09,0.0,10.33478260869565
2021-04-10,0.0,8.766666666666667
2021-04-11,0.0,11.02083333333333
2021-04-12,0.0,10.5
2021-04-13,510.454,10.1
2021-04-14,412.8,12.22083333333333
2021-04-15,0.0,15.00416666666667
2021-04-16,460.862,8.708333333333334
2021-04-17,0.0,12.17083333333333
2021-04-18,0.0,12.90869565217391
2021-04-19,0.0,9.008333333333333
2021-04-20,202.88,11.95416666666667
2021-04-21,197.251,7.683333333333334
2021-04-22,196.88,9.7
2021-04-23,530.898,8.441666666666666
2021-04-24,0.0,7.495652173913044
2021-04-25,423.032,7.295833333333333
2021-04-26,0.0,6.991666666666667
2021-04-27,380.016,9.845833333333333
2021-04-28,0.0,6.412500000000001
2021-04-29,0.0,9.958333333333334
2021-04-30,0.0,8.0375
2021-05-01,0.0,5.8875
2021-05-02,0.0,5.7625
2021-05-03,0.0,5.316666666666667
2021-05-04,395.641,11.1625
2021-05-05,0.0,9.333333333333334
2021-05-06,485.439,7.504761904761905
2021-05-07,496.36,11.47083333333333
2021-05-08,0.0,8.179166666666667
2021-05-09,357.119,9.945833333333335
2021-05-10,0.0,9.575
2021-05-11,598.0,8.591666666666667
2021-05-12,0.0,10.55833333333333
2021-05-13,318.283,14.80434782608696
2021-05-14,503.333,10.06521739130435
2021-05-15,0.0,9.0
2021-05-16,0.0,5.579166666666667
2021-05-17,0.0,8.270833333333334
2021-05-18,0.0,11.1375
2021-05-19,0.0,11.45833333333333
2021-05-20,129.696,11.4125
2021-05-21,279.588,10.90416666666667
2021-05-22,598.0,5.6125
2021-05-23,357.93,7.020833333333333
2021-05-24,514.025,8.075000000000001
2021-05-25,0.0,8.275
2021-05-26,0.0,9.129166666666666
2021-05-27,387.234,9.299999999999999
2021-05-28,454.161,10.77826086956522
2021-05-29,518.811,7.670833333333333
2021-05-30,599.0,8.404166666666667
2021-05-31,418.579,12.8875
2021-06-01,384.844,13.8
2021-06-02,0.0,13.88333333333333
2021-06-03,247.53,14.66666666666667
2021-06-04,0.0,13.38260869565218
2021-06-05,0.0,11.94166666666667
2021-06-06,0.0,8.195833333333335
2021-06-07,0.0,5.529166666666666
2021-06-08,0.0,8.716666666666667
2021-06-09,0.0,9.121739130434783
2021-06-10,0.0,12.36666666666667
2021-06-11,0.0,13.925
2021-06-12,254.487,14.78333333333333
2021-06-13,0.0,8.720833333333333
2021-06-14,0.0,8.737499999999999
2021-06-15,0.0,8.695833333333333
2021-06-16,0.0,11.01
2021-06-17,234.303,
2021-06-18,0.0,
2021-06-19,0.0,
2021-06-20,0.0,
2021-06-21,0.0,
2021-06-22,297.089,
2021-06-23,0.0,
2021-06-24,211.53,
2021-06-25,468.637,
2021-06-26,567.864,
2021-06-27,0.0,
2021-06-28,0.0,
2021-06-29,114.058,
2021-06-30,285.539,
2021-07-01,214.106,
2021-07-02,0.0,
2021-07-03,232.286,
2021-07-04,0.0,
2021-07-05,218.06,
2021-07-06,0.0,
2021-07-07,102.382,
2021-07-08,205.145,
2021-07-09,497.89,
2021-07-10,328.472,
2021-07-11,0.0,
2021-07-12,0.0,11.8
2021-07-13,0.0,16.49166666666667
2021-07-14,328.91,15.47916666666667
2021-07-15,389.144,16.0125
2021-07-16,495.402,15.62916666666667
2021-07-17,0.0,9.616666666666667
2021-07-18,369.0,10.67916666666667
2021-07-19,464.781,12.98333333333333
2021-07-20,0.0,14.63913043478261
2021-07-21,229.868,12.34347826086956
2021-07-22,0.0,13.31739130434783
2021-07-23,0.0,14.67083333333333
2021-07-24,0.0,13.09166666666667
2021-07-25,0.0,7.116666666666667
2021-07-26,476.054,10.57916666666667
2021-07-27,364.53,11.425
2021-07-28,249.528,15.22083333333333
2021-07-29,0.0,12.4875
2021-07-30,0.0,16.525
2021-07-31,412.865,10.25
2021-08-01,372.022,10.02
2021-08-02,512.419,5.754545454545454
2021-08-03,435.809,14.77
2021-08-04,563.735,14.50909090909091
2021-08-05,0.0,16.81739130434783
2021-08-06,224.647,16.60833333333333
2021-08-07,0.0,20.8625
2021-08-08,556.199,16.27083333333333
2021-08-09,0.0,15.85
2021-08-10,323.011,18.86666666666667
2021-08-11,289.288,16.05416666666667
2021-08-12,0.0,16.30833333333333
2021-08-13,536.919,13.8695652173913
2021-08-14,0.0,15.0625
2021-08-15,462.967,10.6
2021-08-16,0.0,9.920833333333333
2021-08-17,0.0,14.03333333333333
2021-08-18,0.0,15.71666666666667
2021-08-19,0.0,13.97083333333333
2021-08-20,261.151,16.09166666666667
2021-08-21,0.0,17.58333333333333
2021-08-22,0.0,14.82083333333333
2021-08-23,0.0,12.275
2021-08-24,527.0,12.65
2021-08-25,0.0,11.15416666666667
2021-08-26,0.0,13.87727272727273
2021-08-27,0.0,17.54736842105263
2021-08-28,0.0,13.44166666666667
2021-08-29,0.0,14.19166666666667
2021-08-30,0.0,15.26666666666667
2021-08-31,382.643,15.9625
2021-09-01,536.863,16.34583333333333
2021-09-02,459.048,12.86086956521739
2021-09-03,445.618,18.5375
2021-09-04,347.212,13.57083333333333
2021-09-05,440.029,10.62083333333333
2021-09-06,0.0,10.36666666666667
2021-09-07,532.006,13.73333333333333
2021-09-08,0.0,17.44583333333333
2021-09-09,230.163,15.425
2021-09-10,458.812,15.0875
2021-09-11,581.0,11.85
2021-09-12,0.0,9.2125
2021-09-13,325.193,14.42105263157895
2021-09-14,163.073,12.3
2021-09-15,0.0,15.22916666666667
2021-09-16,310.299,14.85416666666667
2021-09-17,175.767,16.45416666666667
2021-09-18,0.0,17.60588235294118
2021-09-19,261.618,15.78
2021-09-20,366.571,9.25
2021-09-21,0.0,
2021-09-22,0.0,10.31
2021-09-23,0.0,13.90833333333333
2021-09-24,530.0,17.88461538461538
2021-09-25,334.335,16.08888888888889
2021-09-26,0.0,14.1
2021-09-27,336.728,15.28333333333333
2021-09-28,0.0,14.625
2021-09-29,598.0,10.475
2021-09-30,406.87,4.422222222222222
2021-10-01,0.0,
2021-10-02,302.653,
2021-10-03,356.542,
2021-10-04,0.0,
2021-10-05,0.0,12.475
2021-10-06,0.0,17.90833333333333
2021-10-07,276.383,15.75
2021-10-08,0.0,15.86666666666667
2021-10-09,561.185,13.35833333333333
2021-10-10,0.0,10.89583333333333
2021-10-11,313.997,17.42916666666667
2021-10-12,429.318,17.17083333333333
2021-10-13,0.0,16.51666666666667
2021-10-14,297.225,11.35
2021-10-15,0.0,18.37083333333333
2021-10-16,0.0,13.39583333333333
2021-10-17,0.0,11.95416666666667
2021-10-18,486.325,14.97083333333333
2021-10-19,0.0,9.9125
2021-10-20,347.22,11.78333333333333
2021-10-21,0.0,9.954166666666667
2021-10-22,219.47,15.11666666666667
2021-10-23,429.402,8.120833333333334
2021-10-24,0.0,10.1375
2021-10-25,454.584,10.35833333333333
2021-10-26,0.0,13.43333333333333
2021-10-27,263.097,14.7625
2021-10-28,269.795,13.4875
2021-10-29,0.0,14.01666666666667
2021-10-30,367.909,12.79166666666667
2021-10-31,0.0,10.24166666666667
2021-11-01,440.96,6.316666666666666
2021-11-02,0.0,4.454166666666667
2021-11-03,319.012,8.545833333333333
2021-11-04,412.389,9.887500000000001
2021-11-05,317.857,14.39166666666667
2021-11-06,486.022,11.4875
2021-11-07,438.988,10.92916666666667
2021-11-08,0.0,8.4
2021-11-09,0.0,5.662500000000001
2021-11-10,0.0,8.745833333333334
2021-11-11,494.832,9.354166666666666
2021-11-12,0.0,8.933333333333334
2021-11-13,0.0,12.66666666666667
2021-11-14,658.427,7.875
2021-11-15,392.595,8.745833333333334
2021-11-16,0.0,5.370833333333334
2021-11-17,0.0,8.9125
2021-11-18,0.0,7.208333333333333
2021-11-19,531.805,5.600000000000001
2021-11-20,0.0,8.308333333333334
2021-11-21,0.0,9.475
2021-11-22,0.0,10.7125
2021-11-23,0.0,8.095652173913043
2021-11-24,0.0,6.675
2021-11-25,0.0,10.29583333333333
2021-11-26,605.758,13.33333333333333
2021-11-27,508.689,17.65416666666667
2021-11-28,390.386,14.41666666666667
2021-11-29,0.0,5.954166666666667
2021-11-30,584.0,9.720833333333333
2021-12-01,294.882,11.45416666666667
2021-12-02,210.001,9.975
2021-12-03,485.624,11.5304347826087
2021-12-04,0.0,6.870833333333334
2021-12-05,512.283,8.200000000000001
2021-12-06,0.0,10.67083333333333
2021-12-07,0.0,12.25416666666667
2021-12-08,0.0,6.870833333333334
2021-12-09,428.78,9.520833333333334
2021-12-10,468.837,5.804166666666667
2021-12-11,0.0,4.808333333333334
2021-12-12,0.0,3.5875
2021-12-13,0.0,6.925
2021-12-14,0.0,7.355
2021-12-15,0.0,7.625
2021-12-16,0.0,7.0
2021-12-17,0.0,7.195833333333334
2021-12-18,0.0,7.158333333333334
2021-12-19,0.0,5.283333333333333
2021-12-20,0.0,7.991666666666667
2021-12-21,471.949,8.112499999999999
2021-12-22,573.0,9.025
2021-12-23,269.905,11.42272727272727
2021-12-24,535.349,12.42857142857143
2021-12-25,0.0,8.5375
2021-12-26,418.655,16.65217391304348
2021-12-27,0.0,13.30909090909091
2021-12-28,0.0,11.92380952380952
2021-12-29,0.0,14.16666666666667
2021-12-30,572.537,14.29047619047619
2021-12-31,465.966,21.02173913043478
2022-01-01,0.0,17.00454545454545
2022-01-02,614.105,13.2
2022-01-03,135.085,17.29166666666667
2022-01-04,93.555,15.16086956521739
2022-01-05,0.0,9.045833333333333
2022-01-06,384.189,16.275
2022-01-07,355.314,16.45833333333333
2022-01-08,87.262,14.97083333333333
2022-01-09,341.438,12.48333333333333
2022-01-10,305.561,7.875
2022-01-11,285.285,14.60416666666667
2022-01-12,0.0,14.15652173913044
2022-01-13,225.077,6.158333333333334
2022-01-14,0.0,11.60833333333333
2022-01-15,170.774,18.33333333333333
2022-01-16,604.61,17.4
2022-01-17,89.843,20.5125
2022-01-18,220.813,17.55416666666667
2022-01-19,0.0,12.83333333333333
2022-01-20,288.293,15.87916666666667
2022-01-21,565.0,15.80869565217391
2022-01-22,205.786,9.554166666666665
2022-01-23,330.513,11.8875
2022-01-24,243.519,18.11304347826087
2022-01-25,0.0,9.012500000000001
2022-01-26,0.0,10.1125
2022-01-27,338.419,6.06
2022-01-28,0.0,
2022-01-29,0.0,7.391666666666667
2022-01-30,0.0,3.495833333333334
2022-01-31,0.0,6.672727272727273
2022-02-01,529.497,5.373913043478261
2022-02-02,872.857,12.02916666666667
2022-02-03,574.813,19.77826086956522
2022-02-04,579.584,13.19565217391304
2022-02-05,365.011,6.670833333333333
2022-02-06,0.0,4.6375
2022-02-07,0.0,9.470833333333333
2022-02-08,0.0,7.712499999999999
2022-02-09,0.0,8.970833333333333
2022-02-10,859.0,6.229166666666667
2022-02-11,0.0,8.443478260869565
2022-02-12,0.0,9.865
2022-02-13,0.0,5.915384615384616
2022-02-14,426.7,6.766666666666667
2022-02-15,0.0,8.116666666666667
2022-02-16,0.0,14.36086956521739
2022-02-17,749.15,16.08333333333333
2022-02-18,0.0,6.645833333333333
2022-02-19,164.167,8.091666666666667
2022-02-20,0.0,4.691666666666666
2022-02-21,429.62,5.939130434782609
2022-02-22,0.0,13.45833333333333
2022-02-23,142.0,16.83181818181818
2022-02-24,0.0,8.515
2022-02-25,0.0,9.145833333333334
2022-02-26,0.0,6.623809523809523
2022-02-27,0.0,6.631818181818182
2022-02-28,377.822,11.775
2022-03-01,0.0,11.225
2022-03-02,0.0,6.539130434782609
2022-03-03,0.0,7.108333333333333
2022-03-04,196.891,9.113043478260868
2022-03-05,0.0,5.412500000000001
2022-03-06,0.0,6.545833333333333
2022-03-07,196.483,6.175
2022-03-08,0.0,7.383333333333333
2022-03-09,268.117,15.90833333333333
2022-03-10,0.0,12.49130434782609
2022-03-11,0.0,6.9875
2022-03-12,0.0,10.675
2022-03-13,488.984,11.13333333333333
2022-03-14,478.43,10.38333333333333
2022-03-15,0.0,8.020833333333334
2022-03-16,301.719,11.96666666666667
2022-03-17,0.0,9.240909090909092
2022-03-18,475.694,12.97916666666667
2022-03-19,0.0,7.462499999999999
2022-03-20,191.608,6.458333333333333
2022-03-21,609.3,8.641666666666667
2022-03-22,485.015,12.02083333333333
2022-03-23,493.944,13.72916666666667
2022-03-24,0.0,10.00416666666667
2022-03-25,0.0,14.33333333333333
2022-03-26,0.0,9.975
2022-03-27,0.0,11.80416666666667
2022-03-28,0.0,14.41363636363636
2022-03-29,0.0,9.065000000000001
2022-03-30,0.0,11.81739130434783
2022-03-31,0.0,14.71739130434783
2022-04-01,0.0,7.941666666666666
2022-04-02,0.0,9.637500000000001
2022-04-03,228.891,10.8
2022-04-04,0.0,13.77083333333333
2022-04-05,182.011,12.30416666666667
2022-04-06,561.0,14.04583333333333
2022-04-07,909.199,13.55
2022-04-08,0.0,14.50869565217391
2022-04-09,0.0,8.316666666666666
2022-04-10,662.311,7.033333333333334
2022-04-11,0.0,12.67391304347826
2022-04-12,0.0,13.91739130434783
2022-04-13,0.0,17.34545454545455
2022-04-14,0.0,17.20416666666667
2022-04-15,0.0,17.78333333333333
2022-04-16,0.0,11.96086956521739
2022-04-17,406.25,9.27142857142857
2022-04-18,0.0,13.08235294117647
2022-04-19,0.0,9.961904761904762
2022-04-20,0.0,10.76956521739131
2022-04-21,461.192,9.195454545454545
2022-04-22,0.0,8.25
2022-04-23,340.295,12.20526315789474
2022-04-24,904.395,4.8
2022-04-25,0.0,12.3304347826087
2022-04-26,455.124,18.55
2022-04-27,0.0,11.56956521739131
2022-04-28,0.0,10.675
2022-04-29,0.0,16.99583333333333
2022-04-30,473.226,13.19166666666667
2022-05-01,328.007,13.22916666666667
2022-05-02,491.49,14.4125
2022-05-03,511.27,18.27083333333333
2022-05-04,0.0,16.8952380952381
2022-05-05,0.0,11.11428571428571
2022-05-06,0.0,14.88181818181818
2022-05-07,321.018,13.57826086956522
2022-05-08,0.0,16.00416666666667
2022-05-09,334.112,18.01363636363637
2022-05-10,0.0,13.97826086956522
2022-05-11,0.0,13.3952380952381
2022-05-12,257.492,15.3
2022-05-13,577.0,20.79583333333333
2022-05-14,425.248,8.183333333333334
2022-05-15,0.0,8.445833333333333
2022-05-16,0.0,8.931818181818182
2022-05-17,0.0,14.59583333333333
2022-05-18,0.0,6.179166666666667
2022-05-19,725.273,10.99047619047619
2022-05-20,0.0,9.404166666666667
2022-05-21,468.604,14.4125
2022-05-22,686.74,12.0875
2022-05-23,0.0,7.270833333333333
2022-05-24,0.0,14.70416666666667
2022-05-25,0.0,13.875
2022-05-26,0.0,10.64583333333333
2022-05-27,0.0,14.19583333333333
2022-05-28,351.119,16.775
2022-05-29,0.0,12.1875
2022-05-30,0.0,15.94166666666667
2022-05-31,0.0,18.55833333333333
2022-06-01,0.0,11.0875
2022-06-02,0.0,10.37083333333333
2022-06-03,0.0,11.0125
2022-06-04,98.373,8.770833333333334
2022-06-05,0.0,11.88333333333333
2022-06-06,200.129,14.64210526315789
2022-06-07,0.0,16.41739130434783
2022-06-08,899.994,8.362499999999999
2022-06-09,560.5,7.754166666666666
2022-06-10,0.0,8.333333333333334
2022-06-11,0.0,11.84583333333333
2022-06-12,479.262,9.079166666666667
2022-06-13,513.217,12.475
2022-06-14,0.0,13.60833333333333
2022-06-15,211.695,12.32083333333333
2022-06-16,716.416,14.225
2022-06-17,434.883,14.75833333333333
2022-06-18,0.0,7.866666666666667
2022-06-19,0.0,10.6625
2022-06-20,759.478,13.55238095238095
2022-06-21,0.0,16.55263157894737
2022-06-22,447.0,11.44166666666667
2022-06-23,0.0,12.76086956521739
2022-06-24,552.276,7.008333333333333
2022-06-25,0.0,7.725000000000001
2022-06-26,0.0,7.654166666666666
2022-06-27,83.076,11.00416666666667
2022-06-28,580.423,12.75416666666667
2022-06-29,271.949,14.7625
2022-06-30,0.0,13.32083333333333
2022-07-01,187.693,16.65416666666667
2022-07-02,297.288,17.45416666666667
2022-07-03,214.1,8.465217391304348
2022-07-04,0.0,9.6875
2022-07-05,0.0,12.64166666666667
2022-07-06,367.472,11.49565217391304
2022-07-07,396.924,13.95416666666667
2022-07-08,55.497,15.12083333333333
2022-07-09,0.0,12.425
2022-07-10,0.0,14.44166666666667
2022-07-11,325.055,10.28695652173913
2022-07-12,73.615,9.070833333333335
2022-07-13,0.0,15.29166666666667
2022-07-14,0.0,13.25833333333333
2022-07-15,231.891,14.62916666666667
2022-07-16,544.412,12.69166666666667
2022-07-17,0.0,13.15833333333333
2022-07-18,0.0,8.808333333333334
2022-07-19,161.925,11.05833333333333
2022-07-20,500.179,10.65833333333333
2022-07-21,242.421,15.44
2022-07-22,469.083,15.19565217391304
2022-07-23,0.0,9.833333333333334
2022-07-24,0.0,8.204166666666667
2022-07-25,0.0,13.2625
2022-07-26,0.0,10.225
2022-07-27,0.0,8.4375
2022-07-28,231.128,7.55
2022-07-29,73.889,16.57916666666667
2022-07-30,0.0,13.4375
2022-07-31,304.401,12.34347826086956
2022-08-01,0.0,23.90666666666667
2022-08-02,384.165,22.53869565217391
2022-08-03,0.0,15.63375
2022-08-04,392.714,9.975
2022-08-05,0.0,
2022-08-06,467.233,
2022-08-07,280.056,
2022-08-08,337.451,
2022-08-09,0.0,
2022-08-10,0.0,
2022-08-11,0.0,
2022-08-12,339.454,
2022-08-13,277.301,
2022-08-14,157.524,
2022-08-15,0.0,
2022-08-16,11.866,25.42833333333333
2022-08-17,261.53,18.34846153846154
2022-08-18,37.336,25.76117647058824
2022-08-19,548.623,19.55714285714286
2022-08-20,0.0,19.5247619047619
2022-08-21,0.0,19.29652173913043
2022-08-22,0.0,23.525
2022-08-23,262.763,22.95071428571429
2022-08-24,0.0,19.348125
2022-08-25,174.549,21.96125
2022-08-26,0.0,18.474
2022-08-27,51.398,29.41166666666667
2022-08-28,0.0,20.38466666666666
2022-08-29,489.943,24.62176470588235
2022-08-30,422.667,19.86764705882353
2022-08-31,0.0,24.145
2022-09-01,15.618,22.32083333333334
2022-09-02,0.0,20.84347826086956
2022-09-03,381.749,17.50869565217391
2022-09-04,0.0,17.12916666666667
2022-09-05,0.0,25.09545454545455
2022-09-06,0.0,28.33181818181818
2022-09-07,0.0,22.95
2022-09-08,122.337,21.3375
2022-09-09,0.0,25.26666666666667
2022-09-10,413.0,17.75909090909091
2022-09-11,0.0,14.45909090909091
2022-09-12,66.379,18.10833333333333
2022-09-13,638.268,22.04782608695652
2022-09-14,182.594,19.85
2022-09-15,295.878,15.68181818181818
2022-09-16,0.0,9.595833333333333
2022-09-17,0.0,16.5
2022-09-18,541.678,13.15
2022-09-19,359.75,14.84166666666667
2022-09-20,0.0,12.09583333333333
2022-09-21,497.583,16.7125
2022-09-22,498.337,19.45
2022-09-23,250.652,17.46666666666667
2022-09-24,0.0,17.87083333333333
2022-09-25,0.0,21.8125
2022-09-26,0.0,19.28333333333333
2022-09-27,320.707,16.41666666666667
2022-09-28,428.436,19.1
2022-09-29,0.0,10.64583333333333
2022-09-30,276.54,22.02916666666667
2022-10-01,434.315,12.62083333333333
2022-10-02,329.477,11.78260869565217
2022-10-03,163.043,16.475
2022-10-04,0.0,15.825
2022-10-05,313.6,15.01666666666667
2022-10-06,0.0,18.65
2022-10-07,0.0,18.90869565217391
2022-10-08,0.0,12.1
2022-10-09,372.271,15.08333333333333
2022-10-10,0.0,14.1375
2022-10-11,0.0,18.4375
2022-10-12,0.0,16.00416666666667
2022-10-13,0.0,11.3375
2022-10-14,0.0,12.57826086956522
2022-10-15,0.0,12.32083333333333
2022-10-16,0.0,12.82916666666667
2022-10-17,0.0,11.87391304347826
2022-10-18,0.0,8.583333333333334
2022-10-19,0.0,10.88333333333333
2022-10-20,0.0,8.816666666666666
2022-10-21,0.0,10.00869565217391
2022-10-22,567.689,8.343478260869565
2022-10-23,0.0,8.19090909090909
2022-10-24,379.985,
2022-10-25,0.0,15.37142857142857
2022-10-26,0.0,9.425
2022-10-27,0.0,14.2125
2022-10-28,0.0,13.7375
2022-10-29,354.241,15.51666666666667
2022-10-30,354.546,12.775
2022-10-31,273.984,16.49166666666667
2022-11-01,332.928,21.85416666666667
2022-11-02,0.0,16.45217391304348
2022-11-03,547.458,14.30416666666667
2022-11-04,0.0,11.075
2022-11-05,349.314,13.13333333333333
2022-11-06,593.96,13.24166666666667
2022-11-07,304.796,15.125
2022-11-08,450.542,16.26470588235294
2022-11-09,566.483,18.66086956521739
2022-11-10,0.0,17.6625
2022-11-11,0.0,25.97391304347826
2022-11-12,499.177,22.20416666666667
2022-11-13,0.0,23.80833333333333
2022-11-14,200.006,25.5375
2022-11-15,0.0,22.08695652173913
2022-11-16,0.0,17.26666666666667
2022-11-17,0.0,15.7
2022-11-18,427.413,22.72916666666667
2022-11-19,544.035,25.01904761904762
2022-11-20,0.0,15.30833333333333
2022-11-21,522.519,21.41304347826087
2022-11-22,415.756,20.16666666666667
2022-11-23,318.841,23.82608695652174
2022-11-24,352.106,21.875
2022-11-25,0.0,24.54782608695652
2022-11-26,354.588,25.05
2022-11-27,0.0,20.00416666666667
2022-11-28,515.508,21.6
2022-11-29,616.559,25.2
2022-11-30,514.735,21.36086956521739
2022-12-01,267.036,19.42083333333333
2022-12-02,0.0,14.41666666666667
2022-12-03,346.967,16.88333333333333
2022-12-04,492.934,19.6125
2022-12-05,473.984,20.3
2022-12-06,285.428,25.50833333333334
2022-12-07,0.0,22.825
2022-12-08,281.155,20.84782608695652
2022-12-09,0.0,18.44782608695652
2022-12-10,417.41,19.83913043478261
2022-12-11,0.0,15.23333333333333
2022-12-12,304.524,16.66086956521739
2022-12-13,518.062,18.76086956521739
2022-12-14,323.782,15.15416666666667
2022-12-15,0.0,15.24545454545454
2022-12-16,0.0,17.0375
2022-12-17,0.0,14.24583333333333
2022-12-18,419.83,11.5375
2022-12-19,509.435,18.10869565217391
2022-12-20,344.925,19.485
2022-12-21,0.0,22.44782608695652
2022-12-22,492.523,22.82
2022-12-23,454.361,23.35
2022-12-24,434.247,16.255
2022-12-25,428.689,10.74583333333333
2022-12-26,0.0,6.604166666666667
2022-12-27,0.0,11.28333333333333
2022-12-28,577.681,18.92173913043478
2022-12-29,309.632,20.84166666666667
2022-12-30,459.331,19.29583333333333
2022-12-31,0.0,13.05416666666667
2023-01-01,0.0,10.52173913043478
2023-01-02,0.0,7.825
2023-01-03,0.0,18.6625
2023-01-04,356.22,21.32083333333333
2023-01-05,0.0,13.425
2023-01-06,0.0,15.61666666666667
2023-01-07,0.0,12.18333333333333
2023-01-08,0.0,10.18333333333333
2023-01-09,0.0,10.875
2023-01-10,322.969,10.90833333333333
2023-01-11,0.0,10.76666666666667
2023-01-12,0.0,18.04583333333333
2023-01-13,360.001,19.75416666666667
2023-01-14,0.0,8.558333333333334
2023-01-15,0.0,13.1125
2023-01-16,572.182,8.8625
2023-01-17,0.0,12.93333333333333
2023-01-18,333.519,13.425
2023-01-19,0.0,9.433333333333334
2023-01-20,0.0,14.64166666666667
2023-01-21,580.0,12.5125
2023-01-22,353.831,9.516666666666667
2023-01-23,207.805,13.97391304347826
2023-01-24,308.288,13.27083333333333
2023-01-25,339.517,12.20833333333333
2023-01-26,0.0,19.15454545454545
2023-01-27,291.062,18.31666666666667
2023-01-28,463.4,17.21818181818182
2023-01-29,313.807,19.24166666666667
2023-01-30,406.411,14.37083333333333
2023-01-31,0.0,15.58333333333333
2023-02-01,0.0,9.654166666666667
2023-02-02,0.0,14.125
2023-02-03,437.597,17.3625
2023-02-04,207.522,16.07083333333333
2023-02-05,0.0,14.16666666666667
2023-02-06,403.355,12.68333333333333
2023-02-07,453.056,15.85416666666667
2023-02-08,227.36,14.49166666666667
2023-02-09,384.22,16.53913043478261
2023-02-10,0.0,19.37083333333333
2023-02-11,0.0,17.2375
2023-02-12,0.0,14.175
2023-02-13,0.0,12.41666666666667
2023-02-14,0.0,13.05416666666667
2023-02-15,0.0,9.761904761904763
2023-02-16,497.566,10.67083333333333
2023-02-17,260.761,7.783333333333334
2023-02-18,0.0,7.074999999999999
2023-02-19,0.0,10.33333333333333
2023-02-20,336.077,12.14166666666667
2023-02-21,0.0,8.983333333333333
2023-02-22,0.0,9.475
2023-02-23,498.516,15.45833333333333
2023-02-24,271.398,16.63181818181818
2023-02-25,214.132,17.1
2023-02-26,432.529,19.49166666666667
2023-02-27,609.755,18.20416666666667
2023-02-28,0.0,18.9875
2023-03-01,330.947,13.30416666666667
2023-03-02,356.429,16.10416666666667
2023-03-03,515.0,12.85217391304348
2023-03-04,0.0,10.2625
2023-03-05,0.0,7.675
2023-03-06,0.0,10.23333333333333
2023-03-07,0.0,8.320833333333333
2023-03-08,0.0,8.958333333333334
2023-03-09,0.0,7.045833333333333
2023-03-10,0.0,8.616666666666667
2023-03-11,0.0,6.8625
2023-03-12,0.0,9.920833333333333
2023-03-13,0.0,8.887500000000001
2023-03-14,0.0,10.425
2023-03-15,0.0,9.083333333333334
2023-03-16,0.0,14.15
2023-03-17,0.0,10.92083333333333
2023-03-18,0.0,7.391666666666667
2023-03-19,0.0,13.11666666666667
2023-03-20,426.057,13.67083333333333
2023-03-21,540.813,13.92083333333333
2023-03-22,0.0,10.55263157894737
2023-03-23,0.0,7.183333333333334
2023-03-24,0.0,5.9875
2023-03-25,275.949,7.983333333333333
2023-03-26,449.733,10.71666666666667
2023-03-27,342.143,10.35
2023-03-28,428.5,14.82916666666667
2023-03-29,0.0,11.09166666666667
2023-03-30,435.77,13.85
2023-03-31,0.0,17.1625
2023-04-01,0.0,18.49166666666667
2023-04-02,335.246,9.416666666666666
2023-04-03,583.295,9.008333333333333
2023-04-04,0.0,11.42608695652174
2023-04-05,0.0,11.01818181818182
2023-04-06,0.0,9.3375
2023-04-07,443.108,5.6125
2023-04-08,0.0,10.15
2023-04-09,348.611,11.32916666666667
2023-04-10,576.153,12.19583333333333
2023-04-11,214.715,14.475
2023-04-12,515.722,12.9375
2023-04-13,474.15,10.95833333333333
2023-04-14,375.938,13.86666666666667
2023-04-15,0.0,10.45
2023-04-16,0.0,6.3875
2023-04-17,0.0,7.1875
2023-04-18,0.0,13.0125
2023-04-19,0.0,13.09166666666667
2023-04-20,0.0,11.525
2023-04-21,0.0,8.716666666666667
2023-04-22,0.0,10.175
2023-04-23,0.0,9.533333333333333
2023-04-24,237.288,12.27916666666667
2023-04-25,302.187,9.225
2023-04-26,272.049,12.67916666666667
2023-04-27,0.0,16.79565217391304
2023-04-28,255.624,14.14583333333333
2023-04-29,0.0,9.870833333333334
2023-04-30,407.626,9.441666666666666
2023-05-01,418.0,8.875
2023-05-02,337.726,15.8625
2023-05-03,333.736,13.60434782608696
2023-05-04,0.0,13.7625
2023-05-05,304.275,
2023-05-06,0.0,
2023-05-07,136.148,
2023-05-08,216.056,
2023-05-09,0.0,
2023-05-10,144.286,
2023-05-11,0.0,
2023-05-12,138.526,
2023-05-13,301.923,
2023-05-14,0.0,
2023-05-15,0.0,
2023-05-16,0.0,
2023-05-17,318.438,
2023-05-18,0.0,
2023-05-19,0.0,
2023-05-20,0.0,
2023-05-21,0.0,
2023-05-22,237.883,
2023-05-23,0.0,
2023-05-24,282.739,
2023-05-25,249.118,
2023-05-26,0.0,
2023-05-27,0.0,
2023-05-28,0.0,
2023-05-29,201.023,
2023-05-30,0.0,
2023-05-31,473.323,
2023-06-01,0.0,8.55
2023-06-02,329.0,9.76
2023-06-03,0.0,10.80476190476191
2023-06-04,0.0,10.69047619047619
2023-06-05,379.442,9.995833333333334
2023-06-06,0.0,14.02
2023-06-07,406.796,9.447619047619048
2023-06-08,0.0,10.38947368421053
2023-06-09,0.0,11.74
2023-06-10,0.0,11.94761904761905
2023-06-11,271.755,12.49090909090909
2023-06-12,72.686,11.85416666666667
2023-06-13,277.503,10.96086956521739
2023-06-14,543.662,11.6695652173913
2023-06-15,171.768,11.12608695652174
2023-06-16,0.0,8.081818181818182
2023-06-17,0.0,10.33043478260869
2023-06-18,269.125,6.079166666666667
2023-06-19,200.539,7.5
2023-06-20,196.48,7.162500000000001
2023-06-21,341.007,8.3375
2023-06-22,172.876,8.454545454545455
2023-06-23,0.0,9.578260869565218
2023-06-24,198.195,10.3
2023-06-25,0.0,6.557142857142857
2023-06-26,481.957,9.544444444444444
2023-06-27,91.807,
2023-06-28,0.0,
2023-06-29,196.948,
2023-06-30,559.0,
2023-07-01,0.0,10.45
2023-07-02,163.724,10.62608695652174
2023-07-03,0.0,11.59545454545455
2023-07-04,84.426,10.59166666666667
2023-07-05,379.296,12.0125
2023-07-06,0.0,7.641666666666667
2023-07-07,0.0,8.362499999999999
2023-07-08,309.452,8.004166666666666
2023-07-09,210.172,6.533333333333334
2023-07-10,315.0,8.083333333333334
2023-07-11,0.0,8.350000000000001
2023-07-12,0.0,
2023-07-13,0.0,
2023-07-14,0.0,
2023-07-15,419.714,
2023-07-16,227.493,
2023-07-17,0.0,
2023-07-18,0.0,10.31111111111111
2023-07-19,161.144,14.75
2023-07-20,343.175,9.279166666666667
2023-07-21,250.475,12.53333333333333
2023-07-22,250.939,11.52083333333333
2023-07-23,267.453,10.7125
2023-07-24,236.858,16.63571428571429
2023-07-25,215.054,
2023-07-26,294.148,13.99090909090909
2023-07-27,0.0,14.5
2023-07-28,89.397,13.89166666666667
2023-07-29,333.391,12.42083333333333
2023-07-30,403.75,11.13333333333333
2023-07-31,50.432,13.8375
2023-08-01,427.682,10.06666666666667
2023-08-02,219.182,15.80909090909091
2023-08-03,0.0,16.69545454545455
2023-08-04,77.988,19.94347826086956
2023-08-05,159.748,16.06363636363636
2023-08-06,0.0,11.825
2023-08-07,0.0,14.03333333333333
2023-08-08,0.0,15.09090909090909
2023-08-09,0.0,
2023-08-10,219.709,19.71
2023-08-11,442.952,19.59166666666667
2023-08-12,682.582,17.25416666666667
2023-08-13,686.016,11.35416666666667
2023-08-14,887.295,17.01666666666667
2023-08-15,0.0,9.725
2023-08-16,202.595,14.79583333333333
2023-08-17,102.23,14.4625
2023-08-18,135.341,19.82173913043478
2023-08-19,123.615,19.71739130434782
2023-08-20,0.0,5.0125
2023-08-21,447.103,11.2875
2023-08-22,0.0,16.23333333333333
2023-08-23,581.61,19.39090909090909
2023-08-24,0.0,16.025
2023-08-25,231.809,17.34166666666667
2023-08-26,226.237,19.42608695652174
2023-08-27,246.624,15.55
2023-08-28,238.44,18.38636363636364
2023-08-29,298.72,16.425
2023-08-30,185.976,17.50625
2023-08-31,175.822,16.07391304347826
2023-09-01,231.264,17.94583333333333
2023-09-02,284.027,16.96666666666667
2023-09-03,477.704,13.45
2023-09-04,354.039,12.0375
2023-09-05,0.0,13.55
2023-09-06,103.576,18.66521739130435
2023-09-07,195.597,16.19166666666667
2023-09-08,357.807,20.72608695652174
2023-09-09,0.0,21.33478260869565
2023-09-10,509.977,18.0625
2023-09-11,360.765,17.16666666666667
2023-09-12,18.536,18.1125
2023-09-13,308.679,21.225
2023-09-14,510.38,16.8125
2023-09-15,0.0,14.6375
2023-09-16,235.624,14.76666666666667
2023-09-17,143.803,16.575
2023-09-18,318.859,18.46818181818182
2023-09-19,0.0,16.05833333333333
2023-09-20,0.0,15.925
2023-09-21,384.56,20.18695652173913
2023-09-22,195.619,27.00434782608696
2023-09-23,144.311,22.54166666666667
2023-09-24,0.0,12.475
2023-09-25,0.0,13.95416666666667
2023-09-26,178.358,17.3125
2023-09-27,212.097,19.05416666666667
2023-09-28,247.068,18.84166666666667
2023-09-29,283.96,17.54166666666667
2023-09-30,0.0,16.55
2023-10-01,512.278,
2023-10-02,393.36,12.0
2023-10-03,128.234,13.09166666666667
2023-10-04,362.937,13.38333333333333
2023-10-05,0.0,13.21666666666667
2023-10-06,262.916,15.24166666666667
2023-10-07,0.0,19.77083333333333
2023-10-08,0.0,12.7125
2023-10-09,314.297,14.23333333333333
2023-10-10,0.0,18.15909090909091
2023-10-11,277.583,20.56666666666667
2023-10-12,484.741,16.25
2023-10-13,0.0,22.3
2023-10-14,0.0,
2023-10-15,219.088,
2023-10-16,313.645,
2023-10-17,358.197,
2023-10-18,421.584,
2023-10-19,389.316,
2023-10-20,574.333,13.7
2023-10-21,244.937,15.58695652173913
2023-10-22,514.259,14.97916666666667
2023-10-23,0.0,15.7875
2023-10-24,545.0,11.29166666666667
2023-10-25,393.234,9.679166666666667
2023-10-26,0.0,5.891666666666667
2023-10-27,0.0,9.175
2023-10-28,0.0,6.899999999999999
2023-10-29,0.0,6.823809523809524
2023-10-30,595.0,11.49375
2023-10-31,0.0,9.486666666666668
2023-11-01,0.0,8.94375
2023-11-02,394.557,11.64166666666667
2023-11-03,143.053,11.48888888888889
2023-11-04,0.0,10.17916666666667
2023-11-05,0.0,12.85833333333333
2023-11-06,380.899,17.44666666666667
2023-11-07,395.911,23.4
2023-11-08,420.369,26.4
2023-11-09,629.0,
2023-11-10,383.129,15.23
2023-11-11,281.15,14.77916666666667
2023-11-12,417.167,17.06086956521739
2023-11-13,233.121,14.61333333333333
2023-11-14,0.0,20.7
2023-11-15,329.807,13.2
2023-11-16,296.295,17.7
2023-11-17,0.0,18.99
2023-11-18,328.701,16.37916666666667
2023-11-19,288.245,14.80416666666667
2023-11-20,0.0,9.05
2023-11-21,0.0,10.2
2023-11-22,0.0,11.2
2023-11-23,186.849,10.32083333333333
2023-11-24,0.0,6.7375
2023-11-25,241.815,
2023-11-26,290.785,
2023-11-27,360.56,
2023-11-28,476.587,
2023-11-29,0.0,
2023-11-30,275.017,
2023-12-01,478.127,
2023-12-02,302.143,
2023-12-03,211.6,
2023-12-04,0.0,11.3375
2023-12-05,415.087,11.20434782608696
2023-12-06,0.0,12.02608695652174
2023-12-07,0.0,6.443478260869565
2023-12-08,178.921,15.19130434782609
2023-12-09,436.0,10.5
2023-12-10,305.756,5.079166666666667
2023-12-11,0.0,10.7
2023-12-12,356.238,13.58695652173913
2023-12-13,0.0,11.32608695652174
2023-12-14,264.331,11.1
2023-12-15,531.36,5.869565217391305
2023-12-16,0.0,6.195833333333333
2023-12-17,0.0,4.55
2023-12-18,0.0,7.316666666666666
2023-12-19,210.747,4.208333333333333
2023-12-20,207.764,4.662500000000001
2023-12-21,448.31,11.1125
2023-12-22,471.642,12.14583333333333
2023-12-23,0.0,4.933333333333334
2023-12-24,239.671,10.57391304347826
2023-12-25,0.0,7.308333333333334
2023-12-26,0.0,4.7625
2023-12-27,0.0,4.2625
2023-12-28,0.0,4.891666666666667
2023-12-29,394.639,7.212499999999999
2023-12-30,259.976,3.716666666666667
2023-12-31,0.0,7.904166666666666
2024-01-01,0.0,7.739130434782608
2024-01-02,0.0,13.80416666666667
2024-01-03,0.0,4.654166666666667
2024-01-04,0.0,5.533333333333334
2024-01-05,497.104,6.333333333333333
2024-01-06,305.354,6.878260869565217
2024-01-07,242.515,13.4875
2024-01-08,0.0,16.15
2024-01-09,0.0,12.13333333333333
2024-01-10,398.225,8.487499999999999
2024-01-11,213.074,12.74166666666667
2024-01-12,0.0,7.125
2024-01-13,272.373,9.8375
2024-01-14,0.0,14.67083333333333
2024-01-15,507.148,18.3625
2024-01-16,0.0,11.87916666666667
2024-01-17,0.0,7.975000000000001
2024-01-18,0.0,12.30416666666667
2024-01-19,352.828,16.54166666666667
2024-01-20,453.958,12.04583333333333
2024-01-21,0.0,7.8625
2024-01-22,241.703,18.6875
2024-01-23,146.127,15.6
2024-01-24,244.808,19.30869565217391
2024-01-25,307.372,18.9625
2024-01-26,168.913,18.225
2024-01-27,527.713,15.94166666666667
2024-01-28,310.286,18.29166666666667
2024-01-29,417.747,22.42083333333333
2024-01-30,311.352,20.59583333333333
2024-01-31,0.0,20.03333333333333
2024-02-01,412.112,14.63333333333333
2024-02-02,0.0,10.2125
2024-02-03,497.0,9.6625
2024-02-04,182.057,5.020833333333333
2024-02-05,0.0,6.370833333333334
2024-02-06,293.074,13.7125
2024-02-07,0.0,17.8125
2024-02-08,144.938,16.92916666666667
2024-02-09,218.7,14.42083333333333
2024-02-10,326.637,9.983333333333333
2024-02-11,0.0,9.0625
2024-02-12,0.0,5.991666666666667
2024-02-13,366.47,6.675
2024-02-14,270.622,12.10416666666667
2024-02-15,348.131,16.39565217391305
2024-02-16,257.913,15.94166666666667
2024-02-17,301.776,8.762500000000001
2024-02-18,0.0,8.7625
2024-02-19,0.0,11.9375
2024-02-20,0.0,5.004166666666666
2024-02-21,0.0,7.229166666666667
2024-02-22,212.568,14.84166666666667
2024-02-23,292.326,8.441666666666666
2024-02-24,521.235,8.8375
2024-02-25,384.593,8.675
2024-02-26,0.0,6.962499999999999
2024-02-27,336.166,14.7875
2024-02-28,0.0,17.1695652173913
2024-02-29,0.0,11.66666666666667
2024-03-01,0.0,8.758333333333333
2024-03-02,0.0,6.949999999999999
2024-03-03,0.0,6.875
2024-03-04,482.006,9.795833333333333
2024-03-05,452.868,11.79583333333333
2024-03-06,631.151,10.80833333333333
2024-03-07,411.576,15.4625
2024-03-08,0.0,17.615
2024-03-09,578.5,15.6
2024-03-10,0.0,11.0625
2024-03-11,497.466,17.17727272727273
2024-03-12,0.0,8.845454545454546
2024-03-13,316.213,9.375
2024-03-14,0.0,11.10909090909091
2024-03-15,0.0,15.38333333333333
2024-03-16,35.83,13.91739130434783
2024-03-17,0.0,17.42272727272727
2024-03-18,376.0,22.72083333333333
2024-03-19,472.599,14.5875
2024-03-20,295.999,13.38333333333333
2024-03-21,286.82,13.72083333333333
2024-03-22,0.0,13.3625
2024-03-23,0.0,17.17391304347826
2024-03-24,411.0,18.44583333333333
2024-03-25,300.607,8.441666666666666
2024-03-26,0.0,15.825
2024-03-27,296.445,18.96363636363636
2024-03-28,280.447,19.11666666666667
2024-03-29,0.0,8.566666666666666
2024-03-30,393.361,10.57083333333333
2024-03-31,0.0,8.391666666666667
2024-04-01,0.0,8.238095238095237
2024-04-02,0.0,8.89090909090909
2024-04-03,0.0,10.61666666666667
2024-04-04,0.0,9.008333333333333
2024-04-05,0.0,9.241666666666667
2024-04-06,0.0,13.50833333333333
2024-04-07,375.511,10.0875
2024-04-08,0.0,13.27916666666667
2024-04-09,248.686,13.60416666666667
2024-04-10,0.0,23.36086956521739
2024-04-11,267.91,19.24545454545455
2024-04-12,224.477,20.92727272727273
2024-04-13,0.0,21.91304347826087
2024-04-14,458.262,20.78461538461539
2024-04-15,0.0,
2024-04-16,328.898,
2024-04-17,0.0,
2024-04-18,208.875,
2024-04-19,0.0,
2024-04-20,114.88,
2024-04-21,588.0,
2024-04-22,0.0,
2024-04-23,231.803,
2024-04-24,310.426,
2024-04-25,0.0,
2024-04-26,165.16,
2024-04-27,0.0,
2024-04-28,407.906,
2024-04-29,0.0,
2024-04-30,0.0,
2024-05-01,316.95,
2024-05-02,0.0,
2024-05-03,0.0,
2024-05-04,0.0,
2024-05-05,0.0,
2024-05-06,557.819,16.04
2024-05-07,0.0,10.5625
2024-05-08,0.0,13.725
2024-05-09,0.0,24.4304347826087
2024-05-10,193.011,17.42608695652174
2024-05-11,301.0,13.96666666666667
2024-05-12,157.12,15.9
2024-05-13,0.0,17.14782608695652
2024-05-14,0.0,12.46666666666667
2024-05-15,0.0,14.45
2024-05-16,197.755,11.46666666666667
2024-05-17,0.0,14.49583333333333
2024-05-18,245.855,9.924999999999999
2024-05-19,0.0,8.9125
2024-05-20,431.128,13.37083333333333
2024-05-21,326.178,10.37083333333333
2024-05-22,0.0,13.24166666666667
2024-05-23,488.665,6.920833333333333
2024-05-24,350.641,9.137500000000001
2024-05-25,222.436,11.35416666666667
2024-05-26,538.739,11.325
2024-05-27,268.48,14.22916666666667
2024-05-28,0.0,9.120833333333334
2024-05-29,0.0,8.645833333333334
2024-05-30,108.558,11.06666666666667
2024-05-31,0.0,15.25416666666666
2024-06-01,286.506,15.0
2024-06-02,327.85,13.96666666666667
2024-06-03,86.063,14.11739130434782
2024-06-04,0.0,14.45217391304348
2024-06-05,0.0,9.413636363636364
2024-06-06,0.0,9.559999999999999
2024-06-07,0.0,15.0304347826087
2024-06-08,499.446,12.63181818181818
2024-06-09,425.786,11.54347826086956
2024-06-10,0.0,9.761904761904763
2024-06-11,374.803,12.98333333333333
2024-06-12,0.0,13.67391304347826
2024-06-13,0.0,12.20476190476191
2024-06-14,555.634,10.33181818181818
2024-06-15,0.0,9.038095238095238
2024-06-16,327.654,8.9375
2024-06-17,0.0,13.38
2024-06-18,571.0,15.77272727272727
2024-06-19,479.171,19.22142857142857
2024-06-20,279.78,12.12222222222222
2024-06-21,0.0,10.46470588235294
2024-06-22,0.0,
2024-06-23,257.922,
2024-06-24,233.68,14.65454545454545
2024-06-25,0.0,12.80526315789474
2024-06-26,307.959,14.80869565217391
2024-06-27,439.167,15.00476190476191
2024-06-28,352.366,14.53333333333333
2024-06-29,305.871,10.375
2024-06-30,0.0,10.41111111111111
2024-07-01,272.199,14.80416666666667
2024-07-02,0.0,10.82916666666667
2024-07-03,0.0,9.504166666666666
2024-07-04,0.0,9.570833333333333
2024-07-05,0.0,13.75454545454546
2024-07-06,364.47,14.75
2024-07-07,464.24,8.0875
2024-07-08,150.063,16.08095238095238
2024-07-09,0.0,15.92916666666667
2024-07-10,361.325,21.66428571428571
2024-07-11,338.923,17.30833333333333
2024-07-12,245.404,20.4625
2024-07-13,532.0,12.42083333333333
2024-07-14,147.534,10.24166666666667
2024-07-15,351.934,15.14736842105263
2024-07-16,59.556,13.03636363636364
2024-07-17,284.119,13.7375
2024-07-18,0.0,13.12083333333333
2024-07-19,243.727,15.5125
2024-07-20,320.236,14.745
2024-07-21,0.0,11.8125
2024-07-22,145.672,13.7695652173913
2024-07-23,0.0,17.32380952380952
2024-07-24,197.662,19.05652173913044
2024-07-25,397.0,15.6375
2024-07-26,350.378,17.80833333333333
2024-07-27,174.095,20.78181818181818
2024-07-28,191.983,14.01363636363636
2024-07-29,177.658,14.1
2024-07-30,110.866,13.1
2024-07-31,0.0,16.35238095238095
2024-08-01,319.46,15.75
2024-08-02,176.425,17.20434782608696
2024-08-03,436.929,19.08095238095238
2024-08-04,271.39,15.09166666666667
2024-08-05,314.271,13.93478260869565
2024-08-06,0.0,14.6875
2024-08-07,0.0,17.50454545454545
2024-08-08,125.594,19.89411764705882
2024-08-09,523.317,17.82173913043478
2024-08-10,530.96,15.50869565217391
2024-08-11,0.0,15.74545454545455
2024-08-12,0.0,15.87272727272727
2024-08-13,351.452,16.53809523809524
2024-08-14,177.67,24.82083333333334
2024-08-15,359.728,16.22173913043478
2024-08-16,221.285,16.90454545454545
2024-08-17,414.0,21.60454545454546
2024-08-18,405.792,14.275
2024-08-19,117.619,18.2125
2024-08-20,455.835,19.72727272727273
2024-08-21,197.871,19.52916666666667
2024-08-22,365.75,17.14090909090909
2024-08-23,271.13,21.27
2024-08-24,416.948,
2024-08-25,289.78,
2024-08-26,174.859,
2024-08-27,218.377,
2024-08-28,212.185,27.08181818181818
2024-08-29,334.3,20.56521739130435
2024-08-30,347.777,22.8125
2024-08-31,192.579,25.21
2024-09-01,0.0,26.7
2024-09-02,410.615,27.52173913043478
2024-09-03,0.0,20.42142857142857
2024-09-04,386.865,27.15714285714285
2024-09-05,0.0,19.53043478260869
2024-09-06,295.76,23.65789473684211
2024-09-07,250.71,24.56
2024-09-08,358.23,23.07142857142857
2024-09-09,0.0,23.05909090909091
2024-09-10,193.733,19.72
2024-09-11,450.506,31.9
2024-09-12,184.721,26.36190476190476
2024-09-13,204.321,28.91818181818182
2024-09-14,224.861,24.34583333333333
2024-09-15,228.453,19.54
2024-09-16,0.0,26.47777777777777
2024-09-17,112.389,18.73333333333333
2024-09-18,290.434,24.86666666666667
2024-09-19,437.573,24.51111111111111
2024-09-20,0.0,29.68181818181818
2024-09-21,0.0,27.72173913043478
2024-09-22,0.0,22.96521739130435
2024-09-23,145.148,22.025
2024-09-24,289.036,
2024-09-25,0.0,
2024-09-26,263.085,20.6
2024-09-27,0.0,31.18666666666667
2024-09-28,0.0,
2024-09-29,559.374,
2024-09-30,0.0,
2024-10-01,492.792,
2024-10-02,456.487,
2024-10-03,377.775,
2024-10-04,0.0,
2024-10-05,501.089,
2024-10-06,509.804,
2024-10-07,0.0,
2024-10-08,0.0,19.8
2024-10-09,365.323,
2024-10-10,0.0,
2024-10-11,437.26,
2024-10-12,340.69,
2024-10-13,201.636,
2024-10-14,0.0,
2024-10-15,467.0,
2024-10-16,210.391,
2024-10-17,195.329,
2024-10-18,401.252,
2024-10-19,240.351,
2024-10-20,346.434,
2024-10-21,432.801,
2024-10-22,376.591,
2024-10-23,570.381,
2024-10-24,171.405,
2024-10-25,372.527,
2024-10-26,161.086,
2024-10-27,0.0,
2024-10-28,0.0,
2024-10-29,0.0,
2024-10-30,233.388,
2024-10-31,216.451,
2024-11-01,408.462,
2024-11-02,545.258,
2024-11-03,0.0,
2024-11-04,0.0,
2024-11-05,43.783,
2024-11-06,175.15,
2024-11-07,0.0,
2024-11-08,0.0,
2024-11-09,574.0,
2024-11-10,0.0,
2024-11-11,521.215,
2024-11-12,605.654,
2024-11-13,0.0,
2024-11-14,0.0,
2024-11-15,406.88,
2024-11-16,436.488,
2024-11-17,505.058,
2024-11-18,0.0,
2024-11-19,407.46,
2024-11-20,332.242,
2024-11-21,0.0,
2024-11-22,243.283,
2024-11-23,0.0,
2024-11-24,477.98,
2024-11-25,220.241,
2024-11-26,341.624,
2024-11-27,211.157,
2024-11-28,0.0,
