Fecha,Tumbaco_x,Tumbaco_y
2018-01-01,0.0,14.42363636363636
2018-01-02,0.0,15.85041666666667
2018-01-03,426.538,16.93652173913043
2018-01-04,314.595,13.51
2018-01-05,352.495,15.21333333333333
2018-01-06,0.0,14.24125
2018-01-07,92.933,15.01208333333333
2018-01-08,0.0,15.96041666666667
2018-01-09,541.0,18.81791666666667
2018-01-10,0.0,17.47727272727273
2018-01-11,221.926,15.41285714285714
2018-01-12,424.127,18.46909090909091
2018-01-13,558.986,14.94958333333333
2018-01-14,365.552,11.57916666666667
2018-01-15,0.0,10.86041666666667
2018-01-16,0.0,10.615
2018-01-17,0.0,8.871666666666668
2018-01-18,0.0,8.716666666666667
2018-01-19,0.0,7.279583333333334
2018-01-20,469.034,10.11833333333333
2018-01-21,342.058,13.875
2018-01-22,422.333,13.54866666666667
2018-01-23,415.233,14.67375
2018-01-24,203.564,12.45541666666667
2018-01-25,271.234,14.23375
2018-01-26,0.0,14.12875
2018-01-27,334.296,10.71416666666667
2018-01-28,300.069,11.74166666666667
2018-01-29,123.819,14.50958333333333
2018-01-30,241.234,16.40291666666667
2018-01-31,302.578,14.01791666666667
2018-02-01,381.538,11.5905
2018-02-02,0.0,16.32458333333333
2018-02-03,450.859,14.45625
2018-02-04,0.0,7.827083333333333
2018-02-05,448.706,11.406
2018-02-06,0.0,10.312
2018-02-07,365.659,7.664166666666667
2018-02-08,415.239,8.601666666666667
2018-02-09,290.041,9.623333333333333
2018-02-10,453.696,10.87541666666667
2018-02-11,0.0,11.17375
2018-02-12,453.265,18.20782608695652
2018-02-13,361.646,18.60125
2018-02-14,373.116,14.01416666666667
2018-02-15,0.0,8.535833333333333
2018-02-16,0.0,10.11166666666667
2018-02-17,0.0,9.968333333333334
2018-02-18,0.0,11.07666666666667
2018-02-19,0.0,8.839583333333334
2018-02-20,0.0,8.14875
2018-02-21,531.855,10.35666666666667
2018-02-22,0.0,9.127083333333333
2018-02-23,547.144,7.117083333333333
2018-02-24,464.46,8.272083333333333
2018-02-25,310.715,9.415000000000001
2018-02-26,440.181,11.09541666666667
2018-02-27,0.0,12.55708333333333
2018-02-28,0.0,13.26083333333333
2018-03-01,265.362,12.74291666666667
2018-03-02,0.0,11.27291666666667
2018-03-03,0.0,10.24333333333333
2018-03-04,0.0,11.64375
2018-03-05,0.0,8.260833333333332
2018-03-06,0.0,11.3025
2018-03-07,0.0,14.30666666666667
2018-03-08,0.0,12.145
2018-03-09,578.49,13.6625
2018-03-10,214.161,12.41958333333333
2018-03-11,387.291,14.00391304347826
2018-03-12,305.916,12.60458333333333
2018-03-13,0.0,17.55708333333333
2018-03-14,199.844,17.97818181818182
2018-03-15,0.0,22.69727272727273
2018-03-16,0.0,19.05454545454545
2018-03-17,0.0,15.42916666666667
2018-03-18,481.173,12.08608695652174
2018-03-19,0.0,12.51
2018-03-20,0.0,19.95458333333334
2018-03-21,420.685,15.07208333333333
2018-03-22,0.0,15.93583333333333
2018-03-23,0.0,19.14333333333333
2018-03-24,0.0,17.68875
2018-03-25,270.799,14.59125
2018-03-26,529.252,16.97333333333333
2018-03-27,462.379,18.28666666666667
2018-03-28,335.899,14.60541666666667
2018-03-29,0.0,13.3725
2018-03-30,570.333,12.39958333333333
2018-03-31,0.0,7.484999999999999
2018-04-01,0.0,6.669583333333333
2018-04-02,0.0,8.467647058823529
2018-04-03,0.0,9.699166666666667
2018-04-04,500.272,8.66
2018-04-05,0.0,12.49208333333333
2018-04-06,443.0,10.86916666666667
2018-04-07,0.0,13.48666666666667
2018-04-08,0.0,12.3625
2018-04-09,0.0,10.345
2018-04-10,0.0,9.402272727272727
2018-04-11,0.0,18.24791666666667
2018-04-12,59.058,15.82916666666667
2018-04-13,0.0,13.68583333333333
2018-04-14,0.0,16.035
2018-04-15,338.631,12.67083333333333
2018-04-16,0.0,13.0525
2018-04-17,350.964,9.673478260869565
2018-04-18,365.16,11.39708333333333
2018-04-19,377.305,13.18083333333333
2018-04-20,333.271,10.61875
2018-04-21,251.027,12.47708333333333
2018-04-22,181.079,9.209166666666667
2018-04-23,0.0,12.64333333333333
2018-04-24,306.013,17.58041666666667
2018-04-25,0.0,15.04166666666667
2018-04-26,0.0,18.61416666666667
2018-04-27,435.644,16.25583333333333
2018-04-28,0.0,11.29416666666667
2018-04-29,0.0,15.68208333333333
2018-04-30,0.0,13.20958333333333
2018-05-01,477.807,14.81
2018-05-02,0.0,13.58304347826087
2018-05-03,384.543,16.42708333333333
2018-05-04,207.627,16.82333333333333
2018-05-05,333.459,13.41083333333333
2018-05-06,305.35,10.10416666666667
2018-05-07,0.0,8.052083333333334
2018-05-08,0.0,10.75625
2018-05-09,0.0,9.86375
2018-05-10,408.387,14.17458333333333
2018-05-11,0.0,14.18833333333333
2018-05-12,0.0,13.9575
2018-05-13,0.0,9.734583333333333
2018-05-14,523.313,12.83958333333333
2018-05-15,391.71,11.77833333333333
2018-05-16,0.0,11.88125
2018-05-17,389.318,15.85083333333333
2018-05-18,0.0,14.23333333333333
2018-05-19,417.5,12.91208333333333
2018-05-20,0.0,15.16416666666667
2018-05-21,0.0,9.26875
2018-05-22,211.866,14.46916666666667
2018-05-23,478.09,9.702916666666667
2018-05-24,328.893,8.519166666666667
2018-05-25,0.0,11.45708333333333
2018-05-26,0.0,13.16666666666667
2018-05-27,0.0,11.83083333333333
2018-05-28,593.182,10.36291666666667
2018-05-29,426.342,14.42791666666667
2018-05-30,372.229,15.5195652173913
2018-05-31,54.795,17.43545454545454
2018-06-01,296.954,18.83391304347826
2018-06-02,295.509,14.0275
2018-06-03,0.0,12.95166666666667
2018-06-04,0.0,11.06
2018-06-05,450.327,11.70958333333333
2018-06-06,183.518,13.52
2018-06-07,125.861,16.40833333333333
2018-06-08,244.498,15.47
2018-06-09,169.743,18.94708333333334
2018-06-10,0.0,13.33875
2018-06-11,243.565,13.12708333333333
2018-06-12,0.0,16.21958333333333
2018-06-13,133.098,16.56708333333333
2018-06-14,240.678,17.87190476190476
2018-06-15,0.0,15.0475
2018-06-16,312.659,17.25125
2018-06-17,0.0,9.560416666666667
2018-06-18,255.782,11.0325
2018-06-19,290.758,7.900833333333334
2018-06-20,355.416,11.94272727272727
2018-06-21,153.854,12.46958333333333
2018-06-22,137.748,13.48739130434783
2018-06-23,0.0,16.36791666666667
2018-06-24,0.0,14.22875
2018-06-25,0.0,17.10666666666667
2018-06-26,0.0,14.75173913043478
2018-06-27,0.0,10.67166666666667
2018-06-28,0.0,10.05083333333333
2018-06-29,0.0,9.63
2018-06-30,0.0,9.479166666666666
2018-07-01,0.0,8.3475
2018-07-02,45.787,10.43875
2018-07-03,205.641,13.44086956521739
2018-07-04,220.117,14.27181818181818
2018-07-05,0.0,12.64086956521739
2018-07-06,529.845,15.51217391304348
2018-07-07,0.0,17.205
2018-07-08,134.311,11.78782608695652
2018-07-09,256.128,10.25375
2018-07-10,213.196,13.67125
2018-07-11,266.06,14.50583333333333
2018-07-12,215.698,12.95375
2018-07-13,176.215,11.67434782608696
2018-07-14,140.516,12.11608695652174
2018-07-15,142.433,10.79473684210526
2018-07-16,80.862,17.92
2018-07-17,0.0,9.341
2018-07-18,395.816,12.90541666666667
2018-07-19,0.0,17.11
2018-07-20,452.0,17.10416666666667
2018-07-21,0.0,16.05375
2018-07-22,0.0,11.6475
2018-07-23,195.679,11.38125
2018-07-24,216.342,12.83318181818182
2018-07-25,214.316,13.91291666666667
2018-07-26,249.357,15.8865
2018-07-27,415.863,14.27
2018-07-28,191.405,11.81333333333333
2018-07-29,0.0,15.17166666666667
2018-07-30,0.0,7.629166666666666
2018-07-31,0.0,12.80583333333333
2018-08-01,129.162,13.51083333333333
2018-08-02,148.364,10.82363636363636
2018-08-03,0.0,16.70421052631579
2018-08-04,0.0,10.65333333333333
2018-08-05,200.926,13.27791666666667
2018-08-06,285.216,8.408333333333333
2018-08-07,209.525,8.0625
2018-08-08,292.943,5.841875
2018-08-09,214.497,8.450416666666667
2018-08-10,230.511,7.378333333333333
2018-08-11,363.649,7.846666666666667
2018-08-12,176.465,7.072916666666667
2018-08-13,0.0,17.07714285714286
2018-08-14,350.665,15.83285714285714
2018-08-15,336.258,15.70304347826087
2018-08-16,182.767,14.50909090909091
2018-08-17,362.535,13.04347826086956
2018-08-18,179.779,15.22571428571429
2018-08-19,172.859,13.81086956521739
2018-08-20,276.446,12.197
2018-08-21,177.251,10.31333333333333
2018-08-22,263.213,14.03666666666667
2018-08-23,344.179,18.79875
2018-08-24,214.747,13.41708333333333
2018-08-25,138.189,12.32375
2018-08-26,278.494,13.6175
2018-08-27,490.3,14.23958333333333
2018-08-28,57.565,18.46136363636364
2018-08-29,260.231,17.65875
2018-08-30,235.855,20.52380952380953
2018-08-31,0.0,20.87347826086956
2018-09-01,326.959,19.44913043478261
2018-09-02,308.034,15.13583333333333
2018-09-03,358.863,16.94291666666667
2018-09-04,0.0,10.66291666666667
2018-09-05,543.491,16.81571428571429
2018-09-06,103.185,21.22541666666667
2018-09-07,0.0,24.15875
2018-09-08,166.077,18.12
2018-09-09,427.0,18.10782608695652
2018-09-10,229.303,15.88916666666667
2018-09-11,435.16,23.05285714285714
2018-09-12,0.0,23.01708333333333
2018-09-13,348.628,19.80541666666667
2018-09-14,0.0,14.66458333333333
2018-09-15,0.0,17.66652173913043
2018-09-16,0.0,10.52208333333333
2018-09-17,173.277,13.60166666666667
2018-09-18,150.684,17.66
2018-09-19,340.294,14.62521739130435
2018-09-20,155.105,14.43833333333333
2018-09-21,0.0,16.18916666666667
2018-09-22,186.569,16.74739130434783
2018-09-23,552.076,17.40083333333333
2018-09-24,317.25,15.40791666666667
2018-09-25,334.818,16.45782608695652
2018-09-26,0.0,20.935625
2018-09-27,291.116,16.75090909090909
2018-09-28,228.648,22.28238095238095
2018-09-29,314.696,22.97363636363636
2018-09-30,0.0,20.08875
2018-10-01,575.597,21.74727272727273
2018-10-02,0.0,25.19727272727273
2018-10-03,324.657,26.8805
2018-10-04,389.766,24.23
2018-10-05,411.189,22.66095238095238
2018-10-06,476.028,
2018-10-07,0.0,
2018-10-08,0.0,
2018-10-09,0.0,20.85461538461539
2018-10-10,0.0,16.4275
2018-10-11,0.0,19.31
2018-10-12,452.535,19.10166666666667
2018-10-13,0.0,21.86916666666667
2018-10-14,411.147,16.09611111111111
2018-10-15,322.378,21.95285714285714
2018-10-16,500.406,22.30904761904762
2018-10-17,394.468,22.018125
2018-10-18,0.0,25.99666666666667
2018-10-19,182.62,24.798
2018-10-20,0.0,17.94631578947369
2018-10-21,565.076,19.07958333333333
2018-10-22,410.496,24.08157894736842
2018-10-23,0.0,21.59714285714286
2018-10-24,172.409,23.91238095238095
2018-10-25,0.0,25.63190476190476
2018-10-26,494.432,25.86055555555556
2018-10-27,0.0,17.53782608695652
2018-10-28,281.977,21.74714285714286
2018-10-29,464.578,21.12
2018-10-30,217.937,19.70541666666667
2018-10-31,549.316,21.94416666666666
2018-11-01,0.0,24.473
2018-11-02,222.611,16.37105263157895
2018-11-03,0.0,13.21045454545455
2018-11-04,0.0,8.957083333333333
2018-11-05,0.0,14.19217391304348
2018-11-06,302.989,13.48428571428571
2018-11-07,369.402,15.79652173913044
2018-11-08,0.0,11.89636363636364
2018-11-09,429.691,9.553749999999999
2018-11-10,0.0,8.819166666666666
2018-11-11,530.18,10.07083333333333
2018-11-12,0.0,13.69041666666667
2018-11-13,0.0,12.86916666666667
2018-11-14,0.0,15.4625
2018-11-15,0.0,10.6925
2018-11-16,598.0,11.82916666666667
2018-11-17,0.0,21.324
2018-11-18,355.557,13.85076923076923
2018-11-19,0.0,16.11826086956522
2018-11-20,0.0,12.60291666666667
2018-11-21,558.358,19.625
2018-11-22,404.502,13.94416666666667
2018-11-23,448.292,8.523333333333333
2018-11-24,0.0,12.99208333333333
2018-11-25,557.452,11.67375
2018-11-26,0.0,9.190416666666666
2018-11-27,0.0,9.437083333333334
2018-11-28,346.495,14.29583333333333
2018-11-29,0.0,14.42166666666667
2018-11-30,0.0,13.75777777777778
2018-12-01,262.575,13.155
2018-12-02,384.967,12.36083333333333
2018-12-03,0.0,15.315
2018-12-04,391.454,16.87125
2018-12-05,0.0,15.66157894736842
2018-12-06,383.457,16.37083333333333
2018-12-07,474.908,16.92125
2018-12-08,0.0,16.30875
2018-12-09,224.028,14.72041666666667
2018-12-10,0.0,14.89416666666667
2018-12-11,0.0,15.88
2018-12-12,0.0,10.88583333333333
2018-12-13,0.0,12.22375
2018-12-14,468.02,10.06818181818182
2018-12-15,338.0,11.24333333333333
2018-12-16,345.319,15.04291666666666
2018-12-17,0.0,14.6925
2018-12-18,0.0,14.08958333333333
2018-12-19,0.0,10.01125
2018-12-20,0.0,9.754166666666666
2018-12-21,0.0,10.32869565217391
2018-12-22,0.0,15.63208333333333
2018-12-23,274.563,12.91458333333333
2018-12-24,440.757,15.15583333333333
2018-12-25,351.726,12.23916666666667
2018-12-26,0.0,9.288333333333332
2018-12-27,0.0,8.228333333333333
2018-12-28,306.293,12.92541666666667
2018-12-29,262.832,16.71375
2018-12-30,256.427,12.41166666666667
2018-12-31,0.0,13.88190476190476
2019-01-01,153.357,8.122
2019-01-02,357.22,6.2985
2019-01-03,421.597,9.911
2019-01-04,0.0,11.48181818181818
2019-01-05,288.93,13.62833333333333
2019-01-06,0.0,13.71791666666667
2019-01-07,439.813,14.89625
2019-01-08,0.0,11.63458333333333
2019-01-09,443.604,9.399565217391304
2019-01-10,0.0,7.280416666666667
2019-01-11,0.0,6.804166666666667
2019-01-12,472.016,11.76791666666667
2019-01-13,0.0,9.8225
2019-01-14,387.541,9.0725
2019-01-15,473.92,10.17458333333333
2019-01-16,0.0,14.35333333333333
2019-01-17,0.0,13.11391304347826
2019-01-18,461.159,13.60041666666667
2019-01-19,547.0,10.15833333333333
2019-01-20,0.0,7.395416666666667
2019-01-21,308.335,7.641666666666667
2019-01-22,265.523,11.88583333333333
2019-01-23,310.788,12.1975
2019-01-24,335.941,12.98541666666667
2019-01-25,204.14,13.78619047619047
2019-01-26,309.551,13.7675
2019-01-27,383.703,11.26416666666667
2019-01-28,552.0,10.60083333333333
2019-01-29,0.0,9.194166666666666
2019-01-30,370.513,8.65
2019-01-31,0.0,6.456521739130435
2019-02-01,0.0,7.171666666666667
2019-02-02,451.183,8.423333333333334
2019-02-03,0.0,6.486666666666667
2019-02-04,0.0,6.758333333333333
2019-02-05,0.0,7.0975
2019-02-06,529.0,13.14125
2019-02-07,0.0,11.43565217391304
2019-02-08,341.128,10.78375
2019-02-09,0.0,7.533478260869566
2019-02-10,0.0,7.599565217391304
2019-02-11,0.0,8.013333333333334
2019-02-12,0.0,11.80458333333333
2019-02-13,0.0,10.99875
2019-02-14,0.0,15.34791666666667
2019-02-15,363.906,15.98125
2019-02-16,451.37,19.42347826086957
2019-02-17,213.909,17.47833333333334
2019-02-18,0.0,11.05541666666667
2019-02-19,0.0,9.520416666666668
2019-02-20,0.0,9.212083333333334
2019-02-21,0.0,3.29
2019-02-22,540.954,15.264
2019-02-23,0.0,16.49708333333333
2019-02-24,0.0,6.802499999999999
2019-02-25,396.148,8.746666666666668
2019-02-26,425.429,9.820416666666667
2019-02-27,399.788,9.66375
2019-02-28,532.0,12.70583333333333
2019-03-01,0.0,15.57708333333333
2019-03-02,0.0,14.29291666666666
2019-03-03,466.93,16.01
2019-03-04,0.0,10.09416666666667
2019-03-05,0.0,16.636
2019-03-06,0.0,16.96615384615385
2019-03-07,0.0,19.34583333333333
2019-03-08,285.587,18.09375
2019-03-09,0.0,16.47375
2019-03-10,442.767,11.40458333333333
2019-03-11,0.0,11.52583333333333
2019-03-12,329.788,14.10875
2019-03-13,0.0,16.8075
2019-03-14,506.221,12.07041666666667
2019-03-15,0.0,11.10708333333333
2019-03-16,270.437,15.28041666666667
2019-03-17,442.516,13.65956521739131
2019-03-18,0.0,15.06708333333333
2019-03-19,0.0,12.65875
2019-03-20,0.0,16.05347826086956
2019-03-21,292.191,10.815
2019-03-22,0.0,13.80666666666667
2019-03-23,0.0,16.96428571428572
2019-03-24,491.927,17.88272727272727
2019-03-25,0.0,15.78090909090909
2019-03-26,707.787,18.39285714285714
2019-03-27,0.0,18.19541666666667
2019-03-28,376.396,12.59833333333333
2019-03-29,0.0,15.09083333333333
2019-03-30,0.0,20.50818181818182
2019-03-31,0.0,15.73347826086957
2019-04-01,0.0,13.20772727272727
2019-04-02,560.689,12.54333333333333
2019-04-03,0.0,15.47333333333333
2019-04-04,0.0,10.36833333333333
2019-04-05,534.548,13.88791666666667
2019-04-06,0.0,10.25125
2019-04-07,0.0,17.21333333333333
2019-04-08,0.0,18.26166666666667
2019-04-09,276.085,16.73521739130435
2019-04-10,0.0,14.04708333333333
2019-04-11,256.189,12.01583333333333
2019-04-12,0.0,15.67217391304348
2019-04-13,316.443,12.16125
2019-04-14,307.804,13.03833333333333
2019-04-15,0.0,13.79041666666667
2019-04-16,248.584,12.38708333333333
2019-04-17,0.0,14.15625
2019-04-18,394.621,13.93625
2019-04-19,0.0,7.055416666666667
2019-04-20,0.0,10.58333333333333
2019-04-21,0.0,8.106666666666667
2019-04-22,429.823,13.43833333333333
2019-04-23,0.0,16.01125
2019-04-24,0.0,17.14608695652174
2019-04-25,377.092,13.90739130434783
2019-04-26,0.0,14.13125
2019-04-27,444.317,18.188
2019-04-28,380.888,
2019-04-29,0.0,10.84833333333333
2019-04-30,0.0,16.88904761904762
2019-05-01,319.554,13.50958333333333
2019-05-02,187.713,14.4395652173913
2019-05-03,0.0,16.19416666666667
2019-05-04,283.926,14.135
2019-05-05,340.399,7.918749999999999
2019-05-06,337.654,9.346666666666666
2019-05-07,451.751,12.12833333333333
2019-05-08,0.0,9.852500000000001
2019-05-09,0.0,9.40125
2019-05-10,0.0,8.659166666666666
2019-05-11,210.912,14.1825
2019-05-12,0.0,12.85
2019-05-13,0.0,18.09130434782609
2019-05-14,0.0,21.49347826086956
2019-05-15,0.0,15.01681818181818
2019-05-16,219.462,14.45791666666667
2019-05-17,0.0,13.76652173913043
2019-05-18,353.456,7.3625
2019-05-19,0.0,11.00625
2019-05-20,0.0,12.73565217391304
2019-05-21,0.0,16.84826086956522
2019-05-22,273.265,15.11086956521739
2019-05-23,0.0,10.85875
2019-05-24,173.924,14.3375
2019-05-25,480.774,13.04916666666667
2019-05-26,0.0,7.416521739130435
2019-05-27,266.618,13.32666666666667
2019-05-28,0.0,10.77708333333333
2019-05-29,508.544,7.797894736842105
2019-05-30,0.0,8.927391304347825
2019-05-31,0.0,7.576666666666666
2019-06-01,342.583,4.866666666666666
2019-06-02,0.0,
2019-06-03,0.0,16.33727272727273
2019-06-04,0.0,13.66875
2019-06-05,120.0,9.281739130434783
2019-06-06,0.0,9.891666666666667
2019-06-07,0.0,13.02333333333333
2019-06-08,251.613,14.89086956521739
2019-06-09,342.575,14.24208333333333
2019-06-10,0.0,9.402142857142858
2019-06-11,517.026,
2019-06-12,359.347,
2019-06-13,0.0,
2019-06-14,0.0,16.8575
2019-06-15,0.0,15.98875
2019-06-16,406.922,13.4525
2019-06-17,166.085,8.237619047619049
2019-06-18,528.0,11.39347826086957
2019-06-19,148.476,6.670869565217392
2019-06-20,0.0,10.67869565217391
2019-06-21,346.534,9.102608695652174
2019-06-22,0.0,8.528333333333334
2019-06-23,0.0,8.312608695652173
2019-06-24,0.0,10.3325
2019-06-25,281.174,14.74956521739131
2019-06-26,75.985,18.28416666666667
2019-06-27,302.373,13.22083333333333
2019-06-28,55.384,14.24208333333333
2019-06-29,0.0,12.08304347826087
2019-06-30,249.596,10.32913043478261
2019-07-01,0.0,10.14826086956522
2019-07-02,0.0,15.58666666666667
2019-07-03,128.954,16.81217391304348
2019-07-04,250.882,18.21833333333333
2019-07-05,101.292,17.91291666666667
2019-07-06,552.25,10.885
2019-07-07,0.0,8.171764705882353
2019-07-08,0.0,10.56583333333333
2019-07-09,280.675,11.97458333333333
2019-07-10,234.174,11.42166666666667
2019-07-11,34.753,12.24083333333333
2019-07-12,323.717,19.1735294117647
2019-07-13,456.364,
2019-07-14,433.865,
2019-07-15,0.0,12.69777777777778
2019-07-16,132.167,15.26173913043478
2019-07-17,197.633,15.74304347826087
2019-07-18,194.518,13.49541666666667
2019-07-19,131.031,10.20791666666667
2019-07-20,260.946,9.228333333333333
2019-07-21,287.448,11.44826086956522
2019-07-22,0.0,11.60458333333333
2019-07-23,0.0,12.27833333333333
2019-07-24,0.0,8.813333333333333
2019-07-25,0.0,13.33652173913043
2019-07-26,286.458,10.89333333333333
2019-07-27,242.282,11.72458333333333
2019-07-28,212.494,11.3225
2019-07-29,146.732,10.85541666666666
2019-07-30,103.994,11.60347826086957
2019-07-31,0.0,8.815416666666666
2019-08-01,163.367,11.99625
2019-08-02,0.0,17.63541666666667
2019-08-03,373.159,10.69826086956522
2019-08-04,454.304,9.790869565217392
2019-08-05,348.129,12.06958333333333
2019-08-06,189.026,10.77416666666667
2019-08-07,396.564,10.88130434782609
2019-08-08,218.341,9.629565217391304
2019-08-09,409.431,13.56166666666667
2019-08-10,310.03,13.12333333333333
2019-08-11,334.683,11.82625
2019-08-12,343.982,12.31117647058823
2019-08-13,529.792,10.79538461538462
2019-08-14,0.0,15.87411764705882
2019-08-15,405.837,22.078
2019-08-16,0.0,15.01166666666666
2019-08-17,0.0,16.25
2019-08-18,263.257,
2019-08-19,211.505,7.802727272727273
2019-08-20,456.831,9.647916666666667
2019-08-21,354.223,8.077916666666667
2019-08-22,212.592,9.8475
2019-08-23,0.0,9.5025
2019-08-24,347.049,9.154583333333333
2019-08-25,445.855,14.578
2019-08-26,310.198,9.61111111111111
2019-08-27,404.446,10.95666666666667
2019-08-28,313.156,10.4825
2019-08-29,351.879,11.80916666666667
2019-08-30,195.86,15.40166666666667
2019-08-31,286.997,20.2025
2019-09-01,0.0,
2019-09-02,143.894,16.38
2019-09-03,375.355,20.29916666666667
2019-09-04,0.0,16.125
2019-09-05,470.497,12.79583333333333
2019-09-06,377.16,18.12190476190476
2019-09-07,211.478,13.05521739130435
2019-09-08,227.605,10.19541666666667
2019-09-09,391.543,11.26416666666667
2019-09-10,587.602,15.90166666666667
2019-09-11,314.011,19.02708333333333
2019-09-12,0.0,17.42083333333333
2019-09-13,435.608,16.17608695652174
2019-09-14,399.013,15.57166666666667
2019-09-15,0.0,14.85458333333333
2019-09-16,321.893,15.66166666666667
2019-09-17,0.0,19.87181818181818
2019-09-18,0.0,18.13277777777778
2019-09-19,0.0,14.72958333333333
2019-09-20,0.0,18.67791666666666
2019-09-21,0.0,20.83541666666667
2019-09-22,473.142,14.01666666666667
2019-09-23,0.0,15.04166666666667
2019-09-24,0.0,12.09833333333333
2019-09-25,435.0,16.93375
2019-09-26,0.0,17.18333333333333
2019-09-27,416.945,13.86583333333333
2019-09-28,0.0,10.53666666666667
2019-09-29,372.625,10.10823529411765
2019-09-30,482.869,12.23125
2019-10-01,434.711,18.2325
2019-10-02,0.0,11.95833333333333
2019-10-03,0.0,14.40090909090909
2019-10-04,0.0,14.5025
2019-10-05,0.0,10.77458333333333
2019-10-06,429.0,7.923333333333333
2019-10-07,0.0,6.609999999999999
2019-10-08,0.0,16.14166666666667
2019-10-09,512.628,16.39
2019-10-10,0.0,12.00833333333333
2019-10-11,0.0,14.68708333333333
2019-10-12,0.0,15.8875
2019-10-13,0.0,13.7795652173913
2019-10-14,189.326,14.31
2019-10-15,0.0,11.63958333333333
2019-10-16,588.0,11.21541666666667
2019-10-17,553.526,16.405
2019-10-18,546.426,19.84833333333333
2019-10-19,0.0,13.68958333333333
2019-10-20,0.0,11.0975
2019-10-21,0.0,9.5575
2019-10-22,589.251,6.255833333333332
2019-10-23,0.0,7.136666666666667
2019-10-24,0.0,13.46916666666667
2019-10-25,490.296,16.34565217391304
2019-10-26,0.0,16.63916666666666
2019-10-27,0.0,10.97541666666667
2019-10-28,0.0,7.146249999999999
2019-10-29,272.408,12.52958333333333
2019-10-30,503.353,14.25791666666667
2019-10-31,0.0,13.4875
2019-11-01,383.092,11.00083333333333
2019-11-02,0.0,6.983333333333333
2019-11-03,353.621,8.930416666666668
2019-11-04,0.0,6.881666666666667
2019-11-05,257.251,7.372083333333333
2019-11-06,445.953,10.22166666666667
2019-11-07,437.411,13.44375
2019-11-08,301.333,12.39791666666667
2019-11-09,457.689,7.11
2019-11-10,714.152,7.271249999999999
2019-11-11,0.0,10.42291666666667
2019-11-12,563.406,8.9035
2019-11-13,0.0,7.42875
2019-11-14,559.0,6.6525
2019-11-15,0.0,5.690714285714286
2019-11-16,0.0,
2019-11-17,344.743,
2019-11-18,349.954,12.94533333333333
2019-11-19,0.0,14.18833333333333
2019-11-20,0.0,9.99375
2019-11-21,529.664,6.301
2019-11-22,0.0,15.31
2019-11-23,513.6,
2019-11-24,288.703,
2019-11-25,368.83,12.15142857142857
2019-11-26,309.815,7.973333333333333
2019-11-27,0.0,8.346363636363636
2019-11-28,0.0,10.61666666666667
2019-11-29,0.0,11.96461538461538
2019-11-30,538.263,10.20666666666667
2019-12-01,0.0,9.26375
2019-12-02,387.876,13.94375
2019-12-03,488.216,14.61458333333333
2019-12-04,538.353,15.41291666666667
2019-12-05,484.809,13.15125
2019-12-06,0.0,9.372916666666667
2019-12-07,0.0,5.840416666666666
2019-12-08,0.0,6.409583333333333
2019-12-09,427.542,12.48583333333333
2019-12-10,0.0,10.35090909090909
2019-12-11,0.0,11.30166666666667
2019-12-12,0.0,9.02875
2019-12-13,496.326,14.59166666666667
2019-12-14,486.724,18.44041666666667
2019-12-15,0.0,18.09375
2019-12-16,402.945,12.82083333333333
2019-12-17,470.66,14.16166666666667
2019-12-18,580.3,15.015
2019-12-19,382.177,12.08875
2019-12-20,0.0,11.0625
2019-12-21,0.0,14.0425
2019-12-22,0.0,8.635833333333332
2019-12-23,475.0,8.333913043478262
2019-12-24,401.386,12.56625
2019-12-25,251.436,7.324583333333333
2019-12-26,330.202,9.314583333333333
2019-12-27,406.605,7.278333333333333
2019-12-28,346.048,8.648333333333333
2019-12-29,407.338,8.026666666666666
2019-12-30,0.0,6.696666666666666
2019-12-31,0.0,7.13695652173913
2020-01-01,0.0,6.614761904761904
2020-01-02,0.0,5.37875
2020-01-03,387.545,6.48125
2020-01-04,383.765,8.950000000000001
2020-01-05,469.655,6.55875
2020-01-06,315.264,5.65625
2020-01-07,0.0,9.704166666666667
2020-01-08,273.034,13.44
2020-01-09,262.97,13.42833333333333
2020-01-10,366.677,9.935333333333334
2020-01-11,339.74,8.63875
2020-01-12,279.786,7.302916666666667
2020-01-13,328.174,10.33666666666667
2020-01-14,380.983,15.23916666666667
2020-01-15,323.957,14.89666666666667
2020-01-16,272.41,13.05173913043478
2020-01-17,289.3,8.7825
2020-01-18,369.431,7.920833333333333
2020-01-19,459.273,9.495416666666667
2020-01-20,448.789,8.96875
2020-01-21,0.0,5.584347826086956
2020-01-22,0.0,5.155833333333333
2020-01-23,0.0,7.625833333333333
2020-01-24,512.165,6.53
2020-01-25,0.0,9.856250000000001
2020-01-26,484.49,9.191666666666666
2020-01-27,0.0,6.075416666666666
2020-01-28,263.571,9.909583333333332
2020-01-29,0.0,8.03
2020-01-30,0.0,10.66583333333333
2020-01-31,0.0,17.1525
2020-02-01,0.0,20.58583333333333
2020-02-02,0.0,12.23791666666667
2020-02-03,366.453,9.166666666666666
2020-02-04,422.83,8.758333333333333
2020-02-05,261.625,15.63125
2020-02-06,268.542,16.43416666666667
2020-02-07,215.204,19.90041666666667
2020-02-08,615.0,13.7725
2020-02-09,491.412,9.273333333333333
2020-02-10,517.019,12.60333333333333
2020-02-11,213.659,18.57666666666667
2020-02-12,541.452,16.87333333333333
2020-02-13,420.994,15.11
2020-02-14,190.366,17.25125
2020-02-15,574.414,16.32333333333333
2020-02-16,296.722,14.61708333333333
2020-02-17,399.921,15.80375
2020-02-18,384.748,12.62041666666667
2020-02-19,483.0,14.64458333333334
2020-02-20,0.0,12.05541666666667
2020-02-21,0.0,9.6975
2020-02-22,0.0,9.629166666666666
2020-02-23,0.0,12.85291666666667
2020-02-24,0.0,10.51833333333333
2020-02-25,556.906,8.899583333333334
2020-02-26,0.0,5.59125
2020-02-27,0.0,8.025833333333333
2020-02-28,566.567,10.36705882352941
2020-02-29,486.182,17.11375
2020-03-01,298.449,13.87
2020-03-02,0.0,12.61833333333333
2020-03-03,395.307,13.31333333333333
2020-03-04,0.0,14.61583333333333
2020-03-05,0.0,14.53541666666667
2020-03-06,0.0,9.490833333333333
2020-03-07,0.0,8.429166666666667
2020-03-08,0.0,11.53541666666667
2020-03-09,421.771,12.96333333333333
2020-03-10,468.144,12.45541666666667
2020-03-11,0.0,8.095416666666667
2020-03-12,0.0,11.23333333333333
2020-03-13,0.0,7.266666666666667
2020-03-14,0.0,6.41375
2020-03-15,488.0,5.986249999999999
2020-03-16,0.0,5.0975
2020-03-17,0.0,6.637916666666666
2020-03-18,262.129,11.16875
2020-03-19,386.808,10.07583333333333
2020-03-20,0.0,4.979166666666667
2020-03-21,411.258,6.655833333333334
2020-03-22,89.282,9.90125
2020-03-23,455.232,13.67666666666667
2020-03-24,419.265,17.16041666666667
2020-03-25,0.0,17.00652173913043
2020-03-26,0.0,12.04625
2020-03-27,0.0,9.487916666666667
2020-03-28,475.938,4.964583333333334
2020-03-29,0.0,9.174583333333333
2020-03-30,0.0,13.18083333333333
2020-03-31,0.0,9.687083333333334
2020-04-01,0.0,5.360833333333333
2020-04-02,0.0,10.695
2020-04-03,344.495,11.82625
2020-04-04,531.646,8.642083333333334
2020-04-05,0.0,8.807083333333333
2020-04-06,544.992,8.03625
2020-04-07,0.0,6.465
2020-04-08,469.87,8.51
2020-04-09,0.0,7.401666666666666
2020-04-10,0.0,8.880416666666667
2020-04-11,0.0,5.244166666666667
2020-04-12,0.0,7.639583333333333
2020-04-13,0.0,5.27
2020-04-14,0.0,4.134166666666666
2020-04-15,0.0,6.410833333333333
2020-04-16,0.0,8.21625
2020-04-17,515.0,12.75833333333333
2020-04-18,536.809,12.66666666666667
2020-04-19,440.15,13.22652173913043
2020-04-20,315.838,12.62583333333333
2020-04-21,0.0,12.76608695652174
2020-04-22,427.193,11.75291666666667
2020-04-23,599.0,7.81125
2020-04-24,560.223,6.850416666666667
2020-04-25,594.0,7.423333333333333
2020-04-26,408.443,12.19666666666667
2020-04-27,0.0,13.21
2020-04-28,0.0,12.05875
2020-04-29,556.034,12.07458333333333
2020-04-30,0.0,8.735416666666667
2020-05-01,0.0,9.070833333333333
2020-05-02,465.0,7.165833333333333
2020-05-03,0.0,8.04125
2020-05-04,0.0,7.252916666666667
2020-05-05,0.0,11.29708333333333
2020-05-06,0.0,12.09208333333333
2020-05-07,0.0,13.04791666666667
2020-05-08,366.399,10.7325
2020-05-09,404.636,7.962272727272727
2020-05-10,442.53,10.405
2020-05-11,400.994,9.870833333333334
2020-05-12,0.0,6.834090909090909
2020-05-13,0.0,8.835
2020-05-14,0.0,11.7625
2020-05-15,248.736,12.055
2020-05-16,0.0,11.48
2020-05-17,328.135,6.9175
2020-05-18,468.043,6.099583333333332
2020-05-19,386.275,8.177083333333334
2020-05-20,245.13,6.961666666666666
2020-05-21,0.0,11.47708333333333
2020-05-22,0.0,13.03791666666667
2020-05-23,315.303,11.58833333333333
2020-05-24,514.322,8.51375
2020-05-25,417.1,7.681666666666666
2020-05-26,279.311,7.737857142857143
2020-05-27,278.418,9.558
2020-05-28,341.83,10.29375
2020-05-29,0.0,6.5125
2020-05-30,0.0,5.285833333333334
2020-05-31,326.451,5.59375
2020-06-01,0.0,6.627916666666667
2020-06-02,481.68,6.2475
2020-06-03,0.0,8.48625
2020-06-04,251.784,10.40916666666667
2020-06-05,0.0,12.79583333333333
2020-06-06,133.853,9.7
2020-06-07,159.463,9.47625
2020-06-08,473.0,8.894583333333333
2020-06-09,0.0,9.587916666666667
2020-06-10,573.667,10.9875
2020-06-11,100.436,12.24375
2020-06-12,299.904,10.18125
2020-06-13,0.0,18.675
2020-06-14,325.733,9.82
2020-06-15,0.0,8.37
2020-06-16,427.36,9.69125
2020-06-17,0.0,10.80916666666667
2020-06-18,292.52,6.5825
2020-06-19,240.377,7.96125
2020-06-20,0.0,7.015833333333333
2020-06-21,344.685,7.662916666666667
2020-06-22,0.0,8.848333333333334
2020-06-23,0.0,10.3275
2020-06-24,0.0,10.80541666666667
2020-06-25,0.0,11.81208333333333
2020-06-26,0.0,6.640416666666667
2020-06-27,223.011,8.709583333333333
2020-06-28,313.904,13.1
2020-06-29,0.0,11.51541666666667
2020-06-30,0.0,8.515833333333333
2020-07-01,0.0,9.314166666666667
2020-07-02,0.0,9.33375
2020-07-03,0.0,7.50125
2020-07-04,0.0,8.81875
2020-07-05,0.0,8.910833333333334
2020-07-06,0.0,11.12666666666667
2020-07-07,353.739,10.62541666666667
2020-07-08,0.0,9.888333333333334
2020-07-09,286.092,11.93083333333333
2020-07-10,0.0,12.56625
2020-07-11,0.0,9.595833333333333
2020-07-12,325.116,11.68875
2020-07-13,0.0,9.187916666666666
2020-07-14,143.993,8.52625
2020-07-15,407.579,7.9425
2020-07-16,167.747,7.797083333333333
2020-07-17,0.0,8.912083333333333
2020-07-18,278.62,8.345416666666667
2020-07-19,499.995,8.695
2020-07-20,549.0,9.949583333333333
2020-07-21,381.922,9.282916666666667
2020-07-22,0.0,13.66875
2020-07-23,0.0,7.605416666666667
2020-07-24,471.646,9.711666666666668
2020-07-25,219.594,10.31
2020-07-26,323.243,7.408333333333334
2020-07-27,317.731,7.463333333333334
2020-07-28,210.172,11.08541666666667
2020-07-29,0.0,14.12041666666667
2020-07-30,0.0,12.845
2020-07-31,246.99,8.42125
2020-08-01,297.898,8.120416666666667
2020-08-02,0.0,9.087916666666667
2020-08-03,350.846,10.98375
2020-08-04,179.053,9.662916666666666
2020-08-05,0.0,15.02190476190476
2020-08-06,241.288,10.04181818181818
2020-08-07,278.156,11.42
2020-08-08,155.781,8.988333333333333
2020-08-09,169.477,7.9925
2020-08-10,94.826,14.0
2020-08-11,420.4,13.96875
2020-08-12,268.782,14.49541666666667
2020-08-13,137.377,12.99375
2020-08-14,272.353,9.713333333333333
2020-08-15,0.0,14.11375
2020-08-16,283.683,10.65291666666667
2020-08-17,127.453,10.82666666666667
2020-08-18,0.0,7.032083333333333
2020-08-19,427.645,7.784166666666667
2020-08-20,0.0,7.532916666666666
2020-08-21,0.0,8.257083333333332
2020-08-22,0.0,11.18458333333333
2020-08-23,336.54,8.729166666666666
2020-08-24,22.611,10.65
2020-08-25,276.072,14.06541666666667
2020-08-26,76.708,12.24833333333333
2020-08-27,0.0,11.67958333333333
2020-08-28,484.5,7.485416666666667
2020-08-29,0.0,9.731666666666667
2020-08-30,48.199,9.075833333333334
2020-08-31,164.389,10.95454545454546
2020-09-01,0.0,13.15
2020-09-02,335.652,12.88208333333333
2020-09-03,0.0,13.13583333333333
2020-09-04,323.087,13.91583333333333
2020-09-05,0.0,10.61625
2020-09-06,364.0,12.48833333333334
2020-09-07,366.582,12.72583333333333
2020-09-08,0.0,11.29208333333333
2020-09-09,0.0,13.97833333333333
2020-09-10,0.0,15.42666666666667
2020-09-11,236.345,15.62833333333333
2020-09-12,0.0,11.915
2020-09-13,347.307,9.891666666666667
2020-09-14,358.123,8.817916666666667
2020-09-15,0.0,14.86541666666667
2020-09-16,0.0,17.59166666666667
2020-09-17,582.877,20.295
2020-09-18,494.206,15.25416666666667
2020-09-19,0.0,17.65875
2020-09-20,341.606,14.44875
2020-09-21,0.0,12.31333333333333
2020-09-22,224.394,14.435
2020-09-23,0.0,17.3275
2020-09-24,0.0,10.54375
2020-09-25,379.521,8.641052631578948
2020-09-26,135.599,
2020-09-27,226.402,
2020-09-28,0.0,18.38909090909091
2020-09-29,312.926,16.34666666666667
2020-09-30,430.02,11.40739130434783
2020-10-01,445.156,9.615
2020-10-02,143.093,11.49541666666667
2020-10-03,0.0,15.78291666666667
2020-10-04,0.0,13.78083333333333
2020-10-05,0.0,8.01
2020-10-06,231.731,14.16083333333333
2020-10-07,0.0,15.36958333333333
2020-10-08,0.0,8.600833333333332
2020-10-09,247.243,9.897499999999999
2020-10-10,222.557,10.01416666666667
2020-10-11,140.083,14.13086956521739
2020-10-12,332.509,14.24260869565217
2020-10-13,364.471,15.47375
2020-10-14,0.0,16.48166666666667
2020-10-15,0.0,13.46833333333333
2020-10-16,346.445,14.36333333333334
2020-10-17,404.525,12.00791666666667
2020-10-18,384.113,11.96541666666667
2020-10-19,327.714,12.14333333333333
2020-10-20,302.008,16.86291666666667
2020-10-21,0.0,17.18826086956522
2020-10-22,372.033,10.03791666666667
2020-10-23,0.0,10.82916666666667
2020-10-24,431.685,15.48333333333333
2020-10-25,536.573,13.25208333333333
2020-10-26,344.817,15.14416666666667
2020-10-27,0.0,18.11541666666666
2020-10-28,0.0,5.699583333333333
2020-10-29,493.654,14.69333333333333
2020-10-30,0.0,12.53625
2020-10-31,0.0,14.88916666666667
2020-11-01,390.239,13.58125
2020-11-02,253.659,13.58416666666667
2020-11-03,125.997,14.355
2020-11-04,261.871,18.36416666666667
2020-11-05,449.118,25.24708333333334
2020-11-06,0.0,23.99625
2020-11-07,479.006,24.13333333333334
2020-11-08,0.0,21.45208333333333
2020-11-09,258.796,20.78708333333333
2020-11-10,331.465,23.24541666666667
2020-11-11,524.691,22.09416666666667
2020-11-12,428.926,22.36333333333333
2020-11-13,320.718,27.28958333333334
2020-11-14,0.0,29.7925
2020-11-15,0.0,24.03041666666667
2020-11-16,0.0,24.92291666666667
2020-11-17,433.545,25.1325
2020-11-18,550.088,20.51
2020-11-19,413.952,21.00666666666666
2020-11-20,0.0,10.84875
2020-11-21,511.0,13.1725
2020-11-22,0.0,16.56333333333333
2020-11-23,0.0,17.42833333333333
2020-11-24,0.0,14.92041666666667
2020-11-25,492.486,15.86125
2020-11-26,398.509,9.682083333333333
2020-11-27,0.0,15.12916666666667
2020-11-28,463.942,20.025
2020-11-29,443.892,10.46
2020-11-30,607.575,9.035
2020-12-01,0.0,10.05625
2020-12-02,0.0,7.43
2020-12-03,514.689,9.636249999999999
2020-12-04,477.346,6.303333333333334
2020-12-05,0.0,11.38375
2020-12-06,0.0,10.035
2020-12-07,354.743,9.551666666666668
2020-12-08,0.0,9.254583333333333
2020-12-09,0.0,11.39318181818182
2020-12-10,0.0,13.29458333333333
2020-12-11,471.255,16.22476190476191
2020-12-12,0.0,14.79952380952381
2020-12-13,0.0,10.53708333333333
2020-12-14,0.0,12.61291666666667
2020-12-15,529.711,12.32291666666667
2020-12-16,387.502,11.61666666666667
2020-12-17,0.0,10.0725
2020-12-18,426.357,8.21125
2020-12-19,458.409,8.533333333333333
2020-12-20,492.405,8.455416666666666
2020-12-21,374.729,9.070833333333333
2020-12-22,0.0,11.0
2020-12-23,592.0,12.13416666666667
2020-12-24,0.0,8.915000000000001
2020-12-25,559.146,6.026666666666666
2020-12-26,0.0,5.18
2020-12-27,424.113,7.487083333333334
2020-12-28,0.0,2.956363636363637
2020-12-29,471.592,7.674583333333334
2020-12-30,0.0,7.199166666666667
2020-12-31,0.0,14.45173913043478
2021-01-01,0.0,11.73571428571429
2021-01-02,0.0,4.396666666666667
2021-01-03,0.0,5.818333333333334
2021-01-04,0.0,5.305
2021-01-05,0.0,5.02875
2021-01-06,0.0,8.140833333333333
2021-01-07,0.0,7.666666666666667
2021-01-08,550.386,6.960833333333333
2021-01-09,0.0,8.759583333333333
2021-01-10,445.32,6.803333333333334
2021-01-11,572.0,6.483750000000001
2021-01-12,0.0,6.914583333333333
2021-01-13,579.915,8.06625
2021-01-14,542.867,9.813333333333334
2021-01-15,439.386,7.615416666666667
2021-01-16,0.0,7.576666666666667
2021-01-17,395.349,8.255416666666667
2021-01-18,0.0,11.05708333333333
2021-01-19,444.591,8.947083333333333
2021-01-20,0.0,9.000416666666666
2021-01-21,394.98,9.12125
2021-01-22,0.0,10.89833333333333
2021-01-23,0.0,9.84125
2021-01-24,464.827,9.134583333333333
2021-01-25,0.0,10.00583333333333
2021-01-26,0.0,7.1875
2021-01-27,0.0,8.36125
2021-01-28,380.236,7.552916666666667
2021-01-29,439.958,8.392916666666666
2021-01-30,390.306,8.564583333333333
2021-01-31,235.217,10.73375
2021-02-01,428.156,11.10166666666667
2021-02-02,410.35,8.29875
2021-02-03,0.0,9.668333333333333
2021-02-04,0.0,11.65083333333333
2021-02-05,0.0,8.336666666666666
2021-02-06,510.993,11.80875
2021-02-07,294.828,11.46
2021-02-08,0.0,9.86875
2021-02-09,399.742,10.83086956521739
2021-02-10,0.0,9.135
2021-02-11,0.0,6.083333333333333
2021-02-12,0.0,9.844166666666666
2021-02-13,545.307,9.744166666666667
2021-02-14,586.6,15.70333333333333
2021-02-15,0.0,16.18583333333333
2021-02-16,565.183,5.981666666666666
2021-02-17,0.0,5.36375
2021-02-18,0.0,5.01375
2021-02-19,0.0,5.032500000000001
2021-02-20,549.609,7.859166666666667
2021-02-21,466.039,4.96625
2021-02-22,0.0,4.91125
2021-02-23,0.0,5.921428571428572
2021-02-24,0.0,10.29208333333333
2021-02-25,526.737,7.0325
2021-02-26,0.0,6.764583333333333
2021-02-27,0.0,4.764736842105263
2021-02-28,0.0,7.89875
2021-03-01,0.0,4.876666666666667
2021-03-02,0.0,5.836666666666667
2021-03-03,0.0,6.64047619047619
2021-03-04,533.75,7.222916666666666
2021-03-05,0.0,9.184166666666668
2021-03-06,347.596,12.68333333333333
2021-03-07,0.0,14.86291666666667
2021-03-08,0.0,7.079583333333333
2021-03-09,0.0,5.609583333333333
2021-03-10,0.0,7.302499999999999
2021-03-11,0.0,10.88958333333333
2021-03-12,0.0,10.37875
2021-03-13,0.0,14.79208333333333
2021-03-14,0.0,7.095833333333332
2021-03-15,0.0,6.394166666666667
2021-03-16,0.0,7.962083333333333
2021-03-17,0.0,15.67625
2021-03-18,0.0,9.137083333333333
2021-03-19,483.483,13.35291666666667
2021-03-20,0.0,7.048333333333334
2021-03-21,0.0,9.277083333333334
2021-03-22,0.0,8.935
2021-03-23,0.0,9.4825
2021-03-24,0.0,13.81875
2021-03-25,0.0,12.45041666666667
2021-03-26,440.997,19.90875
2021-03-27,600.847,13.22428571428571
2021-03-28,0.0,12.5075
2021-03-29,0.0,8.74375
2021-03-30,0.0,8.884583333333333
2021-03-31,446.0,9.696250000000001
2021-04-01,551.12,10.74166666666667
2021-04-02,265.017,7.7375
2021-04-03,0.0,7.632916666666667
2021-04-04,0.0,9.875
2021-04-05,0.0,9.79125
2021-04-06,457.0,13.59666666666667
2021-04-07,0.0,13.66791666666667
2021-04-08,0.0,6.789130434782609
2021-04-09,0.0,12.63041666666667
2021-04-10,0.0,11.66916666666667
2021-04-11,0.0,11.57833333333333
2021-04-12,0.0,11.04541666666667
2021-04-13,0.0,8.016666666666667
2021-04-14,462.514,11.79916666666667
2021-04-15,0.0,9.902083333333332
2021-04-16,440.27,9.102916666666667
2021-04-17,0.0,14.40826086956522
2021-04-18,0.0,15.90958333333333
2021-04-19,0.0,9.764583333333333
2021-04-20,242.74,11.90625
2021-04-21,323.813,7.91875
2021-04-22,325.718,13.5375
2021-04-23,521.725,14.25041666666667
2021-04-24,0.0,4.713529411764705
2021-04-25,550.632,12.385
2021-04-26,0.0,6.700416666666666
2021-04-27,450.943,8.950416666666667
2021-04-28,0.0,8.819166666666666
2021-04-29,0.0,11.46166666666667
2021-04-30,0.0,8.257083333333334
2021-05-01,0.0,7.63375
2021-05-02,0.0,8.365
2021-05-03,0.0,8.3925
2021-05-04,432.877,10.1675
2021-05-05,0.0,10.98125
2021-05-06,254.399,7.763333333333333
2021-05-07,462.076,11.07791666666667
2021-05-08,0.0,11.615
2021-05-09,373.466,8.587083333333334
2021-05-10,0.0,6.40875
2021-05-11,486.94,5.978750000000001
2021-05-12,0.0,12.16958333333333
2021-05-13,218.869,10.7225
2021-05-14,0.0,10.35625
2021-05-15,0.0,9.24875
2021-05-16,0.0,6.704166666666667
2021-05-17,0.0,6.1125
2021-05-18,0.0,9.892727272727273
2021-05-19,0.0,12.23541666666667
2021-05-20,316.834,12.48291666666667
2021-05-21,257.226,11.57208333333333
2021-05-22,0.0,7.001666666666666
2021-05-23,384.927,5.671250000000001
2021-05-24,0.0,7.805
2021-05-25,0.0,9.147916666666667
2021-05-26,0.0,9.520416666666668
2021-05-27,352.823,9.950000000000001
2021-05-28,524.053,10.16208333333333
2021-05-29,180.145,12.38916666666667
2021-05-30,566.649,14.98541666666667
2021-05-31,416.883,14.8275
2021-06-01,180.308,14.83875
2021-06-02,0.0,15.39833333333333
2021-06-03,262.993,11.65083333333333
2021-06-04,482.0,15.43411764705882
2021-06-05,347.632,
2021-06-06,0.0,
2021-06-07,0.0,8.388
2021-06-08,0.0,7.895833333333333
2021-06-09,0.0,10.25625
2021-06-10,423.066,13.97782608695652
2021-06-11,0.0,18.20541666666667
2021-06-12,482.166,17.61458333333333
2021-06-13,0.0,7.27875
2021-06-14,0.0,8.72
2021-06-15,0.0,7.87375
2021-06-16,583.853,13.13875
2021-06-17,248.864,12.14916666666667
2021-06-18,0.0,11.68
2021-06-19,0.0,9.741249999999999
2021-06-20,313.593,11.02375
2021-06-21,439.5,9.893333333333333
2021-06-22,297.795,10.4125
2021-06-23,0.0,8.19111111111111
2021-06-24,342.633,10.05454545454545
2021-06-25,0.0,8.915000000000001
2021-06-26,0.0,12.06
2021-06-27,0.0,13.91958333333333
2021-06-28,415.0,13.88791666666667
2021-06-29,308.275,13.88318181818182
2021-06-30,318.042,11.33041666666667
2021-07-01,352.668,11.09125
2021-07-02,0.0,13.71375
2021-07-03,171.772,13.44708333333333
2021-07-04,0.0,7.219583333333333
2021-07-05,207.346,7.241666666666667
2021-07-06,196.562,9.926666666666668
2021-07-07,107.679,10.68458333333333
2021-07-08,265.824,11.2925
2021-07-09,458.835,11.29291666666667
2021-07-10,530.003,12.87625
2021-07-11,0.0,10.66041666666667
2021-07-12,563.004,9.592083333333333
2021-07-13,0.0,13.8975
2021-07-14,332.873,12.55333333333333
2021-07-15,124.326,14.80541666666667
2021-07-16,276.529,14.57958333333333
2021-07-17,0.0,10.51041666666667
2021-07-18,460.98,10.63375
2021-07-19,524.884,9.1975
2021-07-20,0.0,8.005416666666667
2021-07-21,189.9,7.053333333333334
2021-07-22,0.0,6.477916666666666
2021-07-23,0.0,9.872083333333334
2021-07-24,0.0,12.24333333333333
2021-07-25,0.0,5.994583333333334
2021-07-26,0.0,8.647499999999999
2021-07-27,0.0,14.295
2021-07-28,317.038,13.255
2021-07-29,0.0,11.465
2021-07-30,0.0,12.63875
2021-07-31,334.568,9.6775
2021-08-01,352.507,6.392916666666667
2021-08-02,527.852,5.565833333333334
2021-08-03,224.482,7.547499999999999
2021-08-04,438.939,8.982083333333334
2021-08-05,0.0,14.39125
2021-08-06,324.025,13.275
2021-08-07,452.788,13.92045454545454
2021-08-08,335.701,16.07416666666667
2021-08-09,0.0,14.82875
2021-08-10,336.498,12.57166666666667
2021-08-11,467.546,13.37708333333333
2021-08-12,0.0,16.22791666666667
2021-08-13,397.518,11.33916666666667
2021-08-14,0.0,17.85375
2021-08-15,533.832,12.37791666666667
2021-08-16,0.0,8.918333333333333
2021-08-17,560.679,10.36583333333333
2021-08-18,0.0,10.50458333333333
2021-08-19,413.082,11.66875
2021-08-20,84.295,13.75666666666667
2021-08-21,0.0,18.23
2021-08-22,0.0,17.12916666666667
2021-08-23,0.0,11.50708333333333
2021-08-24,578.0,11.13958333333333
2021-08-25,0.0,9.457916666666668
2021-08-26,0.0,11.92958333333333
2021-08-27,0.0,13.53583333333333
2021-08-28,0.0,12.33708333333333
2021-08-29,0.0,13.56416666666667
2021-08-30,0.0,13.31947368421053
2021-08-31,267.92,14.62708333333333
2021-09-01,408.504,15.36916666666667
2021-09-02,301.0,11.10791666666667
2021-09-03,361.829,15.6175
2021-09-04,434.526,12.705
2021-09-05,442.43,11.2525
2021-09-06,0.0,9.231428571428571
2021-09-07,351.459,13.72375
2021-09-08,0.0,16.6925
2021-09-09,275.494,13.88708333333333
2021-09-10,336.139,14.21791666666667
2021-09-11,0.0,11.07333333333333
2021-09-12,0.0,8.883333333333333
2021-09-13,0.0,9.172916666666667
2021-09-14,248.861,10.49333333333333
2021-09-15,439.802,12.98833333333333
2021-09-16,287.316,9.274166666666666
2021-09-17,257.461,9.380833333333333
2021-09-18,0.0,15.43583333333333
2021-09-19,240.399,15.10625
2021-09-20,0.0,12.59166666666667
2021-09-21,0.0,9.672666666666666
2021-09-22,0.0,11.748125
2021-09-23,0.0,11.1825
2021-09-24,399.066,12.95791666666667
2021-09-25,376.74,9.716666666666667
2021-09-26,0.0,6.8825
2021-09-27,117.482,10.39083333333333
2021-09-28,0.0,14.59666666666667
2021-09-29,0.0,10.3175
2021-09-30,0.0,10.00416666666667
2021-10-01,0.0,19.72958333333333
2021-10-02,515.386,18.57458333333333
2021-10-03,356.321,14.29375
2021-10-04,0.0,13.9225
2021-10-05,0.0,12.62416666666667
2021-10-06,0.0,14.03
2021-10-07,295.235,16.39458333333333
2021-10-08,0.0,16.63086956521739
2021-10-09,369.679,12.12833333333333
2021-10-10,0.0,12.93125
2021-10-11,369.912,16.73166666666667
2021-10-12,388.235,16.16791666666667
2021-10-13,301.91,14.08791666666667
2021-10-14,411.706,17.30583333333333
2021-10-15,0.0,19.3925
2021-10-16,0.0,10.37958333333333
2021-10-17,0.0,12.48541666666667
2021-10-18,530.737,13.1625
2021-10-19,591.373,14.88333333333333
2021-10-20,432.347,14.13208333333333
2021-10-21,590.0,10.3
2021-10-22,325.665,13.57833333333333
2021-10-23,452.388,8.924583333333333
2021-10-24,0.0,12.62583333333333
2021-10-25,0.0,13.62291666666667
2021-10-26,0.0,12.51
2021-10-27,384.475,16.64083333333333
2021-10-28,207.542,14.62458333333333
2021-10-29,0.0,16.15
2021-10-30,444.825,18.42416666666667
2021-10-31,0.0,16.17416666666667
2021-11-01,482.915,9.89875
2021-11-02,0.0,6.1725
2021-11-03,408.668,9.535416666666666
2021-11-04,344.879,11.99583333333334
2021-11-05,256.568,13.15625
2021-11-06,407.057,13.90125
2021-11-07,0.0,15.24125
2021-11-08,0.0,9.125
2021-11-09,0.0,5.40625
2021-11-10,0.0,8.562083333333334
2021-11-11,0.0,9.63625
2021-11-12,0.0,8.912083333333333
2021-11-13,0.0,11.6425
2021-11-14,387.525,11.17791666666667
2021-11-15,382.897,11.46583333333333
2021-11-16,0.0,8.774166666666666
2021-11-17,0.0,7.37625
2021-11-18,0.0,6.803333333333334
2021-11-19,499.248,5.652916666666666
2021-11-20,0.0,7.355416666666667
2021-11-21,0.0,11.47875
2021-11-22,0.0,10.04208333333333
2021-11-23,0.0,8.688333333333334
2021-11-24,0.0,7.709166666666666
2021-11-25,0.0,11.54875
2021-11-26,549.583,13.23458333333333
2021-11-27,438.341,16.67
2021-11-28,381.173,12.92541666666667
2021-11-29,0.0,7.03625
2021-11-30,0.0,11.97916666666667
2021-12-01,292.706,13.8375
2021-12-02,361.122,15.98416666666667
2021-12-03,517.113,12.50291666666667
2021-12-04,491.605,11.04083333333333
2021-12-05,474.42,8.925833333333333
2021-12-06,496.27,8.696250000000001
2021-12-07,0.0,15.86125
2021-12-08,0.0,8.274
2021-12-09,432.227,10.73
2021-12-10,482.486,10.92166666666667
2021-12-11,0.0,8.0525
2021-12-12,0.0,3.64125
2021-12-13,0.0,5.692083333333334
2021-12-14,0.0,6.107083333333333
2021-12-15,0.0,8.398333333333333
2021-12-16,0.0,5.790416666666666
2021-12-17,0.0,7.402916666666667
2021-12-18,0.0,5.681666666666666
2021-12-19,566.0,4.820416666666667
2021-12-20,0.0,9.156666666666666
2021-12-21,527.541,5.470833333333334
2021-12-22,0.0,6.242083333333333
2021-12-23,278.945,10.20958333333333
2021-12-24,339.958,10.46083333333333
2021-12-25,0.0,9.460833333333333
2021-12-26,473.847,13.36125
2021-12-27,0.0,11.37416666666667
2021-12-28,0.0,13.24583333333333
2021-12-29,0.0,10.865
2021-12-30,498.78,12.88173913043478
2021-12-31,393.115,16.49375
2022-01-01,0.0,17.78272727272727
2022-01-02,337.568,10.36291666666667
2022-01-03,105.751,10.86416666666667
2022-01-04,68.705,11.13041666666667
2022-01-05,560.964,6.245416666666667
2022-01-06,72.2,14.3375
2022-01-07,306.242,14.95958333333333
2022-01-08,162.212,14.21333333333333
2022-01-09,283.015,14.36291666666667
2022-01-10,0.0,6.221666666666667
2022-01-11,183.858,11.24416666666667
2022-01-12,0.0,8.0475
2022-01-13,279.464,6.054166666666667
2022-01-14,0.0,16.49708333333333
2022-01-15,216.567,18.59541666666667
2022-01-16,376.671,16.60375
2022-01-17,158.361,16.08458333333333
2022-01-18,421.177,16.46541666666667
2022-01-19,0.0,11.97708333333333
2022-01-20,255.509,10.17625
2022-01-21,470.105,11.11
2022-01-22,289.286,11.56791666666667
2022-01-23,333.637,13.23541666666667
2022-01-24,315.744,12.51875
2022-01-25,0.0,5.555833333333333
2022-01-26,0.0,10.61583333333333
2022-01-27,351.135,5.78875
2022-01-28,0.0,4.711666666666667
2022-01-29,0.0,5.257916666666667
2022-01-30,0.0,4.169583333333333
2022-01-31,0.0,3.132857142857143
2022-02-01,0.0,5.989166666666667
2022-02-02,557.884,11.88458333333333
2022-02-03,814.288,15.27857142857143
2022-02-04,794.729,13.00958333333333
2022-02-05,779.103,13.66
2022-02-06,0.0,7.999166666666667
2022-02-07,0.0,10.67666666666667
2022-02-08,0.0,6.34125
2022-02-09,567.773,9.01875
2022-02-10,801.027,5.987083333333334
2022-02-11,0.0,6.052083333333333
2022-02-12,0.0,6.672916666666667
2022-02-13,0.0,7.120833333333334
2022-02-14,461.766,8.27875
2022-02-15,0.0,10.28875
2022-02-16,0.0,15.05458333333333
2022-02-17,839.117,14.45416666666667
2022-02-18,0.0,10.48916666666667
2022-02-19,252.0,6.520416666666667
2022-02-20,0.0,4.893333333333334
2022-02-21,540.089,6.532916666666666
2022-02-22,0.0,19.83739130434783
2022-02-23,470.644,21.56583333333333
2022-02-24,0.0,6.038333333333333
2022-02-25,0.0,8.537916666666666
2022-02-26,0.0,8.774090909090908
2022-02-27,0.0,9.77
2022-02-28,373.0,10.94708333333333
2022-03-01,0.0,9.66375
2022-03-02,575.0,6.614583333333333
2022-03-03,0.0,7.169166666666666
2022-03-04,332.093,9.198333333333332
2022-03-05,0.0,7.890000000000001
2022-03-06,0.0,9.395000000000001
2022-03-07,0.0,8.9125
2022-03-08,0.0,9.59695652173913
2022-03-09,409.222,12.24583333333333
2022-03-10,0.0,11.98708333333333
2022-03-11,0.0,11.16291666666667
2022-03-12,0.0,9.323333333333332
2022-03-13,345.958,10.35833333333333
2022-03-14,777.882,9.8175
2022-03-15,0.0,8.821666666666667
2022-03-16,0.0,10.42041666666667
2022-03-17,0.0,6.816666666666666
2022-03-18,375.965,17.74458333333333
2022-03-19,0.0,8.30875
2022-03-20,167.093,8.05125
2022-03-21,0.0,10.19958333333333
2022-03-22,788.805,14.27166666666667
2022-03-23,644.712,11.87791666666667
2022-03-24,0.0,7.454999999999999
2022-03-25,0.0,11.91208333333333
2022-03-26,0.0,5.356666666666666
2022-03-27,0.0,13.29791666666667
2022-03-28,0.0,14.31666666666667
2022-03-29,0.0,8.0175
2022-03-30,0.0,9.825416666666667
2022-03-31,0.0,14.45916666666667
2022-04-01,0.0,10.15666666666667
2022-04-02,0.0,11.56541666666667
2022-04-03,300.491,12.03333333333333
2022-04-04,0.0,12.75875
2022-04-05,288.55,11.04333333333333
2022-04-06,363.885,12.435625
2022-04-07,560.0,12.52666666666667
2022-04-08,0.0,13.0225
2022-04-09,0.0,9.299999999999999
2022-04-10,500.004,7.985
2022-04-11,0.0,9.035
2022-04-12,0.0,9.11125
2022-04-13,0.0,17.77666666666667
2022-04-14,550.531,13.78625
2022-04-15,0.0,14.37333333333333
2022-04-16,0.0,10.5525
2022-04-17,0.0,7.994583333333334
2022-04-18,0.0,9.321250000000001
2022-04-19,0.0,10.27458333333333
2022-04-20,0.0,11.04625
2022-04-21,0.0,8.9075
2022-04-22,0.0,7.367083333333333
2022-04-23,504.312,7.513333333333333
2022-04-24,0.0,8.924583333333333
2022-04-25,0.0,11.11
2022-04-26,939.737,13.57333333333333
2022-04-27,0.0,12.82333333333333
2022-04-28,0.0,11.30541666666667
2022-04-29,0.0,16.6375
2022-04-30,565.704,10.03166666666667
2022-05-01,536.551,11.82666666666667
2022-05-02,741.743,14.17625
2022-05-03,242.733,17.06041666666667
2022-05-04,0.0,14.98260869565217
2022-05-05,0.0,10.19
2022-05-06,0.0,12.65625
2022-05-07,272.51,13.38041666666667
2022-05-08,345.05,13.13913043478261
2022-05-09,362.21,13.62541666666667
2022-05-10,441.137,14.94541666666667
2022-05-11,0.0,9.214166666666666
2022-05-12,0.0,13.27791666666667
2022-05-13,0.0,16.505
2022-05-14,0.0,11.88458333333333
2022-05-15,0.0,6.609583333333333
2022-05-16,0.0,8.85086956521739
2022-05-17,0.0,8.469090909090909
2022-05-18,0.0,8.630416666666667
2022-05-19,517.144,6.897916666666667
2022-05-20,0.0,9.730833333333333
2022-05-21,648.924,13.67333333333333
2022-05-22,671.367,13.55583333333333
2022-05-23,0.0,13.71833333333333
2022-05-24,671.315,15.53666666666667
2022-05-25,0.0,10.97791666666667
2022-05-26,0.0,10.10291666666667
2022-05-27,0.0,12.60375
2022-05-28,0.0,16.07416666666667
2022-05-29,0.0,14.94041666666667
2022-05-30,0.0,18.23416666666667
2022-05-31,760.404,16.69208333333333
2022-06-01,0.0,17.4525
2022-06-02,0.0,9.857916666666666
2022-06-03,0.0,13.01041666666667
2022-06-04,260.483,9.845416666666667
2022-06-05,0.0,11.26583333333333
2022-06-06,320.132,16.43416666666667
2022-06-07,0.0,15.21208333333333
2022-06-08,0.0,9.992916666666668
2022-06-09,0.0,9.000416666666666
2022-06-10,0.0,9.114166666666668
2022-06-11,0.0,10.61652173913044
2022-06-12,742.438,12.30041666666667
2022-06-13,0.0,10.26541666666667
2022-06-14,661.962,11.785
2022-06-15,301.831,12.58125
2022-06-16,552.14,13.79666666666667
2022-06-17,440.941,14.41875
2022-06-18,0.0,8.024583333333334
2022-06-19,0.0,10.10833333333333
2022-06-20,868.796,10.385
2022-06-21,0.0,17.18954545454546
2022-06-22,0.0,12.67958333333333
2022-06-23,364.089,9.088333333333333
2022-06-24,0.0,8.380833333333333
2022-06-25,0.0,7.99875
2022-06-26,0.0,9.192916666666667
2022-06-27,151.214,10.12291666666667
2022-06-28,202.67,11.73625
2022-06-29,304.458,11.94291666666667
2022-06-30,486.0,12.85333333333333
2022-07-01,87.757,14.12458333333333
2022-07-02,346.082,12.23708333333333
2022-07-03,0.0,10.50083333333333
2022-07-04,357.876,11.01541666666667
2022-07-05,0.0,11.02333333333333
2022-07-06,0.0,10.27125
2022-07-07,95.782,13.10875
2022-07-08,0.0,14.12875
2022-07-09,0.0,13.50458333333333
2022-07-10,0.0,14.22
2022-07-11,0.0,9.520833333333334
2022-07-12,175.892,9.585833333333333
2022-07-13,0.0,15.0475
2022-07-14,0.0,12.81416666666667
2022-07-15,236.772,14.8725
2022-07-16,489.215,14.74333333333333
2022-07-17,0.0,13.05583333333333
2022-07-18,275.252,7.459166666666666
2022-07-19,285.117,8.58
2022-07-20,546.255,12.03208333333333
2022-07-21,311.903,11.98833333333334
2022-07-22,0.0,11.62083333333333
2022-07-23,0.0,13.15208333333333
2022-07-24,0.0,9.582083333333333
2022-07-25,0.0,13.90769230769231
2022-07-26,0.0,8.287916666666666
2022-07-27,0.0,6.310714285714285
2022-07-28,318.405,7.56
2022-07-29,14.162,14.53529411764706
2022-07-30,270.901,17.43590909090909
2022-07-31,71.917,11.58
2022-08-01,293.777,16.40052631578947
2022-08-02,306.15,13.28263157894737
2022-08-03,202.222,15.21052631578947
2022-08-04,0.0,21.1395
2022-08-05,0.0,18.1021052631579
2022-08-06,0.0,18.7955
2022-08-07,258.759,12.28352941176471
2022-08-08,105.382,10.42444444444444
2022-08-09,526.136,8.256470588235294
2022-08-10,276.159,14.69190476190476
2022-08-11,0.0,14.51222222222222
2022-08-12,117.943,16.67785714285714
2022-08-13,213.885,12.22166666666667
2022-08-14,146.304,12.56666666666667
2022-08-15,317.214,21.54055555555556
2022-08-16,156.28,12.46368421052632
2022-08-17,0.0,10.28875
2022-08-18,0.481,13.849375
2022-08-19,393.429,16.73944444444444
2022-08-20,0.0,19.16772727272727
2022-08-21,0.0,20.84625
2022-08-22,453.645,17.5825
2022-08-23,179.007,14.3625
2022-08-24,299.195,14.34733333333333
2022-08-25,475.707,14.88533333333333
2022-08-26,0.0,14.81666666666667
2022-08-27,59.673,7.859090909090909
2022-08-28,0.0,15.375
2022-08-29,295.0,15.77714285714286
2022-08-30,357.717,16.29692307692308
2022-08-31,468.09,22.70333333333333
2022-09-01,84.519,22.79583333333333
2022-09-02,0.0,21.67291666666667
2022-09-03,0.0,15.06217391304348
2022-09-04,0.0,10.25208333333333
2022-09-05,549.0,24.38375
2022-09-06,0.0,23.35333333333334
2022-09-07,0.0,17.84916666666667
2022-09-08,71.327,17.925
2022-09-09,183.13,19.56875
2022-09-10,262.276,11.93875
2022-09-11,0.0,11.55541666666667
2022-09-12,11.849,17.395
2022-09-13,260.501,17.26173913043478
2022-09-14,229.86,17.65958333333333
2022-09-15,317.863,13.7875
2022-09-16,0.0,10.76958333333334
2022-09-17,0.0,15.73208333333333
2022-09-18,324.692,14.41666666666667
2022-09-19,162.943,15.5925
2022-09-20,0.0,14.42541666666667
2022-09-21,580.917,20.11125
2022-09-22,417.069,18.67125
2022-09-23,325.067,18.58916666666667
2022-09-24,0.0,21.22208333333333
2022-09-25,858.159,25.43125
2022-09-26,95.11,16.77416666666667
2022-09-27,176.983,14.11
2022-09-28,0.0,20.78291666666667
2022-09-29,0.0,13.31
2022-09-30,381.531,19.95041666666667
2022-10-01,382.856,9.25625
2022-10-02,0.0,8.814583333333333
2022-10-03,201.89,12.5025
2022-10-04,0.0,19.3425
2022-10-05,376.809,18.99958333333333
2022-10-06,0.0,24.32833333333333
2022-10-07,0.0,25.53428571428572
2022-10-08,0.0,14.00458333333333
2022-10-09,0.0,13.50833333333333
2022-10-10,0.0,11.11708333333333
2022-10-11,0.0,13.64130434782609
2022-10-12,0.0,17.35
2022-10-13,0.0,23.47
2022-10-14,0.0,18.06791666666667
2022-10-15,0.0,11.70291666666667
2022-10-16,0.0,14.47583333333333
2022-10-17,0.0,11.77875
2022-10-18,0.0,10.09875
2022-10-19,0.0,8.72
2022-10-20,0.0,8.174166666666666
2022-10-21,0.0,8.86875
2022-10-22,0.0,9.66
2022-10-23,0.0,9.005416666666667
2022-10-24,489.725,9.8175
2022-10-25,0.0,11.74791666666667
2022-10-26,0.0,7.558333333333334
2022-10-27,0.0,10.19833333333333
2022-10-28,0.0,12.57708333333333
2022-10-29,316.524,14.27791666666667
2022-10-30,399.923,12.17625
2022-10-31,286.008,13.485
2022-11-01,337.677,19.35916666666667
2022-11-02,0.0,13.63055555555555
2022-11-03,578.731,11.74833333333333
2022-11-04,445.631,10.51333333333333
2022-11-05,326.756,12.17291666666667
2022-11-06,0.0,15.07583333333333
2022-11-07,150.329,15.20173913043478
2022-11-08,549.7,13.44208333333333
2022-11-09,0.0,12.54166666666667
2022-11-10,0.0,12.83666666666667
2022-11-11,0.0,17.28166666666667
2022-11-12,0.0,19.275
2022-11-13,0.0,16.87666666666667
2022-11-14,304.739,15.52625
2022-11-15,0.0,14.41166666666667
2022-11-16,0.0,9.642916666666666
2022-11-17,0.0,13.04041666666667
2022-11-18,441.478,20.70625
2022-11-19,489.03,25.24166666666666
2022-11-20,0.0,16.26083333333333
2022-11-21,0.0,17.29583333333333
2022-11-22,0.0,17.16458333333333
2022-11-23,0.0,20.24304347826087
2022-11-24,252.142,17.67458333333333
2022-11-25,0.0,20.40818181818182
2022-11-26,473.435,20.26739130434783
2022-11-27,0.0,18.04791666666667
2022-11-28,547.224,21.30041666666667
2022-11-29,492.992,21.25208333333333
2022-11-30,555.198,16.92166666666667
2022-12-01,345.804,13.96291666666667
2022-12-02,0.0,7.817916666666666
2022-12-03,415.972,10.61333333333333
2022-12-04,454.69,19.76416666666666
2022-12-05,234.28,17.56208333333333
2022-12-06,342.1,23.30541666666667
2022-12-07,0.0,20.65388888888889
2022-12-08,193.852,15.85916666666667
2022-12-09,0.0,12.50708333333333
2022-12-10,413.914,14.73
2022-12-11,0.0,12.13333333333333
2022-12-12,408.25,11.37416666666667
2022-12-13,614.245,14.39
2022-12-14,0.0,11.11708333333333
2022-12-15,0.0,11.40125
2022-12-16,503.537,11.31291666666667
2022-12-17,0.0,10.14666666666667
2022-12-18,341.323,13.50958333333333
2022-12-19,375.88,16.79
2022-12-20,218.846,14.91434782608695
2022-12-21,373.836,16.28416666666667
2022-12-22,330.193,17.10304347826087
2022-12-23,398.674,18.52954545454545
2022-12-24,508.831,15.23833333333334
2022-12-25,0.0,6.484583333333333
2022-12-26,0.0,8.39125
2022-12-27,418.492,9.374583333333334
2022-12-28,450.348,16.22791666666667
2022-12-29,265.119,16.81791666666667
2022-12-30,0.0,16.36173913043478
2022-12-31,0.0,12.55666666666667
2023-01-01,0.0,9.536818181818182
2023-01-02,0.0,8.427083333333334
2023-01-03,0.0,16.49791666666667
2023-01-04,401.581,15.865
2023-01-05,0.0,19.84125
2023-01-06,0.0,13.81416666666667
2023-01-07,0.0,12.27833333333333
2023-01-08,0.0,9.674999999999999
2023-01-09,0.0,11.70666666666667
2023-01-10,0.0,9.424166666666666
2023-01-11,532.0,11.89458333333334
2023-01-12,0.0,16.13958333333333
2023-01-13,548.331,14.73739130434783
2023-01-14,0.0,14.76375
2023-01-15,0.0,12.34083333333333
2023-01-16,468.875,12.58130434782609
2023-01-17,0.0,10.28916666666667
2023-01-18,324.976,9.920833333333333
2023-01-19,0.0,11.28869565217391
2023-01-20,0.0,11.68
2023-01-21,0.0,14.93291666666667
2023-01-22,466.672,9.657083333333334
2023-01-23,231.235,15.06708333333333
2023-01-24,572.0,11.38083333333333
2023-01-25,288.926,13.23541666666667
2023-01-26,0.0,17.06913043478261
2023-01-27,391.305,14.10434782608696
2023-01-28,345.091,16.02958333333333
2023-01-29,217.374,12.10217391304348
2023-01-30,489.965,12.33625
2023-01-31,0.0,19.09208333333333
2023-02-01,0.0,18.835
2023-02-02,0.0,16.60875
2023-02-03,396.955,14.80083333333333
2023-02-04,219.679,15.42333333333333
2023-02-05,0.0,11.1325
2023-02-06,0.0,9.555416666666668
2023-02-07,409.882,11.54791666666667
2023-02-08,255.013,15.59875
2023-02-09,0.0,19.58565217391304
2023-02-10,0.0,18.49625
2023-02-11,556.355,14.86041666666667
2023-02-12,0.0,10.00708333333333
2023-02-13,495.561,8.102083333333333
2023-02-14,0.0,9.090416666666668
2023-02-15,0.0,7.826315789473684
2023-02-16,501.031,10.12875
2023-02-17,374.69,9.246086956521738
2023-02-18,0.0,5.978333333333334
2023-02-19,0.0,11.56625
2023-02-20,303.177,12.28375
2023-02-21,0.0,8.852500000000001
2023-02-22,0.0,6.495
2023-02-23,0.0,13.20041666666667
2023-02-24,234.8,14.04541666666667
2023-02-25,349.809,19.4795652173913
2023-02-26,446.644,17.83166666666667
2023-02-27,722.602,17.31458333333333
2023-02-28,0.0,15.76291666666667
2023-03-01,403.29,12.52608695652174
2023-03-02,0.0,17.22333333333333
2023-03-03,409.89,13.495
2023-03-04,0.0,7.639166666666667
2023-03-05,0.0,7.010000000000001
2023-03-06,0.0,6.249166666666667
2023-03-07,0.0,8.606250000000001
2023-03-08,0.0,11.99458333333333
2023-03-09,0.0,6.199583333333333
2023-03-10,0.0,6.327083333333333
2023-03-11,0.0,4.70125
2023-03-12,0.0,10.94708333333333
2023-03-13,0.0,8.950833333333334
2023-03-14,0.0,6.686
2023-03-15,0.0,10.00375
2023-03-16,0.0,11.1921052631579
2023-03-17,0.0,9.399583333333334
2023-03-18,0.0,8.639583333333333
2023-03-19,0.0,9.012083333333333
2023-03-20,0.0,11.05375
2023-03-21,507.918,9.649166666666666
2023-03-22,0.0,8.733333333333333
2023-03-23,0.0,4.908333333333333
2023-03-24,0.0,4.56375
2023-03-25,249.304,4.634166666666666
2023-03-26,536.141,8.340416666666666
2023-03-27,473.101,7.851666666666667
2023-03-28,497.363,12.13458333333333
2023-03-29,0.0,10.15708333333333
2023-03-30,0.0,10.53166666666667
2023-03-31,0.0,12.07208333333333
2023-04-01,0.0,11.47333333333333
2023-04-02,263.327,7.798333333333333
2023-04-03,318.156,6.735416666666667
2023-04-04,421.753,8.833809523809524
2023-04-05,0.0,9.500416666666666
2023-04-06,0.0,5.9775
2023-04-07,0.0,4.3975
2023-04-08,0.0,8.426666666666668
2023-04-09,395.46,9.657083333333334
2023-04-10,0.0,8.187916666666666
2023-04-11,221.532,9.82375
2023-04-12,532.606,9.624583333333334
2023-04-13,466.653,9.029583333333333
2023-04-14,487.386,9.3075
2023-04-15,0.0,8.384166666666667
2023-04-16,0.0,7.327916666666667
2023-04-17,0.0,7.4325
2023-04-18,0.0,7.974583333333332
2023-04-19,0.0,6.967916666666667
2023-04-20,0.0,9.06125
2023-04-21,0.0,7.599583333333332
2023-04-22,0.0,8.053749999999999
2023-04-23,0.0,6.8
2023-04-24,310.957,8.099166666666667
2023-04-25,357.488,8.308260869565217
2023-04-26,306.776,8.23375
2023-04-27,0.0,11.30208333333333
2023-04-28,316.393,8.075000000000001
2023-04-29,0.0,8.033333333333333
2023-04-30,396.676,5.340833333333333
2023-05-01,0.0,5.3875
2023-05-02,354.371,7.885000000000001
2023-05-03,354.93,9.14625
2023-05-04,0.0,8.987083333333333
2023-05-05,307.679,8.880833333333333
2023-05-06,0.0,12.29791666666667
2023-05-07,159.119,11.21541666666667
2023-05-08,360.718,9.41625
2023-05-09,0.0,12.47958333333333
2023-05-10,141.985,11.66708333333333
2023-05-11,0.0,11.60041666666667
2023-05-12,193.202,16.65416666666667
2023-05-13,200.027,10.1
2023-05-14,0.0,6.077500000000001
2023-05-15,0.0,7.558333333333334
2023-05-16,487.007,5.842916666666667
2023-05-17,154.077,9.540454545454544
2023-05-18,287.132,10.34083333333333
2023-05-19,531.0,11.52
2023-05-20,0.0,8.884583333333333
2023-05-21,0.0,6.708749999999999
2023-05-22,369.528,5.559583333333333
2023-05-23,0.0,6.736249999999999
2023-05-24,271.585,12.46125
2023-05-25,0.0,5.884166666666666
2023-05-26,0.0,7.516666666666667
2023-05-27,0.0,11.27708333333333
2023-05-28,0.0,7.507083333333334
2023-05-29,143.186,6.111249999999999
2023-05-30,0.0,7.264583333333333
2023-05-31,0.0,9.668750000000001
2023-06-01,0.0,10.29791666666667
2023-06-02,0.0,8.266666666666667
2023-06-03,371.321,10.30958333333333
2023-06-04,388.505,8.530416666666666
2023-06-05,0.0,8.535833333333334
2023-06-06,0.0,9.288333333333332
2023-06-07,375.111,6.726666666666667
2023-06-08,0.0,7.57125
2023-06-09,256.889,7.517083333333333
2023-06-10,0.0,11.59208333333333
2023-06-11,290.314,10.15916666666667
2023-06-12,142.748,9.278333333333334
2023-06-13,248.022,8.261666666666667
2023-06-14,0.0,9.815
2023-06-15,257.111,8.93375
2023-06-16,0.0,7.989999999999999
2023-06-17,379.848,6.916666666666667
2023-06-18,47.372,4.298333333333333
2023-06-19,77.463,6.256250000000001
2023-06-20,132.842,6.310416666666666
2023-06-21,181.967,7.049583333333334
2023-06-22,166.115,8.62625
2023-06-23,515.568,10.40333333333333
2023-06-24,0.0,11.18208333333333
2023-06-25,0.0,8.075416666666667
2023-06-26,510.0,9.300416666666667
2023-06-27,97.555,9.802083333333334
2023-06-28,573.0,12.70791666666667
2023-06-29,174.645,6.686666666666667
2023-06-30,0.0,5.253333333333333
2023-07-01,402.764,10.34916666666667
2023-07-02,134.152,10.12708333333333
2023-07-03,0.0,7.706666666666667
2023-07-04,116.151,6.962083333333333
2023-07-05,264.143,8.641666666666667
2023-07-06,0.0,5.413333333333334
2023-07-07,270.04,6.262916666666666
2023-07-08,532.596,4.9025
2023-07-09,0.0,7.698333333333333
2023-07-10,234.419,7.2075
2023-07-11,0.0,7.659166666666667
2023-07-12,269.271,7.576666666666667
2023-07-13,234.812,9.022916666666667
2023-07-14,378.0,8.31
2023-07-15,371.319,7.699166666666667
2023-07-16,349.226,8.658333333333333
2023-07-17,0.0,10.04541666666667
2023-07-18,267.772,6.454583333333333
2023-07-19,107.037,4.046666666666667
2023-07-20,485.69,3.458333333333333
2023-07-21,299.023,5.0075
2023-07-22,201.141,5.347777777777777
2023-07-23,0.0,
2023-07-24,254.165,7.664
2023-07-25,0.0,9.020833333333334
2023-07-26,184.093,13.23541666666667
2023-07-27,0.0,15.48208333333333
2023-07-28,148.518,10.69
2023-07-29,278.889,7.137916666666666
2023-07-30,257.428,5.65875
2023-07-31,118.403,7.2475
2023-08-01,0.0,6.000869565217392
2023-08-02,109.94,7.702083333333333
2023-08-03,322.169,7.96875
2023-08-04,65.035,9.0525
2023-08-05,238.081,7.562916666666666
2023-08-06,0.0,8.72875
2023-08-07,504.652,9.660833333333334
2023-08-08,0.0,5.580416666666667
2023-08-09,0.0,9.87
2023-08-10,249.197,10.97375
2023-08-11,242.23,11.96708333333333
2023-08-12,431.98,11.78791666666667
2023-08-13,876.046,12.13291666666667
2023-08-14,803.795,10.13583333333333
2023-08-15,0.0,7.31125
2023-08-16,241.477,11.26458333333333
2023-08-17,132.792,12.61416666666667
2023-08-18,110.712,11.33041666666667
2023-08-19,236.525,15.70541666666667
2023-08-20,0.0,6.83125
2023-08-21,579.0,6.1925
2023-08-22,0.0,8.53875
2023-08-23,495.927,12.86541666666667
2023-08-24,567.629,11.10958333333333
2023-08-25,0.0,10.5225
2023-08-26,34.328,13.63708333333333
2023-08-27,263.526,12.427
2023-08-28,290.282,8.003571428571428
2023-08-29,320.6,9.103333333333333
2023-08-30,91.151,11.20583333333333
2023-08-31,102.619,10.46541666666667
2023-09-01,190.814,12.09291666666667
2023-09-02,147.626,13.36333333333334
2023-09-03,500.227,13.35041666666667
2023-09-04,415.778,8.9825
2023-09-05,0.0,5.975416666666667
2023-09-06,122.233,9.944583333333332
2023-09-07,206.55,11.32875
2023-09-08,208.378,14.24
2023-09-09,331.0,17.07541666666667
2023-09-10,0.0,12.53916666666667
2023-09-11,153.168,9.585833333333333
2023-09-12,34.431,12.58304347826087
2023-09-13,170.879,12.15833333333333
2023-09-14,398.41,13.07958333333333
2023-09-15,0.0,8.655
2023-09-16,300.0,8.699583333333333
2023-09-17,89.893,9.350416666666666
2023-09-18,363.809,11.00166666666667
2023-09-19,0.0,10.89125
2023-09-20,0.0,10.53583333333333
2023-09-21,286.185,14.255
2023-09-22,324.329,21.27333333333333
2023-09-23,240.224,18.12217391304348
2023-09-24,506.968,11.33875
2023-09-25,0.0,12.44958333333333
2023-09-26,144.36,15.56625
2023-09-27,109.319,14.7525
2023-09-28,186.748,19.01125
2023-09-29,284.125,14.71041666666667
2023-09-30,0.0,10.74916666666667
2023-10-01,453.484,9.932916666666666
2023-10-02,254.303,11.32590909090909
2023-10-03,97.853,10.19916666666667
2023-10-04,379.128,11.28375
2023-10-05,0.0,11.37083333333333
2023-10-06,281.873,15.22166666666667
2023-10-07,0.0,15.65416666666667
2023-10-08,0.0,10.84166666666667
2023-10-09,0.0,15.77416666666667
2023-10-10,0.0,15.9075
2023-10-11,347.283,17.75166666666667
2023-10-12,0.0,16.75041666666667
2023-10-13,437.578,14.31625
2023-10-14,0.0,7.880833333333332
2023-10-15,296.924,10.57583333333333
2023-10-16,253.457,9.320833333333333
2023-10-17,346.19,16.85722222222222
2023-10-18,598.0,13.68
2023-10-19,248.177,10.54375
2023-10-20,409.773,11.76333333333333
2023-10-21,270.841,11.11208333333333
2023-10-22,392.819,12.90958333333333
2023-10-23,518.881,12.08
2023-10-24,0.0,0.92
2023-10-25,388.213,10.71916666666667
2023-10-26,0.0,5.234583333333333
2023-10-27,0.0,4.789583333333334
2023-10-28,0.0,3.423636363636364
2023-10-29,0.0,5.579999999999999
2023-10-30,572.343,6.45
2023-10-31,0.0,4.468888888888888
2023-11-01,528.656,6.18375
2023-11-02,274.572,8.299166666666666
2023-11-03,150.439,7.784166666666667
2023-11-04,0.0,6.97625
2023-11-05,0.0,10.0575
2023-11-06,455.207,8.990555555555554
2023-11-07,410.085,10.39235294117647
2023-11-08,273.208,10.18
2023-11-09,516.247,7.66
2023-11-10,364.452,9.988333333333333
2023-11-11,239.506,7.662500000000001
2023-11-12,327.318,7.413333333333334
2023-11-13,223.522,10.41625
2023-11-14,345.126,10.4095652173913
2023-11-15,475.601,6.039583333333333
2023-11-16,264.373,9.690416666666666
2023-11-17,0.0,14.69
2023-11-18,211.086,10.66375
2023-11-19,210.589,7.810833333333334
2023-11-20,0.0,5.420434782608695
2023-11-21,0.0,4.38
2023-11-22,0.0,3.822916666666667
2023-11-23,236.602,7.331666666666667
2023-11-24,0.0,6.049565217391303
2023-11-25,420.426,7.659583333333334
2023-11-26,224.295,9.124166666666666
2023-11-27,378.595,12.305
2023-11-28,515.788,11.26722222222222
2023-11-29,0.0,7.038888888888889
2023-11-30,301.311,6.326111111111111
2023-12-01,346.173,12.23
2023-12-02,273.139,12.08333333333333
2023-12-03,270.598,10.73958333333333
2023-12-04,0.0,9.649583333333334
2023-12-05,385.715,10.98117647058824
2023-12-06,0.0,7.046666666666667
2023-12-07,0.0,3.054545454545455
2023-12-08,340.556,5.906086956521739
2023-12-09,278.515,8.6425
2023-12-10,343.525,9.951666666666666
2023-12-11,0.0,12.45363636363636
2023-12-12,0.0,12.48555555555556
2023-12-13,0.0,6.864705882352942
2023-12-14,334.319,12.34235294117647
2023-12-15,0.0,6.157500000000001
2023-12-16,0.0,5.557916666666666
2023-12-17,0.0,4.782916666666666
2023-12-18,332.529,6.94875
2023-12-19,351.059,6.6575
2023-12-20,178.669,6.68
2023-12-21,376.475,9.523333333333333
2023-12-22,403.885,13.12791666666667
2023-12-23,0.0,9.555416666666668
2023-12-24,312.511,11.45
2023-12-25,0.0,8.916666666666666
2023-12-26,0.0,5.392916666666667
2023-12-27,0.0,5.3075
2023-12-28,0.0,4.267083333333333
2023-12-29,509.156,4.539166666666667
2023-12-30,223.102,4.302916666666667
2023-12-31,579.024,8.567916666666667
2024-01-01,0.0,9.374666666666666
2024-01-02,0.0,12.81333333333333
2024-01-03,0.0,11.35583333333333
2024-01-04,0.0,5.325416666666666
2024-01-05,0.0,5.850416666666667
2024-01-06,252.957,13.49916666666667
2024-01-07,450.098,11.57375
2024-01-08,0.0,12.05625
2024-01-09,0.0,8.883333333333333
2024-01-10,436.0,5.113333333333333
2024-01-11,288.139,10.4425
2024-01-12,0.0,6.269166666666667
2024-01-13,276.896,6.983750000000001
2024-01-14,0.0,10.92791666666667
2024-01-15,500.078,11.87125
2024-01-16,0.0,7.87875
2024-01-17,0.0,6.989166666666667
2024-01-18,0.0,10.24791666666667
2024-01-19,274.017,8.47625
2024-01-20,400.784,8.174999999999999
2024-01-21,445.847,6.63375
2024-01-22,339.048,8.624583333333334
2024-01-23,252.428,6.936666666666667
2024-01-24,148.391,12.30166666666667
2024-01-25,372.218,10.75458333333333
2024-01-26,139.404,13.22166666666667
2024-01-27,435.401,12.65083333333333
2024-01-28,507.231,13.66083333333333
2024-01-29,563.101,15.02875
2024-01-30,281.418,13.40916666666667
2024-01-31,0.0,15.36333333333333
2024-02-01,395.376,10.88125
2024-02-02,0.0,7.2075
2024-02-03,0.0,7.6225
2024-02-04,0.0,6.239999999999999
2024-02-05,0.0,7.37375
2024-02-06,314.001,10.34043478260869
2024-02-07,0.0,14.769375
2024-02-08,274.362,13.27041666666667
2024-02-09,0.0,11.7575
2024-02-10,0.0,9.587916666666667
2024-02-11,0.0,7.53125
2024-02-12,0.0,3.655416666666667
2024-02-13,409.0,5.654583333333334
2024-02-14,207.701,7.767499999999999
2024-02-15,333.941,6.377083333333334
2024-02-16,0.0,10.44333333333333
2024-02-17,0.0,6.39875
2024-02-18,0.0,8.950833333333334
2024-02-19,0.0,10.51375
2024-02-20,0.0,4.522083333333334
2024-02-21,0.0,5.775833333333334
2024-02-22,0.0,9.79625
2024-02-23,0.0,7.855833333333333
2024-02-24,546.144,6.458749999999999
2024-02-25,542.462,6.08875
2024-02-26,599.0,9.656521739130435
2024-02-27,487.014,13.34208333333333
2024-02-28,528.009,18.81333333333333
2024-02-29,0.0,8.784166666666666
2024-03-01,0.0,7.331250000000001
2024-03-02,0.0,3.7875
2024-03-03,0.0,4.347916666666666
2024-03-04,524.643,6.4675
2024-03-05,0.0,11.31958333333333
2024-03-06,513.64,10.81916666666667
2024-03-07,455.0,8.057916666666666
2024-03-08,0.0,14.71916666666667
2024-03-09,420.555,11.2
2024-03-10,0.0,12.15666666666667
2024-03-11,448.697,7.38375
2024-03-12,0.0,8.393333333333333
2024-03-13,280.522,7.855416666666667
2024-03-14,0.0,8.780416666666666
2024-03-15,0.0,12.01458333333333
2024-03-16,239.655,10.96833333333333
2024-03-17,219.595,10.425
2024-03-18,467.756,12.31083333333333
2024-03-19,0.0,13.56916666666667
2024-03-20,169.687,11.41375
2024-03-21,216.235,7.641666666666667
2024-03-22,0.0,11.34166666666667
2024-03-23,0.0,13.62041666666667
2024-03-24,0.0,13.21125
2024-03-25,286.385,11.89375
2024-03-26,0.0,10.20125
2024-03-27,0.0,10.67541666666667
2024-03-28,277.704,14.96708333333333
2024-03-29,0.0,9.9675
2024-03-30,319.683,10.92416666666667
2024-03-31,548.227,8.125
2024-04-01,0.0,9.087083333333334
2024-04-02,0.0,5.416250000000001
2024-04-03,0.0,7.098333333333334
2024-04-04,0.0,8.875416666666666
2024-04-05,0.0,9.505
2024-04-06,0.0,10.26458333333333
2024-04-07,202.63,9.13875
2024-04-08,0.0,9.864583333333334
2024-04-09,154.313,11.90041666666667
2024-04-10,0.0,17.1875
2024-04-11,276.667,17.86
2024-04-12,166.505,16.05958333333333
2024-04-13,0.0,20.1275
2024-04-14,312.481,14.79416666666667
2024-04-15,0.0,8.07904761904762
2024-04-16,485.038,4.929473684210526
2024-04-17,0.0,15.98823529411765
2024-04-18,265.895,14.20769230769231
2024-04-19,0.0,7.857857142857143
2024-04-20,175.425,16.01
2024-04-21,0.0,5.947500000000001
2024-04-22,0.0,5.038571428571429
2024-04-23,258.974,6.738181818181818
2024-04-24,150.186,13.86214285714286
2024-04-25,0.0,14.45125
2024-04-26,230.26,11.461
2024-04-27,0.0,10.93380952380952
2024-04-28,467.571,6.047916666666667
2024-04-29,338.0,5.692380952380953
2024-04-30,0.0,11.21652173913044
2024-05-01,209.025,10.00583333333333
2024-05-02,0.0,10.8125
2024-05-03,0.0,3.76375
2024-05-04,0.0,5.8125
2024-05-05,0.0,9.671666666666667
2024-05-06,0.0,13.54833333333333
2024-05-07,0.0,8.760833333333332
2024-05-08,0.0,10.52541666666667
2024-05-09,0.0,16.69708333333334
2024-05-10,337.793,11.05125
2024-05-11,333.719,16.44708333333334
2024-05-12,235.381,12.81458333333333
2024-05-13,0.0,16.24666666666667
2024-05-14,0.0,14.03583333333333
2024-05-15,0.0,9.674166666666666
2024-05-16,190.503,5.815
2024-05-17,0.0,7.531666666666666
2024-05-18,423.079,8.611666666666666
2024-05-19,0.0,6.793333333333333
2024-05-20,404.513,7.481666666666666
2024-05-21,450.926,7.064166666666666
2024-05-22,0.0,8.243333333333332
2024-05-23,0.0,4.7075
2024-05-24,464.736,8.663333333333332
2024-05-25,336.22,8.536666666666667
2024-05-26,0.0,16.82045454545455
2024-05-27,348.621,10.78916666666667
2024-05-28,0.0,6.185833333333334
2024-05-29,0.0,8.244583333333333
2024-05-30,225.238,6.357916666666667
2024-05-31,0.0,7.69125
2024-06-01,218.366,15.94266666666667
2024-06-02,230.013,6.758333333333333
2024-06-03,277.796,6.925833333333333
2024-06-04,409.0,7.465416666666666
2024-06-05,0.0,4.884583333333333
2024-06-06,0.0,5.155416666666667
2024-06-07,0.0,6.988333333333333
2024-06-08,0.0,6.7475
2024-06-09,342.711,6.545000000000001
2024-06-10,0.0,4.91875
2024-06-11,431.618,6.726666666666667
2024-06-12,0.0,8.55875
2024-06-13,0.0,6.861250000000001
2024-06-14,0.0,5.985416666666667
2024-06-15,0.0,4.38
2024-06-16,322.157,6.314583333333334
2024-06-17,0.0,8.586666666666666
2024-06-18,0.0,11.12652173913044
2024-06-19,553.37,13.296875
2024-06-20,356.543,12.34916666666667
2024-06-21,0.0,5.44
2024-06-22,0.0,12.4575
2024-06-23,246.678,10.92875
2024-06-24,161.522,9.468333333333334
2024-06-25,0.0,7.3425
2024-06-26,0.0,10.36875
2024-06-27,0.0,7.737083333333334
2024-06-28,330.485,12.61166666666667
2024-06-29,239.765,9.9975
2024-06-30,0.0,8.962083333333334
2024-07-01,221.477,8.630500000000001
2024-07-02,0.0,7.412916666666667
2024-07-03,0.0,7.854166666666667
2024-07-04,0.0,6.037500000000001
2024-07-05,0.0,5.427916666666666
2024-07-06,0.0,9.022916666666667
2024-07-07,0.0,6.164583333333333
2024-07-08,193.005,6.364166666666667
2024-07-09,0.0,9.578333333333333
2024-07-10,305.353,11.58
2024-07-11,296.337,11.54083333333333
2024-07-12,0.0,11.80541666666667
2024-07-13,212.248,8.987083333333333
2024-07-14,248.261,4.772083333333334
2024-07-15,239.151,5.953749999999999
2024-07-16,51.266,6.194166666666667
2024-07-17,211.241,6.530416666666667
2024-07-18,443.183,9.415416666666667
2024-07-19,0.0,8.102083333333333
2024-07-20,232.202,7.274583333333333
2024-07-21,0.0,7.080833333333334
2024-07-22,281.533,7.202916666666667
2024-07-23,286.289,7.972916666666666
2024-07-24,154.089,9.896666666666667
2024-07-25,338.033,12.42333333333333
2024-07-26,0.0,12.60958333333333
2024-07-27,262.522,10.64625
2024-07-28,0.0,6.163333333333333
2024-07-29,250.872,6.2275
2024-07-30,192.575,7.507083333333334
2024-07-31,0.0,7.039166666666667
2024-08-01,0.0,11.86166666666667
2024-08-02,123.877,12.10541666666666
2024-08-03,226.988,14.92791666666667
2024-08-04,194.882,12.16736842105263
2024-08-05,373.516,11.14125
2024-08-06,476.25,7.728333333333333
2024-08-07,0.0,10.19166666666667
2024-08-08,60.082,12.06666666666667
2024-08-09,0.0,18.42041666666667
2024-08-10,0.0,12.40583333333333
2024-08-11,322.169,10.93833333333333
2024-08-12,0.0,10.33708333333333
2024-08-13,398.245,7.852083333333333
2024-08-14,206.486,11.42125
2024-08-15,420.612,8.96125
2024-08-16,375.858,9.611666666666666
2024-08-17,224.381,9.105833333333333
2024-08-18,276.717,7.290833333333333
2024-08-19,79.439,8.210833333333333
2024-08-20,385.532,11.22666666666667
2024-08-21,302.637,12.09958333333333
2024-08-22,382.267,14.78083333333333
2024-08-23,418.387,12.55458333333333
2024-08-24,421.0,9.7075
2024-08-25,280.201,8.021666666666667
2024-08-26,282.677,10.21291666666667
2024-08-27,213.699,9.3025
2024-08-28,96.811,9.91125
2024-08-29,229.071,11.41375
2024-08-30,199.54,10.73842105263158
2024-08-31,87.178,18.24541666666667
2024-09-01,490.054,18.6875
2024-09-02,372.291,14.04916666666667
2024-09-03,0.0,16.69
2024-09-04,475.19,24.62368421052632
2024-09-05,0.0,14.10833333333333
2024-09-06,73.802,14.24458333333333
2024-09-07,452.683,19.434375
2024-09-08,303.371,16.63315789473684
2024-09-09,300.361,9.282857142857143
2024-09-10,83.835,10.63916666666667
2024-09-11,326.463,15.73875
2024-09-12,140.731,15.29625
2024-09-13,207.443,17.7675
2024-09-14,300.033,13.03041666666667
2024-09-15,258.371,9.5675
2024-09-16,0.0,13.63666666666666
2024-09-17,106.241,10.44625
2024-09-18,309.252,10.25625
2024-09-19,379.424,10.34941176470588
2024-09-20,593.0,16.66125
2024-09-21,0.0,18.50166666666667
2024-09-22,0.0,13.22208333333333
2024-09-23,157.085,9.2135
2024-09-24,89.426,11.76
2024-09-25,0.0,17.37083333333333
2024-09-26,202.401,19.1225
2024-09-27,0.0,18.54772727272727
2024-09-28,0.0,1.680833333333333
2024-09-29,338.283,4.02
2024-09-30,528.683,3.27076923076923
2024-10-01,432.434,12.75944444444444
2024-10-02,483.803,9.986153846153845
2024-10-03,0.0,6.672857142857143
2024-10-04,0.0,11.95823529411765
2024-10-05,575.529,4.831052631578948
2024-10-06,421.489,8.463333333333333
2024-10-07,0.0,13.33923076923077
2024-10-08,0.0,7.754375
2024-10-09,509.627,3.001538461538461
2024-10-10,0.0,5.301428571428572
2024-10-11,593.0,14.13
2024-10-12,304.539,11.1475
2024-10-13,282.806,5.1825
2024-10-14,0.0,
2024-10-15,466.6,
2024-10-16,344.263,
2024-10-17,137.597,7.805
2024-10-18,333.418,
2024-10-19,204.244,
2024-10-20,423.455,
2024-10-21,394.205,6.981875
2024-10-22,378.198,18.793125
2024-10-23,512.958,16.31333333333333
2024-10-24,196.419,21.14666666666666
2024-10-25,308.802,15.55
2024-10-26,171.811,14.44444444444444
2024-10-27,0.0,13.9
2024-10-28,0.0,13.56
2024-10-29,373.993,21.15714285714285
2024-10-30,333.503,23.2
2024-10-31,0.0,23.1
2024-11-01,496.092,15.95294117647059
2024-11-02,0.0,9.476470588235294
2024-11-03,0.0,11.79523809523809
2024-11-04,0.0,12.14736842105263
2024-11-05,164.894,9.626666666666667
2024-11-06,262.289,15.8125
2024-11-07,411.953,20.6125
2024-11-08,0.0,18.7125
2024-11-09,605.441,15.75833333333333
2024-11-10,0.0,18.55833333333333
2024-11-11,343.858,23.32222222222222
2024-11-12,485.137,31.2875
2024-11-13,518.67,26.13
2024-11-14,0.0,29.5125
2024-11-15,466.543,30.04444444444444
2024-11-16,0.0,21.52727272727273
2024-11-17,0.0,11.05714285714286
2024-11-18,0.0,10.03333333333333
2024-11-19,398.21,14.95
2024-11-20,400.458,13.47142857142857
2024-11-21,0.0,9.075000000000001
2024-11-22,367.908,15.7
2024-11-23,434.246,14.52142857142857
2024-11-24,450.008,14.31764705882353
2024-11-25,230.271,14.21875
2024-11-26,305.356,18.4
2024-11-27,298.189,11.07777777777778
2024-11-28,591.564,16.46875
