Fecha,O3,PM25,PRE,RS,TMP,VEL,DIR,HUM,LLU,AOD
2019-09-02,31.22,18.94,763.31,316.08,15.91,1.32,176.14,63.3,0.0,0.23142
2019-09-05,35.8,20.77,764.46,302.94,17.07,1.45,170.29,60.26,0.0,0.32815
2019-09-06,28.76,23.08,764.22,252.43,17.15,1.32,98.94,62.6,0.0,0.3379
2019-09-07,35.62,22.24,764.22,306.08,17.58,1.41,101.95,51.14,0.0,0.18011000000000002
2019-09-08,45.48,21.38,765.41,318.22,18.01,1.45,117.37,42.67,0.0,0.19416999999999998
2019-09-09,36.81,19.27,764.58,242.23,17.69,1.82,103.01,40.91,0.0,0.25014
2019-09-11,30.7,20.13,763.21,255.77,15.94,1.59,159.12,66.01,0.0,0.40217
2019-09-13,32.24,27.01,762.88,249.1,17.45,1.29,119.12,61.09,0.0,0.28079000000000004
2019-09-16,30.49,22.82,764.54,297.25,14.45,1.47,103.66,74.83,0.0,0.17586000000000002
2019-09-22,31.98,11.96,765.13,291.51,16.46,1.34,128.13,71.45,0.0,0.4944
2019-09-25,36.44,20.06,765.24,254.73,15.95,1.3,108.51,73.63,0.0,0.41186
2019-09-27,31.87,12.4,764.47,283.15,16.26,1.79,114.53,77.44,0.0,0.35420999999999997
2019-09-29,38.76,7.92,764.5,325.91,15.14,1.78,156.01,82.11,17.5,0.28687
2019-09-30,42.43,11.67,763.94,243.67,15.01,1.4,130.37,84.15,4.8,0.48301
2019-10-01,39.7,15.86,763.11,284.47,15.61,1.85,121.24,79.87,0.0,0.40276
2019-10-02,33.27,10.54,763.15,276.62,15.58,1.77,120.88,81.41,0.0,0.54596
2019-10-04,25.25,16.62,764.68,264.8,14.99,1.61,115.0,82.43,0.0,0.26982
2019-10-09,33.79,14.57,762.93,199.04,15.22,1.44,179.7,74.65,0.4,0.271
2019-10-12,33.92,15.22,762.52,252.1,16.08,1.51,177.62,73.02,0.0,0.4747
2019-10-14,26.47,16.83,763.9,273.76,14.82,1.61,163.01,69.62,0.0,0.29651
2019-10-17,29.86,13.41,764.64,281.87,15.45,1.39,121.57,75.55,5.0,0.58367
2019-10-18,28.64,20.83,764.49,283.08,15.37,1.79,113.18,80.12,0.4,0.5570900000000001
2019-10-22,26.79,5.84,764.48,262.67,14.78,1.64,127.26,84.58,0.5,0.40485000000000004
2019-10-25,25.85,19.9,763.52,229.8,15.37,1.33,138.84,74.33,0.0,0.41414
2019-10-27,21.31,7.71,763.24,287.23,15.97,1.51,133.78,79.97,0.0,0.42010000000000003
2019-10-29,24.41,11.57,763.03,158.36,15.48,1.34,140.1,78.58,3.0,0.35276
2019-10-30,26.8,12.83,763.22,270.56,16.18,1.33,109.86,79.08,0.0,0.46366
2019-11-01,38.11,10.87,764.43,305.51,15.57,1.74,121.85,82.09,11.2,0.38977
2019-11-02,42.27,5.96,763.69,247.49,15.38,1.62,148.89,82.06,12.9,0.26867
2019-11-03,26.84,6.28,762.49,326.34,16.13,1.97,103.58,84.17,0.0,0.42395
2019-11-05,27.47,8.33,762.74,308.73,15.96,1.72,154.52,80.36,0.0,0.36375
2019-11-06,31.18,7.55,762.95,298.16,16.39,1.71,136.8,81.04,2.1,0.4629
2019-11-07,29.79,9.5,761.95,275.42,17.75,1.47,61.06,67.65,0.0,0.27493
2019-11-08,24.83,13.42,761.49,300.7,16.06,1.77,143.8,76.89,0.0,0.37144
2019-11-10,27.64,6.33,763.73,264.74,15.8,1.76,115.04,82.52,0.0,0.45604000000000006
2019-11-17,20.81,5.0,762.8,310.59,15.39,1.84,131.68,80.98,0.2,0.37342000000000003
2019-11-21,18.8,12.69,764.48,243.46,14.58,1.71,155.27,86.38,13.0,0.46524000000000004
2019-11-23,19.88,9.75,764.0,261.35,15.26,1.66,170.27,79.46,0.0,0.39633999999999997
2019-11-24,21.23,8.63,763.06,311.02,15.66,1.66,113.33,80.67,0.0,0.31261
2019-11-25,18.26,7.73,761.79,296.23,16.49,1.29,114.24,78.47,0.0,0.33791000000000004
2019-11-26,15.71,10.83,761.28,306.15,16.47,1.36,116.36,74.75,0.0,0.36352
2019-11-30,19.62,7.79,762.82,228.05,15.63,1.84,135.17,85.1,0.0,0.53422
2019-12-02,17.96,8.56,763.99,289.13,15.81,1.36,194.69,80.47,0.0,0.41792
2019-12-03,19.52,10.57,764.04,304.47,15.83,1.55,184.53,75.83,1.4,0.45967
2019-12-05,25.19,6.69,764.38,245.66,15.85,1.34,127.22,81.42,16.4,0.39947000000000005
2019-12-09,18.4,7.66,763.04,221.66,15.21,1.67,117.09,87.67,0.3,0.5063500000000001
2019-12-14,29.62,14.58,763.7,287.55,15.09,1.77,113.52,81.22,0.0,0.54488
2019-12-16,21.95,12.53,762.98,287.56,15.91,1.71,138.79,78.53,0.0,0.43532
2019-12-17,23.8,9.78,762.26,304.85,15.86,1.53,152.55,78.79,1.0,0.46031
2019-12-18,22.85,8.75,762.41,291.12,15.6,1.66,141.32,82.55,0.1,0.33237
2019-12-19,21.74,9.35,762.78,199.35,15.68,1.45,80.7,85.19,0.0,0.5594600000000001
2019-12-21,14.33,10.75,762.56,214.83,15.23,1.51,135.88,82.27,0.0,0.41633
2019-12-25,19.25,7.19,762.43,303.54,16.56,1.64,171.59,78.36,0.0,0.2665
2019-12-26,15.94,9.73,762.49,292.45,17.36,1.41,115.15,72.9,0.0,0.24763
2019-12-28,20.9,9.41,763.27,218.33,15.96,1.73,145.54,82.35,0.0,0.49196
2019-12-29,26.3,5.86,763.12,289.48,16.45,1.96,166.61,80.76,0.0,0.37942000000000004
2019-12-30,25.67,8.34,763.89,243.51,15.21,2.08,91.98,88.55,0.6,0.5858300000000001
2020-01-03,15.82,7.82,765.33,256.88,15.62,1.57,139.26,83.54,0.0,0.31088
2020-01-04,19.36,8.17,766.04,314.9,15.84,1.89,170.66,77.69,0.0,0.26165
2020-01-05,18.74,3.09,766.19,303.54,14.9,2.11,112.75,87.11,0.0,0.32925
2020-01-06,20.96,4.59,764.99,275.7,15.32,1.75,122.02,84.44,3.7,0.38438
2020-01-08,25.03,11.22,764.19,310.6,15.57,1.52,186.88,76.12,0.0,0.25676
2020-01-09,19.55,12.85,763.22,307.03,15.8,1.11,92.7,59.09,0.0,0.40652
2020-01-14,19.88,10.1,762.11,302.19,16.15,1.46,165.6,72.47,0.0,0.27482999999999996
2020-01-15,20.22,13.46,762.34,294.62,16.29,1.51,140.08,75.18,0.0,0.2646
2020-01-16,19.18,19.82,762.45,259.05,17.88,1.42,116.2,57.7,0.1,0.38907
2020-01-17,16.08,16.1,762.22,314.55,19.22,1.67,130.03,49.77,0.0,0.27357
2020-01-18,17.63,9.13,762.38,300.46,19.25,1.7,128.19,52.26,0.0,0.45344
2020-01-19,17.7,7.57,762.81,315.1,17.32,1.76,127.87,67.18,0.0,0.33039
2020-01-20,19.86,7.78,764.46,226.5,16.02,1.8,142.91,84.27,7.3,0.5015000000000001
2020-01-24,16.76,7.36,764.81,267.83,15.8,1.65,131.38,83.42,1.9,0.5697300000000001
2020-01-26,20.1,8.95,766.0,199.95,14.67,1.86,96.36,88.24,1.7,0.45692000000000005
2020-01-28,15.06,12.03,765.43,302.2,15.08,1.74,198.93,79.1,0.0,0.29019
2020-02-03,22.09,10.5,764.48,271.6,16.74,1.84,141.67,79.45,0.0,0.38885000000000003
2020-02-04,21.37,9.53,764.63,266.12,16.17,1.54,160.63,79.3,0.0,0.54095
2020-02-05,25.28,15.9,763.91,323.04,15.73,1.6,224.8,70.91,0.0,0.14977000000000001
2020-02-06,26.65,21.3,763.77,321.43,15.44,1.66,185.68,69.92,0.0,0.15498
2020-02-08,23.85,9.04,764.98,304.74,15.89,2.06,147.59,81.67,0.0,0.52834
2020-02-09,23.45,4.5,764.55,302.33,15.86,1.87,129.41,86.02,22.8,0.41518
2020-02-11,32.92,17.15,763.65,331.19,15.77,1.63,183.02,59.76,0.0,0.15156
2020-02-12,25.42,17.87,763.17,313.85,16.01,1.61,186.53,75.11,0.0,0.26417
2020-02-13,25.05,13.19,762.94,328.9,16.58,1.73,166.46,77.68,0.0,0.26667
2020-02-14,26.13,16.62,763.29,319.01,16.44,1.72,196.57,76.87,0.0,0.31658
2020-02-15,26.22,13.7,763.14,276.3,16.29,1.64,156.69,78.06,0.0,0.53854
2020-02-16,27.8,11.87,762.32,305.45,16.83,1.48,168.11,74.77,0.0,0.31595
2020-02-21,22.29,6.38,765.15,225.44,15.18,1.82,120.9,90.66,6.4,0.48576
2020-02-25,19.03,8.37,764.83,294.63,15.63,1.77,121.05,86.59,0.0,0.42658999999999997
2020-02-29,22.64,11.35,765.43,281.21,16.26,1.47,158.2,85.38,0.2,0.427
2020-03-01,27.47,10.63,764.95,322.54,16.58,1.87,171.39,82.46,0.0,0.5179
2020-03-02,22.6,10.62,764.39,278.44,16.8,1.61,145.2,82.22,0.2,0.5256799999999999
2020-03-03,23.92,10.1,763.91,289.08,17.31,1.43,147.04,75.82,0.0,0.47950000000000004
2020-03-11,21.13,10.32,763.76,299.72,16.32,1.9,93.79,84.54,0.7,0.41074
2020-03-15,22.19,4.5,765.09,284.41,15.85,1.81,138.9,86.6,0.0,0.37233
2020-03-18,24.84,7.46,765.11,321.96,16.25,1.73,170.31,80.16,0.0,0.22046000000000002
2020-03-19,24.86,8.43,765.5,341.97,15.95,2.18,148.2,79.13,0.0,0.29992
2020-03-21,25.17,6.16,765.58,286.56,15.07,1.6,161.78,79.2,0.4,0.27822
2020-03-23,24.52,11.05,765.56,322.9,15.78,1.76,155.09,78.51,0.0,0.40911000000000003
2020-03-24,27.28,15.03,765.1,317.7,16.27,1.95,136.85,81.23,0.0,0.57648
2020-03-26,23.82,7.87,763.4,283.22,16.35,1.93,136.96,82.27,0.0,0.53828
2020-04-03,19.19,8.67,763.4,274.31,16.42,1.22,160.51,76.67,0.0,0.35292
2020-04-04,18.59,7.43,762.84,295.99,16.32,1.78,157.8,79.87,0.0,0.47894000000000003
2020-04-14,21.45,3.3,765.85,271.06,15.32,1.99,119.29,86.16,0.7,0.49434
2020-04-17,33.19,9.25,765.71,266.78,15.68,1.4,130.12,81.03,14.4,0.38792000000000004
2020-04-19,27.27,5.55,765.62,284.59,15.68,1.47,85.49,84.24,0.1,0.23019
2020-04-20,23.49,12.43,765.39,296.96,16.12,1.72,145.31,77.29,0.0,0.19661
2020-04-22,21.12,6.64,765.48,295.22,15.92,1.73,116.5,79.62,0.2,0.33279000000000003
2020-04-23,21.04,5.15,765.1,234.77,15.28,1.71,65.06,86.36,0.5,0.59
2020-04-24,20.49,5.96,764.91,272.92,15.62,1.86,114.54,83.35,0.2,0.44555
2020-04-29,18.92,7.56,764.79,227.55,16.2,1.77,82.23,84.7,0.0,0.48614999999999997
2020-04-30,19.56,7.9,765.31,235.21,16.28,1.65,111.81,84.85,0.2,0.5631
2020-05-08,18.53,8.54,764.52,275.05,16.35,1.74,135.93,82.68,0.0,0.34597000000000006
2020-05-09,17.41,5.39,764.7,244.38,17.62,1.2,112.02,74.48,0.0,0.31821
2020-05-10,18.45,7.61,765.36,218.75,16.69,1.41,169.45,76.21,0.0,0.47514999999999996
2020-05-11,18.32,6.3,765.74,238.23,16.26,1.78,109.77,83.88,2.3,0.27167
2020-05-24,16.88,7.3,764.5,240.96,16.92,1.22,79.36,74.79,0.0,0.41120999999999996
2020-05-26,16.19,14.14,763.9,233.03,17.75,1.23,162.66,61.25,0.5,0.28176
2020-05-27,20.62,11.99,764.62,282.22,15.87,1.88,156.41,77.52,0.1,0.28372
2020-05-28,18.85,9.09,765.57,232.37,14.88,2.04,128.04,84.36,0.0,0.46357
2020-05-29,18.47,13.33,765.8,186.02,14.68,1.77,102.94,85.74,4.0,0.433
2020-05-31,16.09,4.9,766.0,201.17,15.12,1.64,117.96,87.83,0.4,0.39252
2020-06-04,17.71,11.65,764.15,283.64,16.54,1.52,169.89,77.2,0.0,0.16409
2020-06-10,23.98,10.4,765.81,273.75,15.08,1.77,173.72,78.29,0.0,0.46823000000000004
2020-06-11,26.46,14.29,765.7,269.17,15.42,1.93,117.03,77.51,0.0,0.23583
2020-06-12,22.43,10.33,765.08,243.62,15.5,1.63,84.19,83.4,0.4,0.446
2020-06-13,20.98,13.08,763.81,228.49,15.73,1.4,125.02,81.14,1.1,0.48964
2020-06-16,17.65,11.64,765.12,235.36,14.75,1.62,140.69,79.25,0.0,0.31519
2020-06-20,16.5,7.68,764.33,178.86,15.47,1.08,119.68,84.31,1.4,0.29088
2020-06-21,19.62,5.81,764.56,234.59,16.43,1.06,116.61,73.09,2.9,0.30156
2020-06-22,18.57,8.31,764.29,231.55,15.99,1.23,103.76,72.16,0.0,0.24561000000000002
2020-06-26,18.35,8.17,764.07,166.34,13.73,1.72,127.16,88.66,1.2,0.52378
2020-06-27,20.31,9.61,764.02,226.12,14.58,1.47,111.96,83.95,0.1,0.29148
2020-06-28,21.07,9.9,763.75,214.45,14.89,1.44,143.17,80.36,0.0,0.37279
2020-06-29,19.93,10.92,763.91,229.68,15.47,1.49,154.39,77.91,0.0,0.31545999999999996
2020-06-30,22.05,10.61,763.82,234.17,15.6,1.63,171.5,77.23,0.0,0.44256
2020-07-09,19.89,12.94,763.96,212.23,15.62,1.08,104.86,77.81,0.0,0.26525
2020-07-15,25.12,9.25,764.05,208.28,15.96,1.03,146.77,62.79,0.4,0.22458000000000003
2020-07-16,28.18,11.65,764.04,220.08,16.31,1.08,170.31,57.48,0.0,0.06648000000000001
2020-07-18,35.51,7.9,763.65,296.52,16.53,1.63,100.03,56.04,0.0,0.23403000000000002
2020-07-21,23.31,9.31,764.21,215.96,14.65,1.4,59.28,83.06,0.0,0.38786000000000004
2020-07-24,22.26,9.09,764.84,212.91,14.41,1.5,159.93,85.5,7.2,0.45307000000000003
2020-07-25,18.46,10.83,764.4,232.03,14.52,1.63,139.3,85.9,0.0,0.27656000000000003
2020-07-27,17.16,9.24,765.01,230.11,15.08,1.32,78.95,82.64,0.0,0.39606
2020-07-28,17.34,17.0,764.53,198.44,15.21,0.96,133.97,71.41,0.0,0.24789
2020-08-03,25.07,13.46,765.28,296.57,16.63,1.34,121.47,55.02,0.0,0.32280000000000003
2020-08-04,30.6,17.43,765.38,307.65,16.61,1.39,143.79,53.23,0.0,0.34823000000000004
2020-08-05,26.69,19.21,764.5,182.2,15.23,1.2,94.02,64.0,0.0,0.34718
2020-08-07,22.24,14.8,763.9,281.06,16.93,1.59,114.16,58.49,0.0,0.23905
2020-08-08,24.5,17.68,764.16,308.56,17.08,1.66,113.94,55.26,0.0,0.18497
2020-08-09,24.18,14.47,764.38,310.25,16.86,1.43,166.53,60.07,0.0,0.13003
2020-08-12,24.46,15.09,762.64,299.55,16.3,1.52,160.99,71.2,0.0,0.26594
2020-08-13,23.23,15.89,762.4,289.38,15.4,1.88,156.43,74.32,0.0,0.22734000000000001
2020-08-15,23.65,15.99,762.96,279.31,15.15,1.68,71.07,79.69,0.0,0.43657
2020-08-16,27.24,10.6,763.9,235.36,15.55,1.5,118.24,72.08,0.0,0.44414
2020-08-17,27.67,10.09,764.62,288.81,15.23,1.86,211.82,75.16,0.0,0.18055000000000002
2020-08-23,21.99,12.08,764.09,304.62,14.74,1.77,132.36,81.85,0.0,0.23328000000000002
2020-08-24,23.17,14.14,763.72,311.67,14.67,1.8,191.21,76.84,0.0,0.11558
2020-08-26,22.85,13.79,764.08,315.35,15.02,1.72,170.6,73.56,0.0,0.14212
2020-08-28,19.87,7.31,765.39,202.67,14.22,1.52,97.67,87.13,1.9,0.387
2020-08-30,26.13,10.01,764.67,291.0,15.06,1.23,149.14,79.24,5.9,0.16775
2020-08-31,31.36,11.52,764.43,294.37,15.5,1.42,180.56,73.98,0.0,0.10484
2020-09-04,24.74,14.3,763.34,285.55,15.93,1.22,104.22,76.23,0.0,0.36033
2020-09-07,27.13,11.59,763.22,305.77,14.41,1.95,141.22,81.69,0.0,0.47109
2020-09-08,30.22,7.88,763.73,221.06,14.46,1.7,168.64,80.47,0.0,0.39238
2020-09-11,31.44,16.87,763.78,262.1,16.08,1.44,146.24,65.29,0.0,0.32433
2020-09-13,34.3,8.73,763.53,271.34,17.21,1.47,118.19,52.02,0.0,0.25610000000000005
2020-09-14,35.36,12.9,764.96,287.8,17.18,1.4,136.35,55.76,0.0,0.35775
2020-09-17,31.62,16.2,764.78,262.86,14.49,1.34,155.5,82.57,10.6,0.19990000000000002
2020-09-18,26.29,18.19,764.73,252.18,15.05,1.44,149.62,80.98,0.2,0.45747000000000004
2020-09-20,29.17,12.24,763.74,266.18,16.22,1.3,136.18,74.99,0.0,0.31355
2020-09-22,30.51,11.96,763.74,329.66,16.22,1.57,133.58,73.39,0.0,0.21778999999999998
2020-09-24,29.67,14.51,765.11,214.35,15.57,1.51,70.6,73.94,0.6,0.553
2020-09-26,31.19,15.58,765.18,324.01,14.92,1.62,198.79,73.36,0.0,0.26563
2020-09-27,32.99,15.15,763.54,288.17,15.82,1.79,127.91,75.03,0.0,0.17929
2020-09-29,27.13,12.33,763.04,310.8,15.73,1.41,138.38,76.33,9.6,0.37828
2020-10-01,30.37,12.64,763.15,287.51,16.11,1.44,85.54,66.65,0.0,0.40863
2020-10-02,26.68,13.87,762.83,304.56,14.64,1.47,187.47,70.4,0.0,0.11487000000000001
2020-10-06,33.64,10.68,763.43,311.71,15.74,1.56,182.18,65.08,0.0,0.38168
2020-10-09,55.74,10.28,764.66,309.17,18.08,1.31,106.14,46.92,0.0,0.32368
2020-10-10,54.81,10.03,764.19,337.95,17.87,1.64,145.6,41.61,0.0,0.1447
2020-10-12,40.61,11.48,763.13,286.34,15.39,1.5,131.7,73.43,0.0,0.23700000000000002
2020-10-13,39.21,16.82,763.57,222.02,15.32,1.5,176.12,70.1,0.0,0.5521900000000001
2020-10-17,25.26,11.48,762.74,279.93,16.19,1.79,157.05,74.23,0.0,0.36863
2020-10-18,30.81,7.33,763.09,219.69,15.83,1.58,153.76,80.73,0.1,0.483
2020-10-19,30.82,8.23,763.26,266.84,15.17,1.4,102.91,83.94,28.6,0.28288
2020-10-20,30.72,16.1,763.32,326.87,14.94,1.72,137.65,83.34,0.6,0.31883999999999996
2020-10-24,29.51,14.48,764.97,273.53,14.76,1.72,119.47,82.06,0.1,0.47132999999999997
2020-10-26,33.4,9.13,763.84,331.37,16.83,1.77,122.57,75.03,4.4,0.24414
2020-10-29,34.48,17.14,763.76,305.56,15.87,2.04,163.27,79.12,0.0,0.34426
2020-10-30,26.91,11.88,764.61,228.59,15.38,1.8,134.03,78.68,0.0,0.28382999999999997
2020-11-01,28.16,11.16,764.64,303.77,14.9,1.85,146.92,79.23,0.0,0.19982
2020-11-02,25.22,14.81,764.36,303.7,14.6,1.73,201.38,72.43,0.0,0.24014
2020-11-03,26.08,15.98,764.44,330.79,14.25,1.64,174.39,64.24,0.0,0.12102
2020-11-04,31.91,23.79,764.64,329.86,15.07,1.63,184.03,58.32,0.0,0.16556
2020-11-05,31.47,24.95,764.0,256.32,15.65,1.72,214.91,58.99,0.0,0.50016
2020-11-07,33.94,21.8,763.41,229.09,16.21,1.47,141.45,60.04,0.0,0.5186900000000001
2020-11-09,33.35,20.36,764.61,290.22,15.23,1.68,185.24,69.67,0.0,0.30954000000000004
2020-11-10,35.42,24.55,764.76,293.32,15.23,1.65,169.15,69.74,0.0,0.31945
2020-11-13,40.21,28.49,765.15,253.23,15.1,1.95,199.05,62.31,0.0,0.28013
2020-11-14,51.21,28.83,765.11,182.89,14.6,1.78,124.05,67.61,0.0,0.5885900000000001
2020-11-17,33.9,23.92,764.61,214.76,15.21,1.58,162.45,74.17,0.0,0.42172000000000004
2020-11-21,28.0,8.32,764.24,205.05,14.33,0.94,114.07,85.07,21.9,0.27001
2020-11-25,28.22,14.2,764.2,308.28,15.18,1.76,150.55,81.22,1.5,0.47344
2020-11-28,31.01,15.65,763.99,242.39,15.81,1.52,153.17,78.97,0.0,0.44232
2020-11-29,26.79,11.63,763.68,304.03,16.19,1.69,140.09,76.9,0.0,0.29156
2020-12-02,25.48,8.11,764.33,195.13,13.86,1.48,105.94,86.99,12.1,0.39951
2020-12-03,21.46,8.7,763.76,244.78,14.83,1.55,125.63,84.65,2.1,0.47774
2020-12-04,18.78,8.98,764.16,265.14,15.0,1.53,115.23,85.23,5.7,0.34257
2021-01-28,18.44,6.54,763.31,299.26,15.47,2.0,127.53,84.43,0.0,0.29596
2021-01-29,21.21,6.9,762.36,330.85,15.79,2.14,119.57,83.17,0.0,0.3522
2021-01-30,26.32,13.3,762.27,223.33,16.42,1.14,89.58,73.62,0.0,0.43835
2021-01-31,24.92,15.5,762.11,291.66,16.25,1.52,101.99,55.41,0.0,0.25708
2021-02-01,21.88,9.9,762.8,205.03,14.5,1.74,123.94,83.19,0.0,0.30824
2021-02-02,21.05,8.33,762.78,245.88,15.96,1.44,145.25,78.98,0.0,0.47634
2021-02-03,23.36,10.19,762.83,333.06,16.45,1.6,171.68,75.23,0.0,0.48336
2021-02-06,22.81,11.92,763.64,261.96,15.98,1.44,170.86,77.7,0.0,0.44232
2021-02-07,23.35,7.91,763.37,330.12,16.49,1.84,200.69,77.23,0.0,0.31226
2021-02-09,25.33,8.64,763.96,326.88,15.61,1.9,127.6,84.83,12.9,0.42692
2021-02-14,29.59,8.02,764.24,297.82,15.47,1.46,131.94,81.91,8.2,0.56418
2021-02-16,27.23,4.63,765.05,315.19,15.39,1.98,150.66,81.09,2.8,0.58353
2021-02-20,22.97,4.53,764.52,315.95,15.54,1.83,135.61,78.04,0.0,0.50673
2021-02-21,19.32,4.47,764.09,319.65,15.39,1.94,153.36,81.0,0.5,0.5816
2021-02-24,19.98,10.78,762.39,225.09,16.16,1.51,105.32,79.74,0.0,0.541
2021-04-02,21.38,6.71,762.36,260.36,16.43,1.72,124.1,82.73,0.0,0.17215
2021-04-06,16.6,10.69,763.32,291.27,16.09,1.43,161.31,77.77,0.0,0.5013
2021-04-07,17.85,13.53,763.81,267.58,15.66,1.65,166.98,79.3,0.0,0.5534
2021-04-13,17.54,10.1,763.1,258.95,17.2,1.26,155.82,64.42,0.0,0.41535000000000005
2021-04-14,18.32,12.22,763.74,274.75,15.97,1.75,164.94,79.08,0.0,0.41502
2021-04-16,21.08,8.71,763.81,258.0,15.62,1.89,105.19,84.56,0.0,0.46338
2021-04-20,18.11,11.95,764.51,292.88,15.14,1.4,185.49,81.58,0.0,0.20334000000000002
2021-04-21,23.0,7.68,764.97,249.02,15.53,1.46,131.47,80.85,2.0,0.19629
2021-04-23,21.8,8.44,764.24,297.11,15.71,1.99,116.68,85.55,2.6,0.5306799999999999
2021-04-25,24.17,7.3,763.96,297.87,16.17,1.74,126.73,82.06,0.0,0.42279000000000005
2021-04-27,20.48,9.85,764.54,226.3,14.89,1.32,110.43,84.47,1.5,0.37895999999999996
2021-05-04,18.14,11.16,765.75,287.48,15.07,1.53,154.12,82.87,0.0,0.24164
2021-05-06,21.68,6.15,765.7,257.68,15.17,1.54,135.15,81.05,4.2,0.45215
2021-05-07,18.55,11.47,765.37,265.94,15.3,1.21,141.82,84.16,0.1,0.49701
2021-05-09,16.01,9.95,763.96,300.69,15.9,1.4,126.51,83.19,0.0,0.32933999999999997
2021-05-11,13.52,8.59,763.3,248.8,16.14,1.24,62.07,79.43,0.0,0.598
2021-05-13,13.12,14.16,763.73,276.45,15.8,1.53,150.45,79.35,0.0,0.25211
2021-05-18,12.65,11.14,765.36,220.8,15.68,0.88,113.71,82.05,0.3,0.538
2021-05-20,17.08,11.41,763.73,276.21,17.06,1.36,135.76,74.98,0.0,0.12859
2021-05-21,15.47,10.9,763.7,248.57,16.46,1.51,151.69,77.96,0.0,0.27916
2021-05-22,16.33,5.61,764.03,234.21,15.79,1.59,75.51,86.41,0.0,0.598
2021-05-23,17.38,7.02,764.1,240.79,15.25,1.58,77.52,88.1,0.0,0.35574
2021-05-24,16.8,8.08,764.13,262.98,15.48,1.63,125.13,82.55,0.0,0.51228
2021-05-27,16.7,9.3,765.29,273.95,15.83,1.69,134.72,81.16,0.0,0.38591000000000003
2021-05-28,16.85,10.28,765.23,277.65,15.34,1.76,181.57,77.9,0.0,0.45403
2021-05-29,18.93,7.67,764.52,262.57,15.86,1.46,130.56,78.33,0.0,0.33694
2021-05-30,21.97,8.4,764.91,184.2,15.84,1.17,105.88,79.4,0.4,0.599
2021-05-31,15.51,12.89,765.4,175.7,15.36,1.04,148.52,80.2,0.6,0.41641000000000006
2021-06-01,16.0,13.8,764.58,253.47,15.36,1.45,147.16,83.35,0.9,0.38517
2021-06-03,19.84,14.67,764.24,256.02,16.19,1.58,141.94,78.01,0.0,0.24681
2021-06-12,21.31,14.78,764.71,264.52,15.99,1.71,165.04,79.89,4.4,0.22979
2021-07-14,22.14,15.48,764.87,302.48,14.96,1.44,168.84,75.87,0.0,0.23138999999999998
2021-07-15,23.01,16.01,764.62,290.75,16.03,1.33,129.11,73.52,0.0,0.22463999999999998
2021-07-16,22.15,15.63,764.29,229.53,15.06,1.72,154.4,77.92,0.1,0.38003
2021-07-18,19.72,10.68,764.88,228.69,15.26,1.18,121.51,78.23,0.9,0.369
2021-07-19,24.61,12.98,763.97,191.9,16.69,1.42,122.5,63.26,0.0,0.45674000000000003
2021-07-21,20.87,14.41,763.51,250.91,16.99,1.36,126.7,55.23,0.0,0.23138999999999998
2021-07-26,23.76,10.58,765.73,231.14,14.75,1.52,96.4,81.76,0.5,0.45792000000000005
2021-07-27,24.84,11.42,765.74,240.71,15.69,1.3,125.37,79.42,0.0,0.36508
2021-07-28,23.0,15.22,764.58,264.62,16.39,1.17,151.12,70.66,0.0,0.24216000000000001
2021-08-04,41.66,17.92,765.51,300.88,17.03,2.05,83.69,43.07,0.0,0.38012
2021-08-06,24.26,16.61,766.0,222.94,14.99,1.36,188.73,67.36,0.0,0.21968000000000001
2021-08-08,28.55,16.27,765.17,278.5,15.46,1.48,148.5,72.05,0.0,0.4173
2021-08-11,27.0,16.05,765.31,236.9,15.65,1.33,115.3,71.53,0.0,0.28892
2021-08-15,26.73,10.6,764.98,285.28,14.56,2.11,138.86,83.46,0.3,0.42918
2021-08-20,31.34,16.09,763.46,300.36,15.38,1.69,135.32,78.53,0.1,0.18878
2021-08-24,27.8,12.65,763.02,232.81,14.78,1.94,155.88,82.32,2.5,0.527
2021-08-31,27.0,15.96,764.22,255.46,15.04,1.23,167.85,77.53,0.7,0.35392
2021-09-01,21.83,16.35,764.02,216.34,15.43,1.2,107.37,74.55,0.0,0.53544
2021-09-02,24.91,12.23,764.53,248.62,15.95,1.36,111.58,77.21,0.0,0.45861
2021-09-03,20.36,18.54,764.29,269.9,15.53,1.37,173.23,73.08,0.0,0.44512
2021-09-04,25.44,13.57,763.65,266.6,15.96,1.63,123.12,74.75,0.0,0.34726999999999997
2021-09-05,31.35,10.62,763.82,228.98,15.25,1.76,150.75,76.25,0.0,0.43671
2021-09-07,22.49,13.73,764.45,221.09,15.05,1.25,181.84,75.45,0.0,0.52749
2021-09-11,25.66,11.85,764.87,211.77,14.94,1.61,125.64,81.41,0.0,0.581
2021-09-14,27.18,12.3,765.11,254.11,13.92,1.55,202.73,72.28,0.0,0.16378
2021-09-16,41.02,14.85,764.86,307.85,16.76,1.36,129.85,62.97,0.0,0.3093
2021-09-17,47.56,16.45,764.56,299.3,17.28,1.54,125.63,53.42,0.0,0.17584
2021-09-27,23.04,15.28,764.55,320.34,16.69,1.36,164.48,57.42,0.0,0.18415
2021-09-29,21.29,10.48,764.39,252.51,14.75,1.76,126.44,82.12,5.8,0.598
2021-10-07,22.43,15.75,762.95,297.41,15.8,1.87,171.62,79.58,0.0,0.27575
2021-10-09,31.1,13.36,763.8,311.67,15.72,1.89,124.24,76.74,0.0,0.37372000000000005
2021-10-11,23.88,17.43,764.12,222.23,15.52,1.24,160.41,81.63,9.3,0.31067
2021-10-12,23.3,17.17,764.09,289.2,15.59,1.34,152.03,82.85,0.0,0.40117
2021-10-14,23.73,11.35,763.4,244.65,15.64,1.54,113.21,84.47,0.1,0.29699000000000003
2021-10-18,25.2,14.97,764.46,264.8,15.15,1.22,120.22,82.9,5.0,0.40553
2021-10-20,30.27,11.78,765.86,298.44,14.99,1.72,145.03,83.43,6.6,0.28904
2021-10-22,25.53,15.12,764.95,261.86,14.48,1.57,158.26,82.92,0.1,0.21950999999999998
2021-10-23,28.57,8.12,764.96,232.17,14.65,1.32,154.59,84.8,10.6,0.42945
2021-10-25,36.64,10.36,766.35,249.7,15.06,1.16,151.08,82.55,7.0,0.45515
2021-10-27,23.09,14.76,764.9,273.46,16.01,1.5,172.75,79.07,0.0,0.24129
2021-10-28,27.69,13.49,765.12,289.32,16.32,1.47,114.86,78.6,0.0,0.26953
2021-10-30,31.75,12.79,765.0,287.04,14.69,1.35,130.63,82.78,16.3,0.36781
2021-11-05,21.67,14.39,764.41,261.67,15.29,1.75,184.83,76.87,0.0,0.31706
2021-11-06,28.27,11.49,764.64,257.23,15.87,1.6,141.08,79.21,0.0,0.48754000000000003
2021-11-07,30.82,10.93,764.95,283.21,15.73,1.62,124.55,77.02,0.0,0.43889
2021-11-11,25.22,9.35,764.24,304.12,15.91,1.79,110.85,75.5,0.0,0.49567
2021-11-14,26.83,7.88,763.75,315.49,15.95,1.78,155.46,77.21,1.3,0.38843
2021-11-15,23.91,8.75,763.98,293.17,15.73,1.68,132.17,78.02,0.1,0.39025
2021-11-19,19.34,5.6,764.67,200.68,13.83,1.94,129.88,88.06,6.8,0.53193
2021-11-26,24.77,13.33,764.52,269.8,14.68,1.32,141.01,84.47,0.2,0.48064
2021-11-27,23.6,17.65,764.04,304.94,15.32,1.36,145.09,82.27,4.1,0.50688
2021-11-28,23.82,14.42,763.59,309.56,14.6,1.69,136.95,83.35,0.1,0.21833000000000002
2021-12-21,15.66,8.11,763.99,258.79,14.51,1.99,125.24,89.79,1.4,0.40517000000000003
2021-12-22,16.05,9.03,764.67,246.1,14.96,1.95,119.2,87.76,0.0,0.5730000000000001
2021-12-23,15.31,9.88,764.81,289.55,15.8,1.83,136.52,84.64,0.0,0.26904
2021-12-24,20.05,10.45,764.6,306.74,16.37,1.86,148.6,80.55,0.0,0.34919
2021-12-26,31.83,15.91,764.74,315.71,15.75,1.66,134.13,81.5,4.4,0.33216
2021-12-30,23.48,11.9,764.09,273.96,15.59,1.84,125.61,84.47,0.0,0.57387
2021-12-31,22.19,22.41,763.41,295.33,15.65,1.97,135.85,83.63,0.0,0.46513
