Fecha,AOD,PM25
2016-07-11,317.0,10.385
2016-07-13,0.0,8.005
2016-07-15,0.0,23.349166666666665
2016-07-16,171.0,7.63125
2016-07-17,0.0,11.378333333333332
2016-07-18,0.0,7.437916666666666
2016-07-19,0.0,8.1975
2016-07-20,0.0,13.71375
2016-07-21,0.0,15.247916666666669
2016-07-22,0.0,10.514583333333333
2016-07-23,0.0,9.9475
2016-07-24,0.0,7.58625
2016-07-25,243.0,13.070416666666668
2016-07-26,0.0,11.627916666666666
2016-07-27,286.0,14.627083333333331
2016-07-28,0.0,7.900833333333334
2016-07-29,0.0,15.35125
2016-07-30,0.0,7.91875
2016-07-31,0.0,13.109166666666669
2016-08-01,0.0,16.029999999999998
2016-08-02,0.0,10.55875
2016-08-04,0.0,12.281666666666666
2016-08-05,0.0,14.135
2016-08-06,0.0,16.590833333333332
2016-08-07,0.0,15.074166666666663
2016-08-08,158.0,18.622916666666665
2016-08-09,0.0,19.06875
2016-08-10,204.0,20.21291666666667
2016-08-12,0.0,12.95625
2016-08-13,0.0,10.485416666666667
2016-08-14,0.0,11.375
2016-08-15,0.0,19.15833333333333
2016-08-16,0.0,20.0475
2016-08-17,0.0,15.027916666666668
2016-08-19,0.0,12.052916666666668
2016-08-20,0.0,12.002916666666666
2016-08-22,0.0,12.761666666666663
2016-08-24,0.0,9.67125
2016-08-25,319.0,9.313636363636364
2016-08-26,0.0,16.2825
2016-08-27,105.0,19.035
2016-08-28,0.0,24.28142857142857
2016-08-29,0.0,15.965416666666668
2016-08-31,0.0,19.695
2016-09-01,0.0,14.560416666666669
2016-09-02,0.0,14.835833333333332
2016-09-03,358.0,10.386666666666668
2016-09-05,0.0,9.789583333333336
2016-09-06,0.0,14.882083333333332
2016-09-07,0.0,11.58125
2016-09-08,174.0,14.013333333333334
2016-09-09,0.0,14.3125
2016-09-10,105.0,11.34875
2016-09-11,0.0,10.019583333333332
2016-09-12,303.0,9.885416666666666
2016-09-13,0.0,7.982083333333333
2016-09-14,0.0,8.657083333333334
2016-09-15,0.0,11.653333333333334
2016-09-16,0.0,10.085833333333332
2016-09-17,190.0,20.915000000000003
2016-09-18,0.0,16.294999999999998
2016-09-19,160.0,18.517916666666668
2016-09-20,0.0,8.945
2016-09-21,0.0,13.217083333333331
2016-09-22,0.0,19.716666666666665
2016-09-23,0.0,15.91625
2016-09-24,0.0,10.009583333333332
2016-09-25,0.0,8.82
2016-09-26,28.0,13.67625
2016-09-27,0.0,16.93
2016-09-28,0.0,13.600416666666668
2016-09-29,0.0,12.409999999999998
2016-09-30,0.0,13.15375
2016-10-01,232.0,12.797083333333331
2016-10-02,0.0,12.7175
2016-10-03,297.0,15.983333333333334
2016-10-04,0.0,16.410833333333333
2016-10-05,0.0,12.55125
2016-10-06,342.0,16.462083333333332
2016-10-07,0.0,17.974166666666665
2016-10-08,233.0,11.527916666666668
2016-10-09,0.0,10.84625
2016-10-10,220.0,13.756666666666668
2016-10-11,0.0,16.080000000000002
2016-10-12,0.0,10.27
2016-10-13,0.0,12.444166666666668
2016-10-14,0.0,21.532083333333333
2016-10-16,0.0,6.380476190476191
2016-10-17,0.0,10.686666666666667
2016-10-18,0.0,19.441666666666663
2016-10-19,364.0,14.97625
2016-10-20,0.0,17.605
2016-10-21,184.0,15.364166666666668
2016-10-22,0.0,14.727916666666664
2016-10-23,0.0,9.674583333333333
2016-10-24,0.0,8.943333333333333
2016-10-25,0.0,16.009583333333335
2016-10-26,0.0,11.847083333333332
2016-10-27,0.0,15.4975
2016-10-28,230.0,17.056250000000002
2016-10-29,0.0,18.321666666666665
2016-10-30,392.0,14.519166666666663
2016-10-31,268.0,16.4775
2016-11-01,0.0,16.1725
2016-11-02,271.0,15.0325
2016-11-03,0.0,12.215416666666668
2016-11-04,0.0,11.556666666666668
2016-11-05,0.0,13.664166666666668
2016-11-06,0.0,10.961666666666666
2016-11-07,99.0,13.586666666666666
2016-11-08,0.0,16.857083333333332
2016-11-09,0.0,14.222916666666668
2016-11-10,0.0,9.092083333333331
2016-11-11,0.0,10.47125
2016-11-12,243.0,12.894583333333337
2016-11-13,0.0,11.290416666666667
2016-11-14,0.0,11.365833333333336
2016-11-15,0.0,13.77875
2016-11-16,0.0,12.995
2016-11-17,0.0,17.37666666666667
2016-11-18,0.0,14.355416666666663
2016-11-19,0.0,19.97208333333333
2016-11-20,0.0,17.255416666666665
2016-11-22,0.0,14.125833333333333
2016-11-23,0.0,14.86375
2016-11-24,0.0,15.146666666666668
2016-11-25,0.0,16.499166666666667
2016-11-26,0.0,10.504166666666666
2016-11-27,0.0,13.367391304347825
2016-11-28,323.0,12.224583333333332
2016-11-29,0.0,7.422916666666667
2016-11-30,0.0,7.947916666666667
2016-12-01,121.0,12.14625
2016-12-02,0.0,14.112083333333333
2016-12-04,0.0,11.350833333333334
2016-12-05,0.0,12.987083333333333
2016-12-06,0.0,16.68583333333333
2016-12-07,0.0,23.23375
2016-12-08,0.0,13.654583333333331
2016-12-09,0.0,22.325416666666666
2016-12-10,0.0,16.481666666666666
2016-12-11,0.0,12.939166666666669
2016-12-12,0.0,14.729166666666666
2016-12-13,0.0,13.661666666666669
2016-12-14,358.0,14.538333333333334
2016-12-15,0.0,17.332916666666666
2016-12-16,0.0,14.300416666666663
2016-12-17,0.0,17.48125
2016-12-18,0.0,14.464166666666666
2016-12-19,0.0,13.044166666666667
2016-12-20,0.0,15.514166666666668
2016-12-21,0.0,15.045416666666666
2016-12-22,0.0,20.159166666666668
2016-12-23,0.0,13.038333333333334
2016-12-24,0.0,16.168333333333333
2016-12-25,0.0,11.872083333333334
2016-12-26,0.0,9.55625
2016-12-27,0.0,14.201666666666666
2016-12-28,377.0,19.007916666666667
2016-12-29,0.0,15.844583333333333
2016-12-31,0.0,12.061666666666667
2017-01-01,0.0,13.57875
2017-01-02,0.0,19.678571428571427
2017-01-03,0.0,19.195833333333333
2017-01-04,0.0,11.460833333333332
2017-01-05,0.0,10.06
2017-01-06,0.0,13.96625
2017-01-07,0.0,10.0625
2017-01-08,0.0,9.955
2017-01-09,0.0,14.7175
2017-01-10,0.0,16.19625
2017-01-11,0.0,19.561666666666667
2017-01-12,0.0,18.38083333333333
2017-01-13,0.0,16.361250000000002
2017-01-14,0.0,12.079166666666666
2017-01-15,0.0,12.818333333333332
2017-01-16,0.0,15.835833333333332
2017-01-17,0.0,13.622083333333334
2017-01-18,0.0,15.8425
2017-01-20,0.0,15.973333333333334
2017-01-21,0.0,14.055416666666666
2017-01-22,0.0,12.735416666666666
2017-01-23,0.0,23.41708333333333
2017-01-26,0.0,26.044166666666666
2017-01-27,0.0,23.73958333333333
2017-01-28,0.0,21.078333333333333
2017-01-29,0.0,19.10458333333333
2017-01-30,0.0,19.045
2017-01-31,0.0,20.65791666666667
2017-02-01,0.0,21.66095238095238
2017-02-02,0.0,26.31
2017-02-03,0.0,15.043333333333337
2017-02-04,0.0,19.25375
2017-02-05,0.0,14.610416666666666
2017-02-06,0.0,18.90875
2017-02-07,0.0,10.739583333333334
2017-02-08,0.0,7.1295
2017-02-09,0.0,10.6075
2017-02-10,0.0,20.95125
2017-02-12,0.0,15.037083333333332
2017-02-13,0.0,16.16208333333333
2017-02-14,0.0,16.705416666666668
2017-02-15,0.0,16.875416666666666
2017-02-16,0.0,17.54190476190476
2017-02-17,0.0,16.566499999999998
2017-02-18,0.0,13.712083333333332
2017-02-19,0.0,10.967916666666667
2017-02-20,0.0,11.29125
2017-02-21,0.0,13.018636363636364
2017-02-22,331.0,17.648636363636363
2017-02-23,0.0,15.64375
2017-02-24,0.0,21.50916666666667
2017-02-25,0.0,20.59541666666667
2017-02-26,0.0,15.214583333333332
2017-02-27,0.0,17.045833333333334
2017-02-28,0.0,16.237083333333334
2017-03-01,243.0,16.082916666666666
2017-03-02,0.0,17.1525
2017-03-03,0.0,9.944583333333332
2017-03-04,0.0,11.462083333333332
2017-03-05,0.0,12.417083333333332
2017-03-06,0.0,16.607916666666664
2017-03-07,0.0,16.477083333333333
2017-03-08,0.0,15.246249999999998
2017-03-09,0.0,20.30625
2017-03-10,0.0,13.473333333333334
2017-03-11,0.0,11.687083333333334
2017-03-12,0.0,13.144583333333337
2017-03-13,0.0,17.642083333333336
2017-03-14,0.0,20.828333333333333
2017-03-15,0.0,23.342916666666667
2017-03-16,0.0,23.095416666666665
2017-03-17,0.0,18.3625
2017-03-18,0.0,17.115416666666665
2017-03-19,0.0,20.66272727272727
2017-03-20,0.0,13.6675
2017-03-21,0.0,17.262083333333333
2017-03-22,0.0,20.58708333333333
2017-03-23,0.0,16.815
2017-03-24,0.0,16.908333333333335
2017-03-25,0.0,15.183750000000002
2017-03-26,0.0,15.061666666666667
2017-03-27,0.0,15.0575
2017-03-28,0.0,20.025
2017-03-29,0.0,19.38190476190476
2017-04-03,0.0,12.388
2017-04-04,0.0,16.516666666666666
2017-04-05,0.0,17.610416666666666
2017-04-06,0.0,8.713333333333333
2017-04-07,0.0,9.5875
2017-04-08,0.0,9.174583333333333
2017-04-09,317.0,14.919166666666667
2017-04-10,0.0,12.295
2017-04-11,0.0,16.366249999999997
2017-04-12,0.0,16.65041666666667
2017-04-13,0.0,14.067916666666669
2017-04-14,30.0,11.861666666666666
2017-04-15,0.0,19.19625
2017-04-16,0.0,12.037916666666666
2017-04-17,0.0,9.795416666666666
2017-04-18,0.0,14.072857142857142
2017-04-19,0.0,15.62375
2017-04-20,0.0,20.6125
2017-04-21,0.0,16.184583333333332
2017-04-22,0.0,17.55666666666667
2017-04-23,0.0,15.604166666666666
2017-04-24,0.0,18.609166666666667
2017-04-25,302.0,12.17625
2017-04-26,0.0,15.150833333333331
2017-04-27,141.0,8.140416666666667
2017-04-28,0.0,10.997916666666669
2017-04-29,0.0,11.360416666666666
2017-04-30,304.0,6.802499999999999
2017-05-01,0.0,8.273333333333333
2017-05-02,338.0,13.054583333333332
2017-05-03,0.0,13.39375
2017-05-04,0.0,8.5375
2017-05-05,0.0,19.91333333333333
2017-05-06,0.0,11.502916666666666
2017-05-07,0.0,13.21375
2017-05-08,0.0,19.15375
2017-05-09,0.0,15.236666666666666
2017-05-10,0.0,14.84875
2017-05-11,0.0,17.163333333333334
2017-05-12,0.0,12.44875
2017-05-13,0.0,15.058333333333332
2017-05-14,0.0,17.250833333333333
2017-05-15,272.0,18.13208333333333
2017-05-16,0.0,15.614999999999998
2017-05-17,0.0,16.534166666666668
2017-05-18,0.0,24.508333333333336
2017-05-19,0.0,15.712083333333334
2017-05-20,0.0,12.3575
2017-05-21,30.0,10.938333333333333
2017-05-22,0.0,10.995
2017-05-23,114.0,9.6525
2017-05-24,0.0,9.383333333333336
2017-05-25,0.0,6.438333333333333
2017-05-26,0.0,9.718333333333334
2017-05-27,0.0,12.366
2017-05-28,37.0,12.648333333333332
2017-05-29,0.0,14.0
2017-05-30,0.0,14.136666666666663
2017-05-31,0.0,11.915
2017-06-01,0.0,16.794166666666666
2017-06-02,0.0,10.4875
2017-06-03,0.0,11.78375
2017-06-04,0.0,13.103333333333332
2017-06-05,0.0,17.208333333333332
2017-06-06,0.0,14.32
2017-06-07,0.0,13.7255
2017-06-08,25.0,12.4
2017-06-09,88.0,17.357083333333332
2017-06-10,0.0,8.995833333333334
2017-06-11,0.0,9.540666666666665
2017-06-12,0.0,10.456
2017-06-13,0.0,8.849166666666667
2017-06-14,0.0,7.88375
2017-06-15,0.0,9.192083333333334
2017-06-16,301.0,12.012083333333337
2017-06-17,0.0,9.5975
2017-06-18,347.0,16.444166666666668
2017-06-19,0.0,19.69125
2017-06-20,302.0,16.16625
2017-06-21,0.0,7.38625
2017-06-22,40.0,10.411666666666669
2017-06-23,0.0,10.872916666666669
2017-06-24,125.0,10.544166666666667
2017-06-25,0.0,8.076666666666666
2017-06-26,0.0,10.149166666666668
2017-06-28,0.0,8.960833333333333
2017-06-29,0.0,7.893333333333333
2017-06-30,0.0,7.802499999999999
2017-07-01,209.0,9.007083333333332
2017-07-02,0.0,10.99375
2017-07-03,0.0,12.065833333333332
2017-07-04,0.0,11.06375
2017-07-05,0.0,15.086666666666666
2017-07-06,0.0,10.929583333333332
2017-07-07,0.0,10.275416666666668
2017-07-08,0.0,12.707083333333332
2017-07-09,0.0,8.25125
2017-07-10,0.0,11.07375
2017-07-11,275.0,11.5725
2017-07-12,0.0,14.0775
2017-07-13,343.0,11.535416666666668
2017-07-14,0.0,14.610416666666666
2017-07-15,101.0,10.782916666666669
2017-07-16,0.0,16.173750000000002
2017-07-17,0.0,13.502916666666666
2017-07-18,0.0,21.0475
2017-07-19,0.0,24.435
2017-07-20,0.0,23.515833333333333
2017-07-21,0.0,15.252916666666666
2017-07-22,0.0,16.067083333333333
2017-07-23,0.0,8.549999999999999
2017-07-24,0.0,20.58333333333333
2017-07-25,0.0,16.54375
2017-07-26,0.0,16.255416666666665
2017-07-27,330.0,15.481666666666667
2017-07-28,0.0,20.55125
2017-07-29,284.0,16.48875
2017-07-30,0.0,15.454166666666666
2017-07-31,0.0,17.35875
2017-08-01,0.0,12.884583333333332
2017-08-02,0.0,17.787916666666668
2017-08-03,0.0,10.215
2017-08-04,0.0,10.965833333333334
2017-08-05,0.0,5.758333333333333
2017-08-06,0.0,7.064117647058824
2017-08-07,0.0,10.51875
2017-08-08,0.0,8.625714285714285
2017-08-09,0.0,11.989583333333334
2017-08-10,0.0,9.653333333333334
2017-08-11,0.0,13.57625
2017-08-12,0.0,12.969583333333333
2017-08-13,0.0,10.77
2017-08-14,0.0,9.068636363636363
2017-08-15,0.0,13.845
2017-08-16,0.0,20.209166666666665
2017-08-17,284.0,12.9325
2017-08-18,0.0,13.756666666666668
2017-08-19,0.0,14.875
2017-08-20,0.0,14.415416666666667
2017-08-21,0.0,12.555833333333334
2017-08-22,0.0,8.586666666666668
2017-08-23,0.0,13.329166666666666
2017-08-24,334.0,10.707083333333337
2017-08-25,0.0,13.58875
2017-08-26,0.0,7.72375
2017-08-27,0.0,12.804583333333332
2017-08-28,0.0,14.333333333333334
2017-08-29,0.0,18.465
2017-08-30,0.0,16.39
2017-08-31,344.0,17.490416666666665
2017-09-01,0.0,11.900416666666668
2017-09-03,0.0,14.801666666666668
2017-09-04,0.0,13.325833333333334
2017-09-05,0.0,15.347499999999998
2017-09-06,0.0,19.24458333333333
2017-09-08,0.0,12.940833333333332
2017-09-09,322.0,13.925
2017-09-10,0.0,7.238333333333333
2017-09-11,0.0,10.64375
2017-09-12,0.0,9.136666666666668
2017-09-13,0.0,14.18
2017-09-14,0.0,12.9
2017-09-15,0.0,16.44333333333333
2017-09-16,0.0,8.530833333333334
2017-09-17,0.0,14.0325
2017-09-19,0.0,13.432083333333331
2017-09-20,0.0,15.630833333333332
2017-09-21,0.0,15.301666666666668
2017-09-22,0.0,10.324583333333331
2017-09-23,0.0,18.105833333333333
2017-09-24,0.0,8.3325
2017-09-25,0.0,12.344583333333333
2017-09-26,0.0,12.902500000000002
2017-09-27,0.0,7.608333333333333
2017-09-28,248.0,9.308333333333334
2017-09-29,0.0,15.35875
2017-09-30,0.0,12.07375
2017-10-01,0.0,8.828333333333333
2017-10-02,0.0,15.450416666666667
2017-10-03,0.0,17.270833333333332
2017-10-04,0.0,13.49875
2017-10-05,0.0,23.535416666666663
2017-10-06,0.0,15.526666666666666
2017-10-07,0.0,12.746250000000002
2017-10-08,0.0,12.205
2017-10-09,0.0,10.384166666666667
2017-10-10,0.0,12.095416666666669
2017-10-12,0.0,15.321666666666667
2017-10-13,208.0,18.839166666666667
2017-10-15,0.0,14.53
2017-10-16,0.0,13.824166666666663
2017-10-17,0.0,16.082916666666666
2017-10-18,0.0,18.39238095238096
2017-10-19,0.0,15.503333333333332
2017-10-20,198.0,17.190833333333334
2017-10-21,246.0,12.546666666666669
2017-10-22,0.0,10.665833333333332
2017-10-24,0.0,14.772916666666667
2017-10-25,0.0,10.632916666666668
2017-10-26,0.0,13.40125
2017-10-27,0.0,18.36958333333333
2017-10-28,0.0,14.03875
2017-10-29,0.0,17.215833333333332
2017-10-30,0.0,17.385
2017-10-31,0.0,10.31375
2017-11-01,0.0,9.78625
2017-11-02,0.0,11.371249999999998
2017-11-03,0.0,8.785
2017-11-04,0.0,7.552499999999999
2017-11-05,0.0,9.302916666666668
2017-11-06,0.0,12.732083333333334
2017-11-07,0.0,17.479583333333334
2017-11-08,0.0,13.975833333333334
2017-11-09,169.0,14.79625
2017-11-10,0.0,19.3875
2017-11-11,0.0,13.325833333333334
2017-11-12,0.0,11.627083333333331
2017-11-13,0.0,12.66375
2017-11-14,0.0,14.4125
2017-11-15,0.0,13.6025
2017-11-16,324.0,12.34
2017-11-17,0.0,11.487083333333333
2017-11-18,0.0,13.72
2017-11-19,0.0,8.45
2017-11-20,0.0,8.62
2017-11-21,0.0,13.753333333333332
2017-11-22,0.0,18.04875
2017-11-23,0.0,15.548333333333334
2017-11-24,0.0,16.819583333333334
2017-11-25,0.0,12.614166666666668
2017-11-26,0.0,11.215833333333334
2017-11-28,0.0,11.797083333333331
2017-11-29,220.0,15.774761904761904
2017-11-30,0.0,17.059047619047618
2017-12-01,0.0,12.582083333333332
2017-12-02,0.0,14.317916666666669
2017-12-03,0.0,8.9975
2017-12-04,102.0,9.951666666666666
2017-12-05,0.0,13.567916666666669
2017-12-06,265.0,11.799090909090909
2017-12-07,128.0,15.87
2017-12-08,0.0,8.657272727272728
2017-12-10,0.0,10.32875
2017-12-11,0.0,8.00375
2017-12-12,0.0,7.681875
2017-12-13,290.0,8.703333333333333
2017-12-14,0.0,5.055
2017-12-15,312.0,8.645
2017-12-16,0.0,7.283333333333332
2017-12-17,0.0,15.5375
2017-12-19,0.0,20.630416666666665
2017-12-20,376.0,19.425
2017-12-21,0.0,14.32
2017-12-22,0.0,16.644166666666667
2017-12-23,0.0,18.379166666666663
2017-12-24,0.0,12.09095238095238
2017-12-25,0.0,9.825
2017-12-26,0.0,14.309583333333334
2017-12-27,341.0,16.180416666666666
2017-12-28,0.0,17.41375
2017-12-29,0.0,11.438333333333333
2017-12-30,0.0,12.8425
2017-12-31,301.0,12.325
2018-01-02,0.0,16.86916666666667
2018-01-03,0.0,20.10083333333333
2018-01-04,0.0,24.011666666666667
2018-01-05,0.0,23.425833333333333
2018-01-06,0.0,15.4975
2018-01-07,0.0,15.167916666666668
2018-01-08,0.0,13.442916666666669
2018-01-09,0.0,13.57125
2018-01-10,0.0,25.126666666666665
2018-01-11,0.0,22.065
2018-01-12,0.0,21.935
2018-01-13,0.0,16.580416666666668
2018-01-15,0.0,22.08875
2018-01-16,0.0,26.045
2018-01-17,244.0,20.56458333333333
2018-01-18,0.0,14.789166666666668
2018-01-19,0.0,19.115416666666665
2018-01-20,0.0,11.485
2018-01-21,0.0,13.714583333333332
2018-01-22,0.0,15.872916666666669
2018-01-23,0.0,18.63375
2018-01-25,0.0,13.665416666666667
2018-01-26,0.0,18.65375
2018-01-27,0.0,17.945416666666667
2018-01-28,232.0,15.79875
2018-01-29,0.0,14.536666666666669
2018-01-31,0.0,21.71625
2018-02-01,0.0,26.49416666666667
2018-02-02,0.0,25.1625
2018-02-03,0.0,21.42833333333333
2018-02-04,0.0,22.212083333333336
2018-02-05,0.0,27.2375
2018-02-06,0.0,25.9475
2018-02-08,0.0,20.26375
2018-02-12,0.0,19.1525
2018-02-13,0.0,18.3525
2018-02-14,38.0,16.88
2018-02-15,0.0,17.89818181818182
2018-02-16,0.0,22.42958333333333
2018-02-17,0.0,20.025
2018-02-18,0.0,26.76375
2018-02-22,0.0,26.782916666666665
2018-02-23,0.0,26.949166666666667
2018-02-24,188.0,19.90791666666667
2018-02-25,0.0,24.22958333333333
2018-02-26,0.0,25.95208333333333
2018-03-02,0.0,20.113333333333333
2018-03-03,0.0,24.59
2018-03-04,0.0,25.375454545454545
2018-03-05,0.0,18.41333333333333
2018-03-06,0.0,19.629166666666663
2018-03-07,0.0,26.620416666666667
2018-03-09,0.0,12.731666666666667
2018-03-10,0.0,13.394583333333337
2018-03-11,0.0,10.294583333333334
2018-03-12,0.0,16.997916666666665
2018-03-13,0.0,17.692380952380955
2018-03-14,0.0,15.640416666666669
2018-03-15,0.0,9.8625
2018-03-16,0.0,10.315
2018-03-17,0.0,10.53625
2018-03-18,0.0,11.979583333333332
2018-03-19,0.0,12.54875
2018-03-20,0.0,13.621666666666668
2018-03-21,371.0,16.99416666666667
2018-03-22,0.0,8.211666666666666
2018-03-23,0.0,20.725
2018-03-25,0.0,19.091666666666665
2018-03-26,0.0,11.6075
2018-03-27,0.0,20.074166666666667
2018-03-28,0.0,15.375833333333333
2018-03-29,0.0,8.393333333333333
2018-03-30,0.0,11.985833333333334
2018-03-31,0.0,13.00625
2018-04-01,371.0,9.301666666666668
2018-04-02,0.0,9.265
2018-04-03,386.0,13.417083333333332
2018-04-04,0.0,15.04375
2018-04-05,0.0,12.455555555555556
2018-04-06,361.0,17.116
2018-04-07,0.0,12.170416666666668
2018-04-08,0.0,12.4325
2018-04-09,0.0,17.96
2018-04-10,231.0,16.956315789473685
2018-04-11,0.0,14.763333333333334
2018-04-12,172.0,17.2475
2018-04-13,227.0,16.377083333333335
2018-04-14,0.0,15.84625
2018-04-15,274.0,14.412083333333332
2018-04-16,0.0,17.458333333333332
2018-04-17,179.0,11.672916666666666
2018-04-18,0.0,11.304166666666667
2018-04-19,0.0,10.290833333333332
2018-04-20,0.0,10.356818181818182
2018-04-21,0.0,13.52375
2018-04-22,0.0,16.7575
2018-04-23,0.0,12.630416666666669
2018-04-24,0.0,12.73375
2018-04-25,0.0,8.681666666666667
2018-04-26,96.0,10.959166666666668
2018-04-27,0.0,17.36625
2018-04-28,0.0,12.283333333333331
2018-04-29,0.0,14.870833333333332
2018-04-30,0.0,15.69625
2018-05-01,0.0,8.901666666666666
2018-05-02,0.0,8.222083333333334
2018-05-03,0.0,9.267083333333334
2018-05-04,0.0,18.464166666666667
2018-05-05,0.0,13.395833333333334
2018-05-06,237.0,13.025833333333331
2018-05-08,0.0,5.461
2018-05-09,0.0,9.08125
2018-05-10,0.0,8.528571428571428
2018-05-11,0.0,11.58
2018-05-12,0.0,15.863333333333337
2018-05-13,124.0,15.358333333333334
2018-05-14,184.0,12.008333333333333
2018-05-15,219.0,12.0875
2018-05-16,0.0,6.456666666666667
2018-05-17,0.0,7.519166666666667
2018-05-18,195.0,11.690416666666666
2018-05-19,0.0,9.118333333333334
2018-05-20,0.0,8.430416666666668
2018-05-21,0.0,10.599583333333332
2018-05-22,0.0,14.30375
2018-05-23,0.0,14.2425
2018-05-24,0.0,13.716666666666669
2018-05-25,0.0,12.70125
2018-05-26,0.0,6.270833333333333
2018-05-27,0.0,7.179166666666667
2018-05-28,0.0,11.839166666666666
2018-05-29,0.0,12.151666666666666
2018-05-30,0.0,12.8
2018-05-31,205.0,14.56714285714286
2018-06-01,0.0,13.505416666666669
2018-06-02,0.0,12.112083333333333
2018-06-03,0.0,9.737083333333333
2018-06-04,0.0,10.03
2018-06-05,178.0,8.33
2018-06-06,0.0,9.795
2018-06-07,0.0,5.8308333333333335
2018-06-08,190.0,6.93125
2018-06-09,0.0,8.169583333333334
2018-06-10,0.0,7.002916666666667
2018-06-11,0.0,6.452916666666667
2018-06-12,0.0,11.886250000000002
2018-06-13,0.0,12.966521739130435
2018-06-14,214.0,9.380833333333332
2018-06-15,0.0,10.583333333333334
2018-06-16,0.0,7.770416666666667
2018-06-17,0.0,8.71625
2018-06-18,0.0,8.660416666666666
2018-06-19,0.0,13.820833333333333
2018-06-20,0.0,14.889583333333334
2018-06-21,93.0,14.763333333333334
2018-06-22,0.0,20.398333333333333
2018-06-23,323.0,16.96375
2018-06-24,145.0,13.127083333333331
2018-06-25,0.0,10.905416666666667
2018-06-27,0.0,8.836
2018-06-28,71.0,11.303333333333333
2018-06-29,0.0,17.315416666666668
2018-06-30,0.0,10.40125
2018-07-01,84.0,7.659166666666667
2018-07-02,253.0,10.09375
2018-07-03,102.0,8.875
2018-07-04,0.0,9.130833333333332
2018-07-05,0.0,14.640833333333331
2018-07-06,0.0,16.735833333333332
2018-07-07,286.0,15.537916666666666
2018-07-08,0.0,11.79125
2018-07-09,0.0,17.0835
2018-07-10,36.0,16.955
2018-07-11,0.0,19.03333333333333
2018-07-12,0.0,18.2725
2018-07-13,0.0,17.199583333333333
2018-07-14,230.0,13.582083333333332
2018-07-15,0.0,11.014583333333334
2018-07-16,0.0,11.229166666666666
2018-07-17,0.0,19.57958333333333
2018-07-18,0.0,12.189166666666669
2018-07-19,0.0,10.595416666666669
2018-07-20,0.0,15.01375
2018-07-21,236.0,14.01625
2018-07-22,0.0,16.04375
2018-07-23,205.0,11.062083333333334
2018-07-24,0.0,16.85125
2018-07-25,0.0,13.794583333333334
2018-07-26,0.0,9.865833333333333
2018-07-27,0.0,19.67125
2018-07-28,0.0,23.324583333333333
2018-07-29,0.0,14.823333333333332
2018-07-30,0.0,22.823913043478264
2018-07-31,0.0,20.16
2018-08-01,107.0,13.409583333333332
2018-08-02,55.0,12.532916666666669
2018-08-04,0.0,20.16375
2018-08-05,308.0,18.77083333333333
2018-08-06,0.0,11.222499999999998
2018-08-07,0.0,17.000416666666666
2018-08-08,0.0,9.490833333333333
2018-08-09,0.0,13.754583333333334
2018-08-10,0.0,10.22
2018-08-11,0.0,17.081666666666667
2018-08-12,0.0,18.07375
2018-08-13,0.0,18.781666666666663
2018-08-14,286.0,13.922916666666666
2018-08-15,0.0,10.014583333333333
2018-08-16,0.0,19.14583333333333
2018-08-17,184.0,11.069583333333334
2018-08-19,263.0,12.694583333333334
2018-08-20,0.0,13.51875
2018-08-21,274.0,13.669583333333334
2018-08-22,0.0,14.933333333333332
2018-08-24,0.0,10.203333333333331
2018-08-25,0.0,8.856666666666667
2018-08-26,125.0,10.384583333333332
2018-08-27,0.0,17.60291666666667
2018-08-28,0.0,12.429583333333332
2018-08-29,0.0,20.2825
2018-08-30,0.0,13.113333333333332
2018-08-31,0.0,17.400833333333335
2018-09-02,0.0,21.15
2018-09-03,0.0,14.065714285714286
2018-09-04,268.0,14.031666666666666
2018-09-05,0.0,15.006666666666666
2018-09-06,0.0,17.247916666666665
2018-09-07,0.0,14.492916666666666
2018-09-08,351.0,10.504583333333333
2018-09-09,0.0,8.361666666666666
2018-09-10,0.0,12.871666666666668
2018-09-11,0.0,9.1025
2018-09-12,0.0,8.901666666666666
2018-09-13,0.0,9.240416666666668
2018-09-14,0.0,12.499583333333334
2018-09-15,0.0,14.442916666666669
2018-09-16,0.0,14.609583333333331
2018-09-17,0.0,23.6325
2018-09-18,0.0,19.11125
2018-09-19,0.0,15.109166666666669
2018-09-21,0.0,8.880416666666667
2018-09-22,0.0,6.765000000000001
2018-09-23,0.0,15.961666666666666
2018-09-25,0.0,15.8425
2018-09-26,0.0,14.430555555555555
2018-09-27,0.0,14.40304347826087
2018-09-28,0.0,12.360833333333334
2018-09-29,0.0,9.824166666666668
2018-09-30,0.0,13.169565217391304
2018-10-01,0.0,10.634166666666667
2018-10-02,0.0,9.125
2018-10-03,293.0,8.700476190476191
2018-10-04,387.0,7.27125
2018-10-05,0.0,6.899166666666666
2018-10-07,0.0,17.005
2018-10-08,322.0,15.72
2018-10-09,0.0,9.11625
2018-10-10,0.0,11.575833333333334
2018-10-11,0.0,11.203333333333331
2018-10-12,0.0,15.426666666666668
2018-10-13,0.0,16.343333333333334
2018-10-14,0.0,10.60608695652174
2018-10-19,0.0,17.32608695652174
2018-10-20,0.0,13.849166666666669
2018-10-21,0.0,10.287619047619048
2018-10-22,0.0,11.229166666666666
2018-10-23,0.0,10.465416666666666
2018-10-24,0.0,14.358260869565218
2018-10-25,0.0,13.349583333333332
2018-10-26,0.0,8.47
2018-10-27,0.0,10.90875
2018-10-28,0.0,9.794583333333334
2018-10-29,0.0,14.8225
2018-10-30,0.0,17.276666666666667
2018-10-31,0.0,15.235
2018-11-01,0.0,13.7
2018-11-02,0.0,12.994583333333331
2018-11-03,201.0,9.826086956521738
2018-11-04,273.0,10.467391304347826
2018-11-05,0.0,16.10625
2018-11-06,309.0,17.7675
2018-11-07,0.0,16.594583333333333
2018-11-09,0.0,11.765833333333331
2018-11-10,0.0,8.844166666666666
2018-11-11,0.0,8.018
2018-11-12,0.0,11.786666666666669
2018-11-13,315.0,12.270416666666668
2018-11-14,0.0,11.199583333333337
2018-11-16,0.0,11.785
2018-11-19,0.0,14.2275
2018-11-20,0.0,20.767083333333336
2018-11-21,0.0,12.923333333333332
2018-11-22,0.0,10.792083333333332
2018-11-23,0.0,9.762916666666667
2018-11-24,196.0,10.204166666666667
2018-11-25,0.0,11.934782608695652
2018-11-26,214.0,12.607083333333334
2018-11-27,0.0,8.925416666666667
2018-11-29,0.0,10.294347826086955
2018-11-30,0.0,14.42
2018-12-01,0.0,9.522916666666667
2018-12-02,0.0,11.109583333333331
2018-12-03,0.0,12.303333333333336
2018-12-04,0.0,8.278260869565218
2018-12-05,0.0,10.440416666666666
2018-12-06,0.0,17.540833333333335
2018-12-07,0.0,12.175
2018-12-08,0.0,10.20391304347826
2018-12-09,0.0,10.793478260869565
2018-12-10,368.0,11.795416666666666
2018-12-11,0.0,12.94875
2018-12-12,0.0,9.50125
2018-12-13,0.0,10.731304347826086
2018-12-14,0.0,15.52625
2018-12-15,0.0,10.24625
2018-12-16,0.0,12.582916666666668
2018-12-18,0.0,13.139166666666666
2018-12-20,0.0,13.907083333333333
2018-12-21,0.0,18.62454545454545
2018-12-23,0.0,5.455
2018-12-24,0.0,9.900833333333331
2018-12-25,0.0,7.94125
2018-12-26,0.0,8.885833333333332
2018-12-27,0.0,10.523333333333332
2018-12-29,0.0,13.075833333333334
2018-12-30,0.0,17.71
2018-12-31,0.0,12.253749999999998
2019-01-01,0.0,9.549583333333333
2019-01-02,0.0,11.688333333333333
2019-01-03,0.0,14.119166666666668
2019-01-04,0.0,18.201904761904764
2019-01-06,0.0,5.21
2019-01-07,218.0,19.120833333333334
2019-01-08,0.0,19.7475
2019-01-09,0.0,11.238333333333337
2019-01-10,0.0,20.472857142857144
2019-01-11,74.0,13.715217391304348
2019-01-12,0.0,10.930416666666666
2019-01-14,0.0,13.56
2019-01-15,292.0,18.84958333333333
2019-01-16,0.0,18.3025
2019-01-17,0.0,17.05333333333333
2019-01-18,0.0,15.764166666666666
2019-01-19,0.0,14.230416666666668
2019-01-20,323.0,17.281666666666666
2019-01-21,0.0,20.74125
2019-01-22,0.0,25.010416666666668
2019-01-24,0.0,15.228333333333332
2019-01-26,0.0,16.350416666666668
2019-01-27,303.0,11.76
2019-01-28,0.0,11.629166666666668
2019-01-29,0.0,19.37208333333333
2019-01-30,0.0,16.961666666666666
2019-01-31,0.0,14.269583333333337
2019-02-01,0.0,11.33
2019-02-02,0.0,9.195833333333333
2019-02-03,0.0,18.25
2019-02-04,0.0,18.8908695652174
2019-02-05,0.0,12.833333333333334
2019-02-06,0.0,15.682083333333331
2019-02-07,275.0,17.98
2019-02-08,0.0,10.284166666666666
2019-02-09,0.0,8.063333333333334
2019-02-10,0.0,7.129583333333334
2019-02-11,0.0,13.272916666666667
2019-02-12,0.0,18.836666666666662
2019-02-13,0.0,11.808333333333332
2019-02-14,0.0,14.981666666666667
2019-02-15,0.0,14.27375
2019-02-16,0.0,11.597916666666665
2019-02-17,0.0,21.121666666666663
2019-02-18,0.0,11.90625
2019-02-19,0.0,11.503333333333332
2019-02-20,0.0,12.936666666666667
2019-02-21,0.0,21.12125
2019-02-22,0.0,15.6825
2019-02-23,0.0,12.572916666666666
2019-02-24,0.0,8.880416666666667
2019-02-25,0.0,6.046666666666667
2019-02-26,0.0,7.695416666666667
2019-02-27,0.0,8.915833333333333
2019-02-28,0.0,20.209166666666665
2019-03-01,161.0,17.169166666666666
2019-03-02,0.0,12.530833333333334
2019-03-03,0.0,6.445
2019-03-04,0.0,11.91375
2019-03-05,0.0,12.89
2019-03-06,0.0,15.6375
2019-03-07,0.0,8.327083333333333
2019-03-08,0.0,9.155833333333334
2019-03-09,0.0,9.803333333333333
2019-03-10,0.0,6.4120833333333325
2019-03-11,0.0,7.509583333333333
2019-03-12,0.0,7.462499999999999
2019-03-13,0.0,13.730416666666663
2019-03-14,0.0,14.4325
2019-03-15,0.0,7.982083333333333
2019-03-16,0.0,6.56375
2019-03-17,0.0,8.665416666666667
2019-03-18,0.0,12.459
2019-03-19,0.0,5.771666666666667
2019-03-20,0.0,7.655
2019-03-21,0.0,6.312608695652174
2019-03-24,0.0,12.008333333333336
2019-03-25,0.0,15.972499999999998
2019-03-26,0.0,9.349166666666669
2019-03-27,212.0,8.304736842105262
2019-03-28,0.0,15.31
2019-03-31,0.0,21.518
2019-04-01,0.0,7.345333333333333
2019-04-02,0.0,8.646818181818182
2019-04-03,0.0,9.357916666666666
2019-04-04,0.0,13.5925
2019-04-05,0.0,11.665833333333332
2019-04-06,0.0,8.137083333333333
2019-04-07,0.0,14.009583333333332
2019-04-08,0.0,13.3
2019-04-09,0.0,16.2975
2019-04-10,0.0,12.821666666666664
2019-04-11,0.0,11.057083333333331
2019-04-12,0.0,6.424166666666667
2019-04-13,0.0,5.505416666666666
2019-04-14,0.0,13.09125
2019-04-15,0.0,10.3
2019-04-16,0.0,11.17590909090909
2019-04-17,0.0,8.349583333333333
2019-04-18,0.0,13.684583333333334
2019-04-19,0.0,17.350833333333334
2019-04-20,0.0,18.63958333333333
2019-04-21,0.0,14.9825
2019-04-22,0.0,11.244583333333331
2019-04-23,0.0,16.827916666666667
2019-04-24,0.0,12.39
2019-04-25,175.0,10.555416666666668
2019-04-26,0.0,14.814583333333331
2019-04-27,144.0,8.90375
2019-04-28,98.0,7.487391304347827
2019-04-29,0.0,13.150416666666668
2019-04-30,0.0,8.51125
2019-05-01,0.0,8.740416666666667
2019-05-02,0.0,7.465833333333333
2019-05-03,222.0,8.411666666666667
2019-05-04,0.0,7.599166666666666
2019-05-05,0.0,7.462916666666666
2019-05-06,0.0,5.029583333333334
2019-05-07,0.0,20.394166666666667
2019-05-08,362.0,5.463333333333334
2019-05-09,0.0,5.640833333333333
2019-05-10,14.0,8.744166666666667
2019-05-11,0.0,5.825833333333333
2019-05-13,0.0,8.778333333333334
2019-05-14,0.0,11.565833333333332
2019-05-15,0.0,15.677894736842106
2019-05-16,0.0,13.058
2019-05-17,0.0,9.39375
2019-05-18,0.0,6.715
2019-05-19,0.0,9.71875
2019-05-20,0.0,13.78
2019-05-21,0.0,15.96875
2019-05-22,0.0,14.78391304347826
2019-05-23,0.0,9.45625
2019-05-24,0.0,6.952916666666667
2019-05-25,0.0,9.789583333333333
2019-05-26,0.0,7.012083333333333
2019-05-27,0.0,8.506086956521738
2019-05-28,18.0,5.205416666666666
2019-05-29,56.0,7.16875
2019-05-30,0.0,5.150833333333334
2019-05-31,151.0,11.326666666666666
2019-06-01,0.0,8.454583333333334
2019-06-02,0.0,6.174166666666667
2019-06-03,0.0,9.472083333333332
2019-06-04,220.0,8.450000000000001
2019-06-05,0.0,10.38625
2019-06-06,0.0,15.610833333333332
2019-06-07,162.0,18.539583333333333
2019-06-08,0.0,16.44875
2019-06-09,350.0,9.130833333333332
2019-06-10,0.0,7.868749999999999
2019-06-11,263.0,13.846666666666666
2019-06-12,0.0,15.359583333333331
2019-06-13,0.0,20.16125
2019-06-15,0.0,8.90125
2019-06-16,0.0,10.752083333333331
2019-06-17,0.0,17.869583333333335
2019-06-18,242.0,17.794166666666666
2019-06-19,0.0,15.767083333333332
2019-06-20,0.0,14.439166666666669
2019-06-21,0.0,19.345
2019-06-22,0.0,13.245416666666666
2019-06-23,230.0,16.232083333333332
2019-06-24,0.0,13.617083333333332
2019-06-25,0.0,14.2375
2019-06-26,0.0,13.807083333333331
2019-06-27,0.0,8.18375
2019-06-28,0.0,9.612083333333333
2019-06-29,32.0,11.84375
2019-06-30,228.0,14.054583333333332
2019-07-01,0.0,8.592916666666666
2019-07-02,238.0,5.028333333333333
2019-07-03,0.0,6.577083333333333
2019-07-04,0.0,10.246666666666668
2019-07-05,0.0,15.938823529411769
2019-07-06,271.0,16.005416666666665
2019-07-07,0.0,13.08875
2019-07-08,267.0,13.065
2019-07-09,269.0,14.554545454545456
2019-07-10,0.0,15.324166666666663
2019-07-11,0.0,10.665
2019-07-12,0.0,7.077916666666667
2019-07-13,240.0,12.065833333333332
2019-07-14,0.0,13.04
2019-07-15,0.0,11.388333333333334
2019-07-16,0.0,9.33125
2019-07-17,0.0,11.547083333333331
2019-07-18,0.0,7.760833333333333
2019-07-19,0.0,6.59
2019-07-20,0.0,5.51875
2019-07-21,0.0,5.8175
2019-07-22,0.0,5.327083333333333
2019-07-23,0.0,10.703333333333331
2019-07-24,0.0,10.347083333333334
2019-07-25,0.0,6.104583333333333
2019-07-26,0.0,5.357916666666667
2019-07-27,0.0,8.706666666666667
2019-07-28,0.0,12.3575
2019-07-29,269.0,16.961666666666666
2019-07-30,0.0,21.5775
2019-07-31,0.0,10.914583333333333
2019-08-01,0.0,10.822916666666666
2019-08-02,0.0,5.7820833333333335
2019-08-03,0.0,5.664166666666667
2019-08-04,0.0,14.019166666666663
2019-08-05,0.0,12.675
2019-08-06,0.0,5.06125
2019-08-07,0.0,8.057083333333333
2019-08-08,0.0,12.410833333333334
2019-08-09,0.0,10.349583333333332
2019-08-10,0.0,6.422499999999999
2019-08-11,0.0,10.150833333333331
2019-08-12,0.0,6.665
2019-08-13,0.0,8.469583333333334
2019-08-14,0.0,7.12125
2019-08-15,0.0,8.430833333333334
2019-08-16,0.0,6.794583333333333
2019-08-17,0.0,6.34
2019-08-18,0.0,6.7125
2019-08-19,0.0,3.7079166666666654
2019-08-20,0.0,5.419583333333333
2019-08-21,0.0,8.495
2019-08-22,0.0,9.508333333333333
2019-08-23,0.0,13.260833333333332
2019-08-24,0.0,13.488333333333337
2019-08-25,0.0,13.910833333333334
2019-08-26,0.0,13.453333333333331
2019-08-27,0.0,14.95875
2019-08-28,0.0,8.025833333333333
2019-08-29,0.0,7.32125
2019-08-30,0.0,5.826249999999999
2019-08-31,0.0,12.262083333333337
2019-09-01,378.0,12.482916666666666
2019-09-02,0.0,11.824583333333337
2019-09-03,252.0,13.955
2019-09-04,0.0,9.24875
2019-09-05,0.0,8.2125
2019-09-06,0.0,7.955416666666667
2019-09-07,0.0,6.930833333333333
2019-09-08,0.0,8.480833333333333
2019-09-09,0.0,9.100416666666666
2019-09-10,0.0,13.690833333333332
2019-09-11,0.0,10.97375
2019-09-12,0.0,12.11125
2019-09-13,0.0,12.8375
2019-09-14,0.0,10.607083333333334
2019-09-15,0.0,9.337916666666668
2019-09-17,0.0,6.973000000000001
2019-09-18,0.0,11.583333333333334
2019-09-19,0.0,11.189583333333331
2019-09-20,0.0,11.9975
2019-09-21,0.0,8.78375
2019-09-22,0.0,6.043333333333333
2019-09-23,385.0,7.65375
2019-09-24,0.0,6.681666666666668
2019-09-25,0.0,10.744583333333331
2019-09-26,0.0,12.175
2019-09-27,0.0,12.938333333333333
2019-09-28,0.0,8.1625
2019-09-29,0.0,7.866666666666667
2019-09-30,0.0,8.38
2019-10-01,0.0,8.0
2019-10-02,0.0,10.615
2019-10-03,0.0,7.732083333333333
2019-10-04,0.0,4.89875
2019-10-05,0.0,4.953333333333333
2019-10-06,0.0,7.75625
2019-10-07,0.0,5.9375
2019-10-08,0.0,6.355416666666667
2019-10-09,0.0,11.719583333333333
2019-10-10,0.0,11.323333333333332
2019-10-11,0.0,10.11
2019-10-12,372.0,9.227916666666667
2019-10-13,0.0,10.014583333333333
2019-10-14,0.0,9.69875
2019-10-15,0.0,10.757083333333334
2019-10-16,336.0,9.944583333333334
2019-10-17,0.0,11.169166666666667
2019-10-18,0.0,19.023333333333333
2019-10-19,0.0,10.554583333333332
2019-10-20,0.0,8.959999999999999
2019-10-21,0.0,9.535
2019-10-22,0.0,9.20125
2019-10-23,304.0,9.299583333333333
2019-10-24,0.0,6.334166666666667
2019-10-25,0.0,8.141250000000001
2019-10-26,0.0,7.212916666666666
2019-10-28,0.0,11.750833333333333
2019-10-29,0.0,9.882916666666668
2019-10-30,0.0,12.3075
2019-10-31,0.0,7.797083333333333
2019-11-01,0.0,7.182083333333334
2019-11-02,338.0,12.851666666666668
2019-11-03,0.0,11.39125
2019-11-04,0.0,9.2225
2019-11-05,343.0,8.950000000000001
2019-11-06,0.0,10.2675
2019-11-07,314.0,7.391249999999999
2019-11-08,0.0,9.458333333333334
2019-11-09,306.0,7.784166666666667
2019-11-10,0.0,11.3375
2019-11-12,175.0,10.189166666666669
2019-11-13,0.0,10.694166666666666
2019-11-14,0.0,13.810833333333331
2019-11-15,0.0,8.982083333333334
2019-11-16,337.0,12.01
2019-11-17,0.0,8.777916666666666
2019-11-18,0.0,9.82625
2019-11-19,0.0,7.627916666666667
2019-11-20,0.0,7.720416666666666
2019-11-21,0.0,8.285
2019-11-22,0.0,8.461666666666668
2019-11-24,0.0,8.277083333333334
2019-11-25,314.0,10.18875
2019-11-26,0.0,13.70125
2019-11-27,0.0,7.299583333333333
2019-11-28,0.0,9.410833333333334
2019-11-29,0.0,10.5625
2019-11-30,0.0,8.034583333333334
2019-12-01,0.0,7.413333333333333
2019-12-02,0.0,8.762916666666667
2019-12-03,0.0,15.546666666666669
2019-12-04,136.0,10.402083333333334
2019-12-05,237.0,12.434166666666668
2019-12-06,0.0,7.9629166666666675
2019-12-07,0.0,6.916250000000001
2019-12-08,0.0,11.80375
2019-12-09,131.0,9.2775
2019-12-10,0.0,20.53375
2019-12-11,287.0,9.622916666666669
2019-12-12,0.0,20.999583333333334
2019-12-13,0.0,10.05125
2019-12-14,316.0,5.863333333333333
2019-12-15,0.0,11.606666666666667
2019-12-16,0.0,15.200833333333334
2019-12-17,0.0,15.23125
2019-12-18,0.0,12.45375
2019-12-19,0.0,10.327083333333333
2019-12-20,0.0,14.659583333333332
2019-12-21,0.0,11.7175
2019-12-22,0.0,10.042916666666668
2019-12-23,0.0,7.879166666666666
2019-12-24,0.0,7.260416666666667
2019-12-25,0.0,8.529166666666667
2019-12-26,0.0,6.315416666666667
2019-12-28,0.0,8.496666666666666
2019-12-29,0.0,8.989583333333334
2019-12-30,0.0,14.269583333333332
2019-12-31,0.0,11.806666666666668
2020-01-01,0.0,12.60125
2020-01-02,0.0,9.289583333333333
2020-01-03,0.0,7.85
2020-01-04,0.0,9.454583333333334
2020-01-05,0.0,10.847499999999998
2020-01-07,0.0,11.238333333333337
2020-01-08,0.0,14.937916666666666
2020-01-09,0.0,14.605833333333337
2020-01-10,0.0,9.5475
2020-01-11,0.0,12.733333333333334
2020-01-12,0.0,14.0375
2020-01-13,0.0,10.096666666666666
2020-01-14,291.0,11.558333333333332
2020-01-15,257.0,17.098333333333333
2020-01-16,0.0,13.587083333333332
2020-01-17,0.0,15.1075
2020-01-18,0.0,10.409583333333332
2020-01-19,349.0,8.508333333333333
2020-01-20,0.0,12.868333333333332
2020-01-21,0.0,16.395714285714284
2020-01-22,0.0,19.58809523809524
2020-01-23,0.0,18.357916666666664
2020-01-24,0.0,16.7
2020-01-25,0.0,16.197083333333335
2020-01-26,0.0,13.0875
2020-01-27,0.0,10.859411764705882
2020-01-28,0.0,18.357894736842105
2020-01-29,367.0,12.357916666666668
2020-01-30,0.0,8.172500000000001
2020-01-31,0.0,12.0975
2020-02-02,0.0,10.395
2020-02-03,0.0,18.336666666666662
2020-02-04,0.0,15.876666666666669
2020-02-05,0.0,9.692083333333334
2020-02-06,0.0,10.1125
2020-02-07,0.0,15.324166666666663
2020-02-08,0.0,15.5175
2020-02-09,0.0,8.347083333333332
2020-02-10,0.0,11.2875
2020-02-11,0.0,14.895416666666668
2020-02-12,0.0,11.26375
2020-02-13,0.0,10.648333333333332
2020-02-14,0.0,9.499166666666666
2020-02-15,235.0,13.9975
2020-02-16,0.0,13.635
2020-02-17,0.0,16.082916666666666
2020-02-18,0.0,18.12625
2020-02-19,0.0,13.135416666666666
2020-02-20,0.0,14.3925
2020-02-21,0.0,12.701666666666666
2020-02-22,0.0,11.839166666666666
2020-02-23,0.0,10.572083333333332
2020-02-25,0.0,18.51458333333333
2020-02-26,0.0,10.72
2020-02-27,0.0,9.69625
2020-02-28,0.0,14.46875
2020-02-29,0.0,15.020416666666668
2020-03-01,0.0,13.70375
2020-03-02,0.0,19.605416666666667
2020-03-03,0.0,7.1525
2020-03-04,0.0,11.808333333333332
2020-03-05,0.0,12.905
2020-03-07,0.0,13.694583333333334
2020-03-08,0.0,12.585416666666667
2020-03-09,0.0,12.871250000000002
2020-03-10,0.0,17.319166666666664
2020-03-11,277.0,24.188333333333333
2020-03-12,0.0,24.615416666666665
2020-03-13,372.0,24.86208333333333
2020-03-14,0.0,22.44875
2020-03-15,0.0,20.11625
2020-03-16,0.0,22.54208333333333
2020-03-17,0.0,23.24791666666667
2020-03-18,0.0,20.141666666666666
2020-03-19,0.0,24.3625
2020-03-21,0.0,25.05875
2020-03-22,255.0,25.000833333333333
2020-03-23,0.0,22.819166666666664
2020-03-24,0.0,24.30458333333333
2020-03-25,0.0,22.41125
2020-03-26,0.0,11.16625
2020-03-27,0.0,11.844166666666666
2020-03-28,0.0,19.054583333333333
2020-03-29,0.0,15.933333333333332
2020-03-30,0.0,15.110833333333334
2020-03-31,218.0,16.1675
2020-04-01,0.0,12.067083333333334
2020-04-02,106.0,10.265416666666669
2020-04-03,0.0,21.8575
2020-04-04,0.0,13.42125
2020-04-05,0.0,10.415833333333332
2020-04-06,0.0,9.072083333333332
2020-04-07,141.0,8.203333333333333
2020-04-08,0.0,10.530833333333334
2020-04-09,0.0,5.990833333333334
2020-04-10,0.0,11.699166666666668
2020-04-11,0.0,9.749583333333334
2020-04-12,0.0,9.164166666666668
2020-04-13,0.0,9.805833333333334
2020-04-14,0.0,9.399545454545454
2020-04-15,0.0,12.115416666666668
2020-04-16,0.0,15.609523809523813
2020-04-17,0.0,21.866666666666664
2020-04-18,0.0,10.00125
2020-04-19,0.0,12.74
2020-04-20,0.0,11.033333333333331
2020-04-21,0.0,13.07625
2020-04-22,0.0,9.335833333333332
2020-04-23,258.0,8.844166666666666
2020-04-24,0.0,8.322916666666666
2020-04-25,0.0,8.793750000000001
2020-04-26,0.0,7.96
2020-04-27,0.0,12.03875
2020-04-28,0.0,11.65125
2020-04-29,0.0,8.983749999999999
2020-04-30,0.0,7.355833333333333
2020-05-01,0.0,5.314583333333333
2020-05-02,0.0,7.013750000000001
2020-05-03,0.0,4.300454545454546
2020-05-04,0.0,5.180416666666667
2020-05-05,0.0,9.541666666666666
2020-05-06,0.0,6.8566666666666665
2020-05-08,0.0,4.75875
2020-05-09,0.0,4.97375
2020-05-10,0.0,5.797083333333333
2020-05-11,98.0,4.956666666666667
2020-05-12,0.0,7.98375
2020-05-13,0.0,6.665
2020-05-14,0.0,6.852916666666666
2020-05-15,0.0,9.507916666666668
2020-05-16,0.0,7.01875
2020-05-17,0.0,6.644166666666667
2020-05-18,0.0,7.011666666666667
2020-05-19,0.0,7.5775
2020-05-20,246.0,9.838333333333331
2020-05-21,0.0,8.045
2020-05-22,0.0,7.9575
2020-05-23,0.0,8.175833333333333
2020-05-24,0.0,10.729166666666666
2020-05-25,0.0,8.362499999999999
2020-05-26,0.0,9.117083333333332
2020-05-27,215.0,9.000833333333334
2020-05-28,0.0,8.9925
2020-05-29,0.0,12.0075
2020-05-30,0.0,8.376666666666667
2020-05-31,0.0,10.360416666666667
2020-06-01,0.0,8.299166666666666
2020-06-02,0.0,7.520416666666667
2020-06-03,0.0,8.412916666666666
2020-06-04,171.0,7.54
2020-06-05,89.0,6.925416666666667
2020-06-06,0.0,11.92125
2020-06-07,0.0,11.407083333333333
2020-06-08,0.0,8.081666666666667
2020-06-09,367.0,9.552916666666668
2020-06-10,0.0,11.688333333333333
2020-06-11,314.0,8.448333333333332
2020-06-12,159.0,11.395833333333334
2020-06-13,0.0,12.90375
2020-06-14,0.0,9.265833333333331
2020-06-15,0.0,11.153333333333334
2020-06-16,0.0,10.437916666666666
2020-06-17,0.0,6.202916666666667
2020-06-18,84.0,10.05
2020-06-19,0.0,8.574583333333333
2020-06-20,0.0,10.467916666666666
2020-06-21,79.0,20.471666666666668
2020-06-22,0.0,7.271666666666667
2020-06-23,0.0,6.396249999999999
2020-06-24,0.0,4.5525
2020-06-25,30.0,5.236
2020-06-26,0.0,7.213333333333334
2020-06-27,0.0,5.904583333333334
2020-06-28,330.0,4.367083333333333
2020-06-29,0.0,7.322916666666667
2020-06-30,0.0,8.703809523809523
2020-07-01,0.0,7.439166666666666
2020-07-02,0.0,6.5929166666666665
2020-07-03,0.0,7.214
2020-07-04,0.0,5.616521739130435
2020-07-05,0.0,6.4446666666666665
2020-07-07,0.0,7.64875
2020-07-08,0.0,3.218571428571429
2020-07-09,0.0,9.632083333333334
2020-07-10,0.0,11.6425
2020-07-11,0.0,17.770833333333332
2020-07-12,0.0,7.091666666666666
2020-07-13,316.0,4.944166666666667
2020-07-14,0.0,8.034583333333334
2020-07-15,0.0,9.72125
2020-07-16,0.0,8.383333333333333
2020-07-17,0.0,16.429583333333333
2020-07-18,0.0,8.231666666666667
2020-07-19,0.0,6.048749999999999
2020-07-20,0.0,6.6275
2020-07-21,0.0,13.982916666666666
2020-07-22,160.0,11.486666666666666
2020-07-23,237.0,11.114166666666668
2020-07-24,0.0,12.532631578947369
2020-07-25,0.0,8.31
2020-07-26,0.0,8.9825
2020-07-27,0.0,9.1575
2020-07-28,0.0,12.062916666666666
2020-07-29,0.0,12.635833333333332
2020-07-30,0.0,15.20875
2020-08-01,0.0,11.641666666666666
2020-08-02,0.0,8.706666666666667
2020-08-03,0.0,7.294166666666666
2020-08-04,92.0,10.860833333333334
2020-08-05,0.0,10.584166666666668
2020-08-06,368.0,6.170833333333333
2020-08-07,0.0,9.345833333333331
2020-08-08,0.0,9.472916666666666
2020-08-09,0.0,10.31625
2020-08-10,0.0,10.907916666666663
2020-08-11,0.0,16.284166666666668
2020-08-12,0.0,6.427916666666667
2020-08-13,0.0,11.368695652173914
2020-08-14,288.0,11.859583333333331
2020-08-15,0.0,12.786666666666669
2020-08-16,0.0,10.899583333333332
2020-08-17,0.0,8.912916666666666
2020-08-19,0.0,8.588333333333333
2020-08-20,277.0,11.378749999999998
2020-08-21,0.0,8.184583333333334
2020-08-22,0.0,23.65875
2020-08-23,0.0,8.158333333333333
2020-08-24,0.0,10.042083333333332
2020-08-25,0.0,9.103333333333332
2020-08-26,0.0,11.657916666666663
2020-08-27,232.0,15.43875
2020-08-28,0.0,9.025555555555556
2020-08-29,135.0,11.04173913043478
2020-08-30,0.0,7.523333333333333
2020-08-31,0.0,8.01125
2020-09-01,0.0,8.691666666666666
2020-09-02,0.0,12.394583333333332
2020-09-03,278.0,6.963333333333334
2020-09-04,0.0,9.908333333333331
2020-09-05,0.0,6.02875
2020-09-06,0.0,8.392916666666666
2020-09-07,336.0,11.652500000000002
2020-09-08,0.0,10.564583333333331
2020-09-09,0.0,6.952916666666667
2020-09-10,0.0,10.767083333333334
2020-09-11,0.0,12.221666666666666
2020-09-12,0.0,8.537083333333333
2020-09-13,0.0,8.8425
2020-09-14,0.0,5.47
2020-09-15,0.0,10.69375
2020-09-16,0.0,10.753333333333332
2020-09-17,0.0,10.568333333333332
2020-09-18,0.0,8.241666666666667
2020-09-19,0.0,8.269583333333333
2020-09-20,0.0,6.6570833333333335
2020-09-21,0.0,8.385
2020-09-22,0.0,14.239166666666668
2020-09-25,0.0,7.309166666666667
2020-09-26,0.0,5.701250000000001
2020-09-27,0.0,7.232500000000001
2020-09-28,0.0,9.509166666666667
2020-09-29,0.0,9.320416666666668
2020-09-30,0.0,9.342916666666666
2020-10-01,365.0,9.853333333333332
2020-10-02,0.0,10.284166666666666
2020-10-03,0.0,16.492083333333333
2020-10-04,0.0,15.06875
2020-10-05,0.0,13.455833333333333
2020-10-06,0.0,16.265416666666667
2020-10-07,0.0,12.405416666666667
2020-10-08,0.0,13.766666666666666
2020-10-09,0.0,16.105
2020-10-11,0.0,11.155
2020-10-13,0.0,9.525416666666668
2020-10-14,280.0,13.630833333333332
2020-10-15,0.0,17.360833333333336
2020-10-16,0.0,18.48708333333333
2020-10-17,0.0,8.131666666666666
2020-10-18,0.0,10.032083333333334
2020-10-19,0.0,6.692916666666666
2020-10-20,0.0,12.570833333333333
2020-10-21,0.0,13.487083333333333
2020-10-22,0.0,10.597916666666666
2020-10-23,0.0,10.558333333333334
2020-10-24,0.0,11.394999999999998
2020-10-25,0.0,8.649166666666666
2020-10-26,0.0,11.461666666666666
2020-10-27,0.0,13.458000000000002
2020-10-28,0.0,8.741363636363637
2020-10-29,0.0,7.756666666666667
2020-10-30,0.0,12.557916666666666
2020-10-31,0.0,12.309583333333334
2020-11-01,0.0,13.586666666666666
2020-11-02,0.0,12.950454545454544
2020-11-03,0.0,13.89
2020-11-04,0.0,10.507916666666668
2020-11-05,0.0,13.86875
2020-11-06,0.0,14.03375
2020-11-08,0.0,6.310833333333334
2020-11-09,0.0,9.20625
2020-11-10,0.0,9.01125
2020-11-11,0.0,12.79
2020-11-12,0.0,12.102916666666667
2020-11-13,0.0,12.59875
2020-11-14,0.0,11.867083333333332
2020-11-15,0.0,8.475
2020-11-16,0.0,13.257916666666668
2020-11-17,0.0,11.987916666666663
2020-11-18,0.0,14.714166666666666
2020-11-19,0.0,15.086666666666666
2020-11-20,0.0,11.367916666666666
2020-11-21,0.0,10.49
2020-11-22,0.0,11.257083333333334
2020-11-24,0.0,8.3375
2020-11-25,0.0,6.146666666666667
2020-11-27,0.0,13.002083333333331
2020-11-28,0.0,7.079583333333333
2020-11-29,0.0,7.054166666666667
2020-11-30,0.0,12.804166666666667
2020-12-01,0.0,13.722499999999998
2020-12-02,0.0,10.554583333333332
2020-12-04,0.0,10.45875
2020-12-05,0.0,8.699583333333333
2020-12-06,0.0,4.640833333333333
2020-12-08,0.0,8.524166666666666
2020-12-09,0.0,10.270416666666668
2020-12-10,0.0,15.883333333333333
2020-12-11,0.0,18.173333333333336
2020-12-12,0.0,16.563333333333333
2020-12-13,0.0,13.985833333333334
2020-12-14,0.0,13.73125
2020-12-15,0.0,13.05625
2020-12-16,0.0,16.457916666666666
2020-12-17,0.0,10.007916666666668
2020-12-18,0.0,16.457083333333333
2020-12-19,0.0,16.86625
2020-12-20,0.0,8.083333333333334
2020-12-21,0.0,10.203333333333331
2020-12-22,0.0,9.96625
2020-12-23,0.0,11.6075
2020-12-24,0.0,10.724166666666669
2020-12-25,0.0,18.07375
2020-12-26,0.0,19.861666666666668
2020-12-27,0.0,12.967916666666667
2020-12-28,359.0,11.259166666666664
2020-12-29,0.0,8.21125
2020-12-30,0.0,11.9275
2020-12-31,0.0,14.158333333333331
2021-01-01,0.0,11.945
2021-01-02,0.0,12.132916666666668
2021-01-03,0.0,14.9595
2021-01-04,0.0,11.17608695652174
2021-01-05,0.0,18.421666666666667
2021-01-06,0.0,10.79
2021-01-07,0.0,13.430833333333332
2021-01-08,0.0,16.37125
2021-01-09,0.0,10.822916666666666
2021-01-11,0.0,12.997083333333334
2021-01-12,0.0,15.18125
2021-01-13,0.0,15.660833333333334
2021-01-14,0.0,14.152916666666668
2021-01-15,0.0,13.23375
2021-01-16,0.0,7.3725
2021-01-18,0.0,9.31875
2021-01-19,0.0,13.419583333333334
2021-01-20,0.0,10.515
2021-01-21,0.0,6.99875
2021-01-22,0.0,14.815833333333332
2021-01-23,262.0,14.34875
2021-01-24,0.0,13.457083333333337
2021-01-25,0.0,11.672916666666666
2021-01-26,0.0,15.642857142857142
2021-01-27,0.0,10.697916666666666
2021-01-28,0.0,12.694583333333334
2021-01-29,0.0,10.53625
2021-01-30,0.0,7.403333333333333
2021-01-31,0.0,7.388333333333333
2021-02-01,0.0,15.418333333333331
2021-02-02,0.0,10.998333333333331
2021-02-03,0.0,8.132916666666667
2021-02-05,0.0,19.98
2021-02-06,0.0,17.47041666666667
2021-02-07,0.0,15.425416666666663
2021-02-08,0.0,12.8275
2021-02-09,0.0,12.27625
2021-02-10,280.0,16.330833333333334
2021-02-11,0.0,17.744583333333335
2021-02-12,343.0,12.922916666666666
2021-02-13,0.0,12.106666666666667
2021-02-14,0.0,15.647916666666667
2021-02-15,0.0,17.3625
2021-02-16,0.0,14.725416666666668
2021-02-18,0.0,21.411666666666665
2021-02-19,0.0,12.36
2021-02-20,0.0,10.940416666666666
2021-02-21,0.0,12.845
2021-02-22,0.0,16.151666666666667
2021-02-23,0.0,11.132916666666668
2021-02-24,202.0,10.629166666666666
2021-02-25,0.0,17.754583333333333
2021-02-26,311.0,6.079583333333333
2021-02-27,0.0,13.26625
2021-02-28,0.0,12.714999999999998
2021-03-01,324.0,14.010416666666666
2021-03-02,0.0,12.205416666666666
2021-03-03,0.0,18.17625
2021-03-04,0.0,14.000833333333333
2021-03-05,320.0,19.585833333333333
2021-03-06,0.0,17.1225
2021-03-07,0.0,8.822083333333333
2021-03-08,0.0,9.0
2021-03-09,0.0,8.784166666666666
2021-03-10,0.0,10.355416666666668
2021-03-11,0.0,14.429166666666667
2021-03-12,234.0,13.216666666666669
2021-03-13,0.0,14.40875
2021-03-14,0.0,11.52625
2021-03-15,0.0,6.11
2021-03-16,0.0,7.194583333333333
2021-03-17,0.0,10.052916666666668
2021-03-18,0.0,8.5675
2021-03-19,0.0,11.400416666666668
2021-03-20,0.0,10.122916666666669
2021-03-21,184.0,11.724166666666669
2021-03-22,0.0,10.941249999999998
2021-03-24,191.0,5.775416666666668
2021-03-25,0.0,6.501666666666666
2021-03-26,346.0,6.627083333333334
2021-03-27,0.0,11.255416666666669
2021-03-28,0.0,11.115833333333336
2021-03-29,0.0,6.587083333333333
2021-03-30,0.0,8.853333333333333
2021-03-31,0.0,11.150416666666668
2021-04-01,0.0,12.652916666666668
2021-04-02,238.0,14.420416666666666
2021-04-03,0.0,16.197916666666668
2021-04-04,339.0,8.020833333333334
2021-04-05,0.0,9.996666666666668
2021-04-06,0.0,15.365833333333333
2021-04-07,0.0,14.392083333333334
2021-04-08,0.0,13.840416666666668
2021-04-09,282.0,10.624583333333334
2021-04-10,0.0,9.630833333333332
2021-04-11,0.0,8.142916666666666
2021-04-12,0.0,14.895
2021-04-13,0.0,10.22235294117647
2021-04-14,0.0,10.72
2021-04-15,0.0,8.857083333333334
2021-04-16,0.0,10.454583333333334
2021-04-17,0.0,5.754583333333334
2021-04-18,0.0,2.9304166666666664
2021-04-19,0.0,7.0183333333333335
2021-04-20,0.0,8.488333333333333
2021-04-21,0.0,6.000416666666666
2021-04-22,0.0,7.546666666666667
2021-04-23,0.0,5.834166666666667
2021-04-24,185.0,5.17375
2021-04-25,0.0,8.428749999999999
2021-04-26,242.0,5.849166666666666
2021-04-27,0.0,5.6691666666666665
2021-04-28,150.0,10.1
2021-04-29,0.0,9.802916666666668
2021-04-30,0.0,10.14625
2021-05-01,0.0,11.451666666666668
2021-05-02,0.0,11.654583333333331
2021-05-03,0.0,14.473333333333334
2021-05-04,0.0,9.122083333333334
2021-05-05,0.0,12.982083333333334
2021-05-06,0.0,18.496666666666663
2021-05-07,294.0,25.21125
2021-05-08,0.0,10.659583333333332
2021-05-09,0.0,11.16375
2021-05-10,0.0,11.65625
2021-05-11,0.0,6.942916666666666
2021-05-12,253.0,11.041666666666666
2021-05-13,0.0,15.15125
2021-05-14,0.0,15.319583333333334
2021-05-15,0.0,15.537916666666668
2021-05-16,0.0,6.677499999999999
2021-05-17,0.0,10.668333333333337
2021-05-18,0.0,8.240833333333333
2021-05-20,0.0,10.934166666666668
2021-05-21,0.0,20.630416666666665
2021-05-22,0.0,17.484583333333333
2021-05-23,244.0,17.2275
2021-05-24,0.0,17.162916666666668
2021-05-25,0.0,11.365833333333336
2021-05-26,0.0,10.199583333333331
2021-05-27,0.0,12.056666666666668
2021-05-28,308.0,8.126666666666667
2021-05-29,0.0,16.868333333333332
2021-05-30,0.0,11.459583333333333
2021-05-31,0.0,7.285
2021-06-01,0.0,10.382083333333334
2021-06-02,0.0,6.396249999999999
2021-06-03,0.0,4.43875
2021-06-04,0.0,5.102916666666666
2021-06-05,0.0,4.9783333333333335
2021-06-07,0.0,5.227083333333334
2021-06-08,0.0,9.120833333333334
2021-06-09,0.0,18.46875
2021-06-11,74.0,15.605416666666663
2021-06-12,0.0,5.357083333333333
2021-06-13,0.0,12.45375
2021-06-14,0.0,6.352916666666666
2021-06-15,0.0,9.525416666666668
2021-06-16,0.0,6.370833333333334
2021-06-17,0.0,5.701666666666667
2021-06-18,0.0,6.815833333333333
2021-06-19,0.0,6.089166666666666
2021-06-20,0.0,9.38
2021-06-21,0.0,9.478333333333332
2021-06-22,328.0,13.759583333333332
2021-06-23,0.0,12.54625
2021-06-24,0.0,14.38375
2021-06-25,0.0,6.315416666666667
2021-06-26,0.0,5.332916666666667
2021-06-27,0.0,5.545416666666667
2021-06-28,0.0,15.052916666666668
2021-06-29,0.0,25.90875
2021-06-30,0.0,8.59125
2021-07-01,197.0,7.694166666666667
2021-07-02,0.0,11.0075
2021-07-03,0.0,10.83
2021-07-04,0.0,8.59875
2021-07-05,0.0,9.58625
2021-07-06,206.0,8.477083333333333
2021-07-07,0.0,7.731666666666666
2021-07-08,0.0,8.974583333333333
2021-07-09,0.0,7.123333333333334
2021-07-10,0.0,6.312916666666666
2021-07-11,0.0,12.449166666666663
2021-07-12,0.0,8.617826086956523
2021-07-13,0.0,11.553333333333333
2021-07-14,0.0,13.245416666666666
2021-07-15,0.0,10.785416666666668
2021-07-16,0.0,9.34625
2021-07-17,0.0,9.320416666666668
2021-07-18,0.0,8.964166666666666
2021-07-19,18.0,10.381666666666666
2021-07-20,0.0,11.50625
2021-07-21,0.0,6.6933333333333325
2021-07-22,0.0,17.210416666666667
2021-07-23,0.0,9.50875
2021-07-24,0.0,6.6433333333333335
2021-07-25,0.0,9.305416666666666
2021-07-26,0.0,15.094583333333333
2021-07-27,0.0,12.585
2021-07-28,288.0,7.735416666666667
2021-07-29,0.0,10.69875
2021-07-30,320.0,7.55125
2021-07-31,0.0,11.64625
2021-08-01,0.0,13.409166666666666
2021-08-02,0.0,9.012083333333331
2021-08-03,0.0,8.690833333333334
2021-08-04,0.0,15.38
2021-08-05,0.0,8.885833333333332
2021-08-06,0.0,11.264583333333334
2021-08-07,0.0,12.854583333333332
2021-08-08,0.0,12.984583333333331
2021-08-09,0.0,10.18125
2021-08-11,0.0,13.09047619047619
2021-08-12,322.0,14.262083333333337
2021-08-13,0.0,8.809583333333334
2021-08-14,0.0,8.725
2021-08-15,0.0,8.345416666666667
2021-08-16,0.0,9.586666666666668
2021-08-17,0.0,16.889166666666664
2021-08-18,0.0,12.787083333333332
2021-08-19,0.0,15.962083333333334
2021-08-20,0.0,10.664166666666668
2021-08-21,0.0,9.071666666666667
2021-08-23,0.0,10.8175
2021-08-24,0.0,11.596666666666666
2021-08-25,0.0,7.602916666666666
2021-08-26,287.0,8.7825
2021-08-27,0.0,7.384166666666666
2021-08-28,0.0,8.590416666666666
2021-08-29,0.0,9.87625
2021-08-30,0.0,14.26625
2021-08-31,0.0,11.092083333333331
2021-09-01,0.0,13.624166666666667
2021-09-02,0.0,13.087916666666668
2021-09-03,0.0,14.134166666666667
2021-09-04,367.0,9.966666666666669
2021-09-05,0.0,12.57
2021-09-06,0.0,16.27208333333333
2021-09-07,0.0,20.04375
2021-09-08,0.0,8.636666666666667
2021-09-09,0.0,12.985833333333334
2021-09-10,0.0,11.671666666666669
2021-09-11,0.0,13.480416666666663
2021-09-12,0.0,15.648333333333332
2021-09-13,0.0,16.085
2021-09-14,0.0,9.717083333333331
2021-09-15,0.0,12.497916666666669
2021-09-16,0.0,16.805416666666666
2021-09-17,0.0,12.474166666666669
2021-09-18,293.0,7.529583333333334
2021-09-19,0.0,8.589130434782609
2021-09-20,0.0,8.417272727272728
2021-09-21,0.0,8.179583333333333
2021-09-22,378.0,7.684583333333333
2021-09-24,0.0,13.239166666666668
2021-09-25,0.0,14.26
2021-09-26,0.0,11.089583333333332
2021-09-27,0.0,17.544166666666666
2021-09-28,0.0,11.94375
2021-09-30,0.0,11.753333333333332
2021-10-01,0.0,14.679166666666667
2021-10-02,0.0,16.322083333333335
2021-10-03,0.0,17.037499999999998
2021-10-04,0.0,15.665
2021-10-05,0.0,18.536666666666665
2021-10-06,0.0,12.992916666666666
2021-10-07,0.0,6.7425
2021-10-08,0.0,14.0225
2021-10-09,0.0,11.649166666666666
2021-10-10,0.0,13.839583333333332
2021-10-11,0.0,16.603333333333335
2021-10-12,0.0,11.49125
2021-10-13,0.0,9.6075
2021-10-14,0.0,7.923749999999999
2021-10-15,0.0,13.496666666666668
2021-10-16,232.0,12.597499999999998
2021-10-17,0.0,10.695833333333333
2021-10-18,0.0,10.610833333333334
2021-10-19,0.0,13.057083333333331
2021-10-21,0.0,15.425
2021-10-22,0.0,8.714583333333334
2021-10-23,143.0,9.36
2021-10-24,0.0,9.265
2021-10-25,0.0,23.92
2021-10-26,0.0,15.206666666666663
2021-10-27,0.0,9.891666666666667
2021-10-28,0.0,8.030833333333332
2021-10-29,0.0,7.960833333333333
2021-10-30,0.0,9.21125
2021-10-31,145.0,9.319166666666666
2021-11-01,0.0,10.965416666666668
2021-11-02,0.0,13.554583333333332
2021-11-03,0.0,9.644583333333332
2021-11-04,0.0,15.374166666666667
2021-11-05,0.0,12.873333333333331
2021-11-06,144.0,12.135
2021-11-07,0.0,10.084166666666668
2021-11-08,0.0,11.477916666666667
2021-11-09,0.0,9.867083333333332
2021-11-10,0.0,13.134166666666667
2021-11-11,0.0,13.5475
2021-11-12,0.0,13.189583333333331
2021-11-13,90.0,15.111666666666666
2021-11-14,0.0,9.66
2021-11-15,0.0,9.486666666666666
2021-11-16,0.0,15.447083333333332
2021-11-17,0.0,12.54375
2021-11-18,0.0,14.281666666666666
2021-11-19,0.0,14.771666666666668
2021-11-20,0.0,13.335833333333332
2021-11-21,0.0,9.524583333333334
2021-11-22,0.0,7.014583333333333
2021-11-23,0.0,11.00125
2021-11-24,0.0,12.161666666666669
2021-11-25,173.0,12.338333333333331
2021-11-26,0.0,13.081666666666663
2021-11-27,0.0,8.219583333333333
2021-11-28,0.0,14.311578947368425
2021-11-29,0.0,9.08222222222222
2021-11-30,0.0,6.423043478260869
2021-12-02,0.0,13.355555555555556
2021-12-03,0.0,21.71666666666667
2021-12-04,0.0,10.94625
2021-12-05,0.0,19.598333333333333
2021-12-06,0.0,25.84625
2021-12-07,0.0,20.561666666666667
2021-12-08,0.0,24.96666666666667
2021-12-09,0.0,22.875833333333333
2021-12-10,0.0,22.63416666666667
2021-12-11,0.0,24.285416666666663
2021-12-12,0.0,20.101666666666667
2021-12-13,0.0,16.859583333333333
2021-12-14,0.0,21.063333333333333
2021-12-15,0.0,18.40041666666667
2021-12-21,0.0,19.84173913043478
2021-12-22,103.0,25.01375
2021-12-23,0.0,25.48208333333333
2021-12-24,0.0,21.781666666666663
2021-12-29,0.0,26.29958333333333
2022-01-06,0.0,21.18375
2022-01-07,0.0,21.146666666666665
2022-01-08,0.0,10.629583333333334
2022-01-09,385.0,17.75
2022-01-11,0.0,19.0375
2022-01-12,0.0,18.26235294117647
2022-01-13,0.0,18.135416666666668
2022-01-14,0.0,17.457083333333333
2022-01-15,0.0,7.454583333333333
2022-01-16,0.0,15.22125
2022-01-17,0.0,17.770416666666666
2022-01-18,0.0,21.196666666666665
2022-01-19,0.0,14.630416666666669
2022-01-20,60.0,9.945416666666668
2022-01-21,0.0,15.77875
2022-01-22,312.0,13.29625
2022-01-23,0.0,15.512916666666667
2022-01-24,0.0,14.884166666666664
2022-01-25,0.0,18.95875
2022-01-26,0.0,18.9925
2022-01-28,0.0,19.77875
2022-01-29,0.0,23.89
2022-01-30,0.0,20.004583333333333
2022-01-31,0.0,15.47875
2022-02-01,0.0,20.109166666666667
2022-02-02,0.0,16.05666666666667
2022-02-03,0.0,14.332083333333337
2022-02-04,0.0,15.922916666666666
2022-02-05,0.0,8.38625
2022-02-06,0.0,10.137916666666667
2022-02-07,0.0,18.670416666666664
2022-02-08,0.0,17.05666666666667
2022-02-09,134.0,23.120833333333334
2022-02-11,0.0,18.092916666666667
2022-02-12,145.0,12.808333333333332
2022-02-13,0.0,11.88125
2022-02-14,0.0,15.540416666666667
2022-02-15,0.0,14.079583333333334
2022-02-16,0.0,22.098333333333333
2022-02-17,0.0,23.45
2022-02-18,348.0,9.493333333333334
2022-02-19,0.0,15.700833333333334
2022-02-20,0.0,11.205
2022-02-21,0.0,11.994583333333331
2022-02-22,0.0,7.712499999999999
2022-02-23,0.0,8.618333333333334
2022-02-24,0.0,8.95125
2022-02-25,65.0,9.04875
2022-02-26,0.0,8.277916666666666
2022-02-27,0.0,9.740416666666668
2022-02-28,0.0,11.57375
2022-03-01,0.0,9.55125
2022-03-02,0.0,9.427916666666668
2022-03-03,0.0,11.73875
2022-03-04,0.0,13.505833333333332
2022-03-05,0.0,12.9925
2022-03-06,0.0,12.617083333333332
2022-03-07,0.0,15.851666666666668
2022-03-08,0.0,27.152916666666663
2022-03-09,103.0,10.117916666666668
2022-03-10,0.0,10.1
2022-03-11,0.0,10.984166666666669
2022-03-12,0.0,14.93875
2022-03-13,0.0,16.300869565217393
2022-03-14,0.0,13.064583333333331
2022-03-15,0.0,13.73
2022-03-16,0.0,11.737083333333333
2022-03-17,0.0,16.383333333333333
2022-03-18,0.0,18.925833333333333
2022-03-19,0.0,17.789583333333333
2022-03-20,0.0,15.1275
2022-03-21,0.0,16.281111111111112
2022-03-22,0.0,10.279583333333331
2022-03-23,111.0,11.349583333333332
2022-03-24,0.0,18.887916666666666
2022-03-25,0.0,24.44458333333333
2022-03-26,0.0,18.9875
2022-03-27,0.0,15.259166666666664
2022-03-28,0.0,18.379583333333333
2022-03-29,0.0,22.023333333333337
2022-03-30,0.0,17.702916666666667
2022-04-01,0.0,23.58583333333333
2022-04-02,0.0,17.194166666666668
2022-04-03,17.0,21.11208333333333
2022-04-04,0.0,21.813333333333333
2022-04-05,0.0,16.863333333333333
2022-04-06,0.0,15.745416666666666
2022-04-07,0.0,9.17
2022-04-08,0.0,8.592083333333333
2022-04-09,0.0,18.780416666666667
2022-04-10,0.0,16.16625
2022-04-11,0.0,23.39833333333333
2022-04-12,0.0,21.30388888888889
2022-04-13,0.0,19.09
2022-04-14,0.0,11.990416666666668
2022-04-15,0.0,13.733333333333334
2022-04-16,28.0,13.670416666666666
2022-04-17,0.0,10.955416666666666
2022-04-18,0.0,14.687083333333334
2022-04-19,0.0,11.545833333333334
2022-04-20,0.0,11.586666666666666
2022-04-21,0.0,11.432916666666666
2022-04-22,0.0,8.8225
2022-04-23,0.0,12.395
2022-04-24,0.0,18.75875
2022-04-25,0.0,15.502916666666666
2022-04-26,0.0,15.86
2022-04-27,0.0,18.90083333333333
2022-04-28,0.0,20.91875
2022-04-29,343.0,15.162916666666668
2022-04-30,0.0,8.6925
2022-05-01,0.0,6.864166666666667
2022-05-02,207.0,9.713333333333331
2022-05-03,0.0,14.879583333333334
2022-05-04,0.0,15.567083333333334
2022-05-05,0.0,17.0775
2022-05-06,0.0,16.0975
2022-05-07,0.0,15.009166666666664
2022-05-08,0.0,6.550833333333333
2022-05-09,0.0,16.757916666666667
2022-05-10,0.0,15.002916666666666
2022-05-11,0.0,20.31875
2022-05-12,0.0,15.275833333333331
2022-05-13,0.0,11.667083333333332
2022-05-14,0.0,10.3525
2022-05-15,0.0,9.224583333333332
2022-05-16,0.0,11.212083333333332
2022-05-17,0.0,10.6675
2022-05-18,6.0,17.657083333333333
2022-05-19,0.0,16.391666666666666
2022-05-20,0.0,10.326666666666666
2022-05-21,0.0,17.232499999999998
2022-05-22,0.0,14.7575
2022-05-23,0.0,9.604583333333332
2022-05-24,0.0,10.185416666666669
2022-05-25,0.0,7.365416666666666
2022-05-26,0.0,13.4
2022-05-27,0.0,17.704583333333332
2022-05-28,0.0,8.784166666666666
2022-05-29,0.0,14.577083333333334
2022-05-30,0.0,9.942083333333334
2022-05-31,8.0,14.364583333333334
2022-06-01,0.0,19.520416666666662
2022-06-02,0.0,16.04625
2022-06-03,0.0,15.3125
2022-06-04,0.0,14.13
2022-06-05,0.0,10.335833333333332
2022-06-06,0.0,18.56
2022-06-07,0.0,19.377916666666668
2022-06-08,0.0,18.73708333333333
2022-06-09,0.0,13.438333333333333
2022-06-10,5.0,16.343333333333334
2022-06-11,0.0,12.33875
2022-06-12,0.0,8.857916666666666
2022-06-13,0.0,11.805416666666666
2022-06-14,51.0,13.595
2022-06-15,0.0,22.30708333333333
2022-06-16,0.0,18.08625
2022-06-17,0.0,15.473333333333334
2022-06-18,0.0,10.909583333333332
2022-06-19,57.0,8.282916666666667
2022-06-20,0.0,8.7075
2022-06-21,0.0,7.473157894736842
2022-06-22,0.0,9.685833333333331
2022-06-23,0.0,10.298695652173912
2022-06-24,0.0,5.501666666666666
2022-06-25,0.0,11.569166666666668
2022-06-26,23.0,11.88
2022-06-27,68.0,8.743333333333334
2022-06-28,0.0,7.357083333333333
2022-06-29,0.0,11.2825
2022-06-30,0.0,14.029166666666669
2022-07-01,0.0,20.28125
2022-07-02,206.0,17.446666666666665
2022-07-03,0.0,17.977083333333333
2022-07-04,0.0,16.676666666666666
2022-07-05,0.0,13.192916666666669
2022-07-06,0.0,17.398333333333333
2022-07-07,205.0,14.300416666666663
2022-07-08,0.0,8.025416666666667
2022-07-09,0.0,7.664166666666667
2022-07-10,0.0,6.271249999999999
2022-07-11,213.0,7.05
2022-07-12,0.0,10.688333333333333
2022-07-13,0.0,8.978333333333333
2022-07-14,0.0,6.038333333333334
2022-07-15,0.0,4.81625
2022-07-16,0.0,9.400416666666668
2022-07-17,0.0,9.633333333333333
2022-07-18,0.0,7.196315789473684
2022-07-19,0.0,11.9
2022-07-20,0.0,10.909583333333332
2022-07-21,0.0,9.99
2022-07-22,390.0,7.479166666666667
2022-07-23,0.0,9.9275
2022-07-24,0.0,10.839999999999998
2022-07-25,0.0,9.759583333333332
2022-07-26,0.0,9.719583333333334
2022-07-27,0.0,4.891666666666667
2022-07-28,0.0,5.030833333333333
2022-07-29,0.0,4.400833333333334
2022-07-30,0.0,7.01875
2022-07-31,0.0,9.066666666666666
2022-08-01,0.0,9.980833333333331
2022-08-02,0.0,10.96375
2022-08-03,0.0,10.625833333333333
2022-08-04,0.0,9.194583333333334
2022-08-05,0.0,13.950833333333334
2022-08-06,0.0,9.00375
2022-08-07,0.0,6.876666666666666
2022-08-08,0.0,7.560952380952381
2022-08-09,0.0,9.75625
2022-08-10,0.0,7.083749999999999
2022-08-11,0.0,4.355
2022-08-12,0.0,5.951249999999999
2022-08-13,0.0,8.987083333333333
2022-08-14,0.0,10.719166666666666
2022-08-15,0.0,9.066666666666666
2022-08-16,235.0,9.9375
2022-08-17,41.0,8.937083333333334
2022-08-18,0.0,9.41
2022-08-19,0.0,9.54
2022-08-20,0.0,5.180000000000001
2022-08-22,310.0,9.07875
2022-08-23,0.0,7.075
2022-08-24,96.0,9.333333333333334
2022-08-25,0.0,5.3495833333333325
2022-08-26,0.0,10.13
2022-08-27,0.0,5.853333333333333
2022-08-28,0.0,8.77625
2022-08-29,0.0,8.358260869565218
2022-08-30,0.0,6.409583333333334
2022-08-31,0.0,13.262083333333337
2022-09-01,0.0,7.4575
2022-09-02,0.0,8.996666666666668
2022-09-03,0.0,5.21875
2022-09-05,296.0,8.66125
2022-09-06,0.0,7.60625
2022-09-07,0.0,9.782916666666669
2022-09-08,0.0,7.707083333333333
2022-09-09,0.0,12.472499999999998
2022-09-10,133.0,11.35625
2022-09-11,0.0,9.032916666666669
2022-09-12,0.0,12.193333333333332
2022-09-13,0.0,12.829166666666666
2022-09-14,0.0,10.42625
2022-09-15,0.0,14.6225
2022-09-16,300.0,14.0525
2022-09-17,350.0,6.835416666666667
2022-09-18,0.0,7.35
2022-09-19,0.0,5.490416666666667
2022-09-20,0.0,11.142173913043475
2022-09-21,207.0,10.012083333333331
2022-09-22,262.0,11.197916666666666
2022-09-23,0.0,9.88875
2022-09-24,184.0,7.426666666666667
2022-09-25,0.0,4.9975
2022-09-26,0.0,5.766249999999999
2022-09-27,0.0,11.7
2022-09-28,0.0,8.107916666666666
2022-09-29,0.0,6.327500000000001
2022-09-30,0.0,10.862916666666663
2022-10-01,0.0,8.6625
2022-10-02,0.0,6.0875
2022-10-03,0.0,6.743333333333333
2022-10-04,0.0,9.217083333333331
2022-10-05,281.0,10.86125
2022-10-06,219.0,7.805
2022-10-07,0.0,9.658333333333331
2022-10-08,337.0,9.445833333333336
2022-10-09,0.0,8.32875
2022-10-10,318.0,9.752916666666666
2022-10-11,0.0,7.174166666666667
2022-10-12,0.0,7.415
2022-10-14,0.0,11.075416666666667
2022-10-15,314.0,10.56
2022-10-16,0.0,8.7425
2022-10-17,0.0,8.493333333333334
2022-10-18,0.0,9.256666666666666
2022-10-19,0.0,10.117083333333332
2022-10-20,0.0,7.333333333333333
2022-10-21,0.0,8.46375
2022-10-22,0.0,4.215
2022-10-23,0.0,6.2425
2022-10-24,0.0,5.889583333333333
2022-10-25,0.0,5.890000000000001
2022-10-26,0.0,8.594166666666666
2022-10-27,0.0,10.145
2022-10-28,0.0,11.788333333333334
2022-10-29,0.0,8.307083333333333
2022-10-30,0.0,9.316666666666666
2022-10-31,0.0,9.46625
2022-11-01,0.0,12.853333333333332
2022-11-02,0.0,7.710416666666666
2022-11-03,0.0,5.3725
2022-11-04,0.0,8.227083333333333
2022-11-05,0.0,10.824583333333337
2022-11-06,0.0,8.526666666666666
2022-11-07,0.0,6.5129166666666665
2022-11-08,0.0,9.245833333333334
2022-11-09,0.0,5.246666666666667
2022-11-10,0.0,6.533333333333334
2022-11-11,0.0,4.51875
2022-11-12,154.0,7.265833333333333
2022-11-13,0.0,7.309166666666666
2022-11-14,58.0,8.276666666666667
2022-11-15,0.0,6.6825
2022-11-16,0.0,9.205833333333333
2022-11-17,0.0,8.008333333333333
2022-11-18,0.0,8.439583333333333
2022-11-19,133.0,8.550416666666667
2022-11-20,0.0,8.335416666666667
2022-11-21,0.0,9.08375
2022-11-22,0.0,4.027083333333334
2022-11-23,0.0,3.699583333333333
2022-11-24,268.0,4.939583333333333
2022-11-25,0.0,4.876111111111111
2022-11-27,0.0,6.531428571428571
2022-11-28,0.0,9.181304347826089
2022-11-29,0.0,8.93375
2022-11-30,0.0,17.737916666666667
2022-12-01,0.0,12.120416666666666
2022-12-02,0.0,8.88625
2022-12-03,0.0,5.935833333333334
2022-12-04,0.0,6.3187500000000005
2022-12-05,0.0,6.82
2022-12-06,296.0,6.9075
2022-12-07,0.0,7.9225
2022-12-08,0.0,8.234166666666667
2022-12-09,0.0,8.853333333333333
2022-12-10,190.0,6.085416666666667
2022-12-11,83.0,12.60875
2022-12-12,0.0,4.871666666666667
2022-12-13,0.0,8.619166666666667
2022-12-14,0.0,10.51125
2022-12-15,0.0,11.17625
2022-12-16,0.0,12.608333333333334
2022-12-17,0.0,13.504166666666668
2022-12-18,0.0,8.925416666666667
2022-12-19,0.0,9.347083333333334
2022-12-20,0.0,9.670833333333333
2022-12-21,0.0,12.0725
2022-12-22,0.0,11.914166666666668
2022-12-23,0.0,13.609166666666669
2022-12-24,0.0,11.07
2022-12-25,0.0,5.447916666666667
2022-12-26,0.0,7.648333333333333
2022-12-27,0.0,12.5125
2022-12-28,0.0,10.412083333333332
2022-12-29,0.0,11.880416666666669
2022-12-30,0.0,8.215
2022-12-31,0.0,15.750416666666666
2023-01-01,0.0,8.663
2023-01-02,0.0,9.503333333333332
2023-01-03,0.0,11.487916666666663
2023-01-04,0.0,10.729583333333332
2023-01-05,0.0,9.41125
2023-01-06,0.0,14.087916666666668
2023-01-07,0.0,14.703333333333331
2023-01-08,0.0,9.6925
2023-01-09,0.0,6.43
2023-01-11,0.0,9.360416666666667
2023-01-12,0.0,14.062916666666666
2023-01-13,0.0,17.605
2023-01-14,0.0,13.096666666666666
2023-01-15,0.0,10.08375
2023-01-16,319.0,12.015416666666669
2023-01-17,0.0,10.18608695652174
2023-01-18,0.0,14.70875
2023-01-19,0.0,10.099166666666669
2023-01-20,0.0,8.662916666666666
2023-01-21,0.0,8.129166666666666
2023-01-22,191.0,10.932916666666666
2023-01-23,0.0,12.35
2023-01-24,235.0,9.177916666666668
2023-01-25,0.0,12.270833333333334
2023-01-26,0.0,18.2075
2023-01-28,0.0,13.2075
2023-01-29,0.0,10.7625
2023-01-30,0.0,16.851666666666667
2023-01-31,0.0,13.692083333333334
2023-02-01,0.0,17.381249999999998
2023-02-02,0.0,17.825833333333332
2023-02-03,0.0,12.159999999999998
2023-02-04,0.0,10.043333333333331
2023-02-05,0.0,10.245
2023-02-06,0.0,10.351363636363637
2023-02-07,0.0,10.940416666666666
2023-02-08,0.0,11.472916666666668
2023-02-09,0.0,13.742083333333332
2023-02-10,347.0,17.919166666666666
2023-02-11,0.0,8.99625
2023-02-12,0.0,14.14
2023-02-13,0.0,17.65791666666667
2023-02-14,0.0,16.569583333333334
2023-02-15,0.0,16.550833333333333
2023-02-16,0.0,17.4425
2023-02-17,293.0,7.091666666666666
2023-02-18,0.0,11.019166666666663
2023-02-19,151.0,9.4525
2023-02-20,0.0,13.282083333333333
2023-02-21,0.0,15.491666666666667
2023-02-22,139.0,11.996666666666668
2023-02-23,0.0,10.679166666666667
2023-02-24,184.0,10.978333333333332
2023-02-25,0.0,13.024583333333332
2023-02-26,0.0,13.99125
2023-02-27,0.0,2.961666666666667
2023-02-28,0.0,8.544444444444444
2023-03-01,178.0,8.352916666666667
2023-03-02,0.0,4.707916666666667
2023-03-03,0.0,4.2595833333333335
2023-03-04,0.0,4.803636363636364
2023-03-05,0.0,6.513750000000001
2023-03-06,0.0,3.248
2023-03-07,0.0,7.351111111111111
2023-03-08,284.0,7.463333333333334
2023-03-09,0.0,7.849583333333332
2023-03-10,0.0,7.2225
2023-03-11,0.0,8.3175
2023-03-12,0.0,12.393888888888888
2023-03-13,163.0,10.172222222222222
2023-03-14,0.0,9.99047619047619
2023-03-15,0.0,7.988695652173914
2023-03-16,0.0,8.329166666666667
2023-03-17,0.0,8.0375
2023-03-18,0.0,7.324583333333333
2023-03-19,0.0,10.602222222222222
2023-03-20,0.0,11.213809523809523
2023-03-21,0.0,6.0575
2023-03-22,0.0,7.413333333333334
2023-03-23,0.0,13.969166666666666
2023-03-24,0.0,12.5075
2023-03-25,0.0,8.775
2023-03-26,0.0,6.86375
2023-03-27,79.0,3.863043478260869
2023-03-28,0.0,2.8104761904761904
2023-03-29,0.0,5.517083333333333
2023-03-30,0.0,8.830434782608695
2023-03-31,0.0,5.86875
2023-04-01,0.0,8.474166666666667
2023-04-02,0.0,11.8985
2023-04-03,63.0,13.605625
2023-04-04,25.0,7.248888888888889
2023-04-05,0.0,6.4366666666666665
2023-04-06,179.0,9.524545454545454
2023-04-07,0.0,12.52125
2023-04-08,0.0,11.162916666666668
2023-04-09,0.0,10.115416666666668
2023-04-10,0.0,12.1305
2023-04-11,0.0,7.4417647058823535
2023-04-12,0.0,3.2823529411764705
2023-04-13,211.0,5.516
2023-04-14,0.0,7.870833333333334
2023-04-15,125.0,10.94
2023-04-16,0.0,9.3925
2023-04-17,80.0,24.06
2023-04-18,0.0,7.161875
2023-04-19,0.0,13.28111111111111
2023-04-20,0.0,5.5675
2023-04-21,0.0,4.643809523809524
2023-04-22,0.0,5.14375
2023-04-23,0.0,7.0616666666666665
2023-04-24,0.0,5.9325
2023-04-25,0.0,7.070833333333333
2023-04-26,0.0,8.530416666666666
2023-04-27,0.0,12.829583333333334
2023-04-28,0.0,9.5175
2023-04-29,0.0,11.444166666666668
2023-04-30,0.0,10.403333333333334
2023-05-01,0.0,4.493333333333333
2023-05-02,48.0,6.1675
2023-05-03,0.0,4.574166666666667
2023-05-04,0.0,4.299166666666667
2023-05-05,0.0,3.83375
2023-05-06,0.0,6.927499999999999
2023-05-08,0.0,13.135416666666666
2023-05-09,93.0,11.640416666666669
2023-05-10,0.0,6.315
2023-05-11,69.0,4.638333333333333
2023-05-12,0.0,10.45375
2023-05-13,0.0,13.4125
2023-05-14,0.0,12.881666666666668
2023-05-15,0.0,9.707083333333332
2023-05-16,320.0,5.074166666666667
2023-05-17,0.0,10.490416666666668
2023-05-18,82.0,5.848333333333334
2023-05-19,0.0,6.327500000000001
2023-05-20,0.0,11.4375
2023-05-21,0.0,11.3875
2023-05-22,0.0,8.220833333333333
2023-05-23,0.0,6.401666666666666
2023-05-24,0.0,10.369583333333331
2023-05-25,0.0,8.457083333333333
2023-05-26,0.0,9.18625
2023-05-28,0.0,8.51125
2023-05-29,0.0,7.428333333333334
2023-05-30,0.0,10.655833333333334
2023-05-31,0.0,11.835
2023-06-01,33.0,13.139583333333334
2023-06-02,29.0,11.96625
2023-06-03,0.0,12.84875
2023-06-04,0.0,16.06416666666667
2023-06-05,0.0,12.6975
2023-06-06,0.0,15.333333333333334
2023-06-07,0.0,12.312916666666666
2023-06-08,0.0,8.674999999999999
2023-06-09,18.0,7.095416666666666
2023-06-10,0.0,5.475416666666667
2023-06-11,0.0,6.59
2023-06-12,0.0,11.487083333333333
2023-06-13,49.0,8.918666666666667
2023-06-14,108.0,17.12875
2023-06-15,0.0,10.422916666666667
2023-06-16,47.0,9.611666666666666
2023-06-17,0.0,9.486666666666666
2023-06-18,0.0,4.215416666666667
2023-06-19,0.0,4.6379166666666665
2023-06-20,59.0,8.24375
2023-06-21,130.0,5.710416666666667
2023-06-22,0.0,9.572083333333332
2023-06-23,0.0,8.147499999999999
2023-06-24,0.0,8.115
2023-06-25,0.0,10.84375
2023-06-26,34.0,4.742916666666667
2023-06-27,0.0,4.462916666666667
2023-06-28,0.0,11.309166666666668
2023-06-29,0.0,7.833749999999999
2023-06-30,0.0,6.306666666666666
2023-07-01,78.0,5.553333333333334
2023-07-02,0.0,9.257391304347824
2023-07-03,0.0,9.19625
2023-07-04,0.0,21.73583333333333
2023-07-05,0.0,10.94
2023-07-06,0.0,7.931249999999999
2023-07-07,251.0,3.247916666666667
2023-07-08,0.0,4.534166666666667
2023-07-09,0.0,5.771666666666667
2023-07-10,149.0,11.34375
2023-07-11,0.0,9.976666666666668
2023-07-12,205.0,8.328333333333333
2023-07-13,256.0,13.715833333333334
2023-07-15,0.0,12.402500000000002
2023-07-16,177.0,8.129166666666666
2023-07-17,0.0,7.751666666666666
2023-07-18,0.0,8.362499999999999
2023-07-19,0.0,8.977500000000001
2023-07-20,0.0,10.4975
2023-07-21,0.0,11.87625
2023-07-22,0.0,9.5825
2023-07-23,0.0,11.91875
2023-07-24,0.0,14.873333333333331
2023-07-25,0.0,8.527083333333334
2023-07-26,0.0,10.921666666666669
2023-07-27,0.0,11.217083333333331
2023-07-28,356.0,12.676666666666668
2023-07-29,0.0,12.832083333333337
2023-07-30,0.0,14.27625
2023-07-31,0.0,9.438333333333333
2023-08-01,0.0,8.268749999999999
2023-08-03,0.0,12.482916666666666
2023-08-04,0.0,10.959583333333336
2023-08-05,0.0,7.655416666666666
2023-08-06,0.0,6.882916666666667
2023-08-08,0.0,6.5995833333333325
2023-08-09,0.0,8.545833333333333
2023-08-10,0.0,6.5275
2023-08-11,0.0,12.325416666666667
2023-08-12,0.0,9.335
2023-08-13,0.0,10.27625
2023-08-15,0.0,13.798333333333332
2023-08-16,187.0,23.305000000000003
2023-08-17,0.0,14.352083333333333
2023-08-18,0.0,20.802916666666665
2023-08-20,0.0,7.751363636363636
2023-08-21,0.0,4.335555555555556
2023-08-22,0.0,18.73444444444445
2023-08-24,293.0,6.067692307692307
2023-08-25,0.0,19.929285714285715
2023-08-26,260.0,6.1125
2023-08-27,0.0,5.2225
2023-08-28,0.0,6.684545454545455
2023-08-29,0.0,12.739166666666668
2023-08-30,0.0,15.6715
2023-08-31,306.0,7.962999999999999
2023-09-01,0.0,16.214761904761904
2023-09-02,0.0,4.922083333333333
2023-09-03,0.0,6.273333333333333
2023-09-04,0.0,11.985
2023-09-05,312.0,8.815652173913042
2023-09-06,0.0,10.5025
2023-09-07,0.0,5.139166666666667
2023-09-08,0.0,5.031666666666667
2023-09-09,0.0,5.534583333333334
2023-09-10,0.0,17.685
2023-09-11,0.0,9.375
2023-09-12,0.0,6.757083333333334
2023-09-13,0.0,17.52208333333333
2023-09-14,306.0,12.33375
2023-09-15,184.0,14.60125
2023-09-16,0.0,14.176666666666668
2023-09-18,0.0,14.53875
2023-09-19,0.0,10.050416666666669
2023-09-20,0.0,6.548333333333333
2023-09-21,0.0,6.955000000000001
2023-09-22,0.0,8.017083333333334
2023-09-23,0.0,7.1312500000000005
2023-09-24,0.0,7.940833333333334
2023-09-25,0.0,6.140833333333333
2023-09-27,0.0,4.493913043478261
2023-09-28,0.0,8.7675
2023-09-29,0.0,7.126666666666666
2023-09-30,0.0,18.537916666666664
2023-10-02,212.0,7.457083333333333
2023-10-03,332.0,9.615
2023-10-04,0.0,4.90875
2023-10-05,0.0,9.2925
2023-10-06,298.0,11.799444444444443
2023-10-07,0.0,7.151428571428572
2023-10-08,0.0,8.219583333333334
2023-10-09,0.0,6.921250000000001
2023-10-10,0.0,5.493333333333333
2023-10-11,0.0,4.705416666666666
2023-10-12,0.0,6.876666666666666
2023-10-13,0.0,6.760416666666667
2023-10-14,0.0,5.91125
2023-10-15,0.0,5.745416666666666
2023-10-16,0.0,7.250416666666666
2023-10-17,0.0,7.528333333333333
2023-10-18,0.0,7.683333333333334
2023-10-19,292.0,5.5575
2023-10-20,0.0,4.7125
2023-10-21,0.0,5.256666666666667
2023-10-22,0.0,8.215833333333334
2023-10-23,0.0,11.649166666666666
2023-10-24,0.0,12.33375
2023-10-25,319.0,16.34625
2023-10-26,0.0,5.234736842105263
2023-10-27,0.0,12.256666666666666
2023-10-28,0.0,10.34125
2023-10-29,0.0,9.937916666666666
2023-10-30,0.0,8.345416666666667
2023-10-31,0.0,9.838333333333331
2023-11-01,0.0,7.68625
2023-11-02,0.0,12.04
2023-11-03,302.0,11.145416666666668
2023-11-04,0.0,8.36375
2023-11-05,101.0,9.685217391304349
2023-11-06,222.0,6.780952380952381
2023-11-07,0.0,8.643333333333333
2023-11-09,0.0,4.924166666666667
2023-11-10,284.0,8.626666666666667
2023-11-11,320.0,7.164166666666667
2023-11-12,0.0,5.28375
2023-11-14,0.0,13.4525
2023-11-15,0.0,10.870416666666666
2023-11-16,0.0,11.474583333333332
2023-11-17,0.0,11.19375
2023-11-18,367.0,4.515416666666667
2023-11-19,0.0,6.035416666666666
2023-11-20,223.0,5.410416666666666
2023-11-21,0.0,6.15125
2023-11-22,0.0,8.9675
2023-11-23,0.0,8.552916666666667
2023-11-24,0.0,7.820416666666667
2023-11-25,0.0,6.674166666666667
2023-11-26,0.0,7.085833333333333
2023-11-27,0.0,7.5775
2023-11-28,0.0,9.852083333333333
2023-11-29,0.0,11.978333333333332
2023-11-30,0.0,12.269583333333337
2023-12-01,0.0,11.905
2023-12-02,0.0,6.6025
2023-12-03,0.0,5.819583333333333
2023-12-04,0.0,7.921250000000001
2023-12-05,0.0,6.3445833333333335
2023-12-06,0.0,11.10125
2023-12-07,0.0,11.691250000000002
2023-12-08,0.0,15.175833333333337
2023-12-09,0.0,12.822916666666666
2023-12-10,0.0,11.270526315789477
2023-12-11,0.0,7.574583333333333
2023-12-12,0.0,8.876666666666667
2023-12-13,0.0,11.930416666666666
2023-12-14,0.0,17.45
2023-12-15,0.0,14.915
2023-12-16,0.0,10.437083333333334
2023-12-17,0.0,12.077916666666669
2023-12-18,0.0,6.297916666666667
2023-12-19,0.0,11.682916666666666
2023-12-20,0.0,10.410416666666666
2023-12-21,0.0,8.7525
2023-12-23,0.0,8.947916666666666
2023-12-24,0.0,7.635000000000001
2023-12-25,0.0,10.123333333333331
2023-12-26,0.0,11.87625
2023-12-27,0.0,14.510416666666666
2023-12-28,41.0,12.904166666666669
2023-12-29,0.0,11.12375
2023-12-30,0.0,7.62875
2023-12-31,176.0,9.4775
2024-01-01,0.0,10.34375
2024-01-02,0.0,10.035
2024-01-03,0.0,9.090833333333334
2024-01-04,0.0,13.6055
2024-01-05,0.0,13.281304347826085
2024-01-06,0.0,20.53625
2024-01-07,0.0,14.529583333333331
2024-01-08,0.0,15.59875
2024-01-09,0.0,24.941666666666663
2024-01-11,0.0,8.817083333333334
2024-01-12,0.0,23.99277777777778
2024-01-13,0.0,14.89
2024-01-14,0.0,12.503636363636362
2024-01-15,0.0,9.154545454545454
2024-01-16,0.0,12.65125
2024-01-17,0.0,16.40875
2024-01-18,0.0,16.607083333333332
2024-01-19,0.0,17.055416666666666
2024-01-20,0.0,8.439583333333333
2024-01-21,0.0,12.384583333333332
2024-01-22,0.0,13.523333333333332
2024-01-23,0.0,8.405833333333334
2024-01-24,0.0,9.388235294117647
2024-01-25,0.0,16.273333333333333
2024-01-26,0.0,19.17291666666667
2024-01-27,0.0,13.270416666666668
2024-01-28,0.0,12.186666666666667
2024-01-29,0.0,10.115
2024-01-30,0.0,14.632777777777775
2024-01-31,0.0,19.894583333333333
2024-02-01,0.0,19.545416666666668
2024-02-02,0.0,7.65923076923077
2024-02-03,0.0,2.7068421052631577
2024-02-04,0.0,3.647272727272727
2024-02-05,0.0,11.74263157894737
2024-02-06,0.0,9.176428571428572
2024-02-07,0.0,8.194166666666666
2024-02-08,0.0,9.633888888888889
2024-02-09,0.0,8.710555555555555
2024-02-10,0.0,6.069375
2024-02-11,0.0,10.708333333333334
2024-02-12,0.0,14.611428571428572
2024-02-13,0.0,5.613529411764706
2024-02-14,0.0,3.5780000000000003
2024-02-15,0.0,5.890000000000001
2024-02-16,0.0,14.13
2024-02-17,0.0,7.981428571428571
2024-02-18,0.0,5.656666666666666
2024-02-22,0.0,7.805
2024-02-25,0.0,5.6475
2024-02-26,0.0,13.218823529411765
2024-02-27,0.0,17.78666666666667
2024-02-28,0.0,17.65625
2024-02-29,0.0,23.675
2024-03-01,0.0,19.91
2024-03-02,0.0,15.555555555555555
2024-03-03,0.0,14.211111111111112
2024-03-07,0.0,11.233333333333334
