Fecha,TMP,PM25,AOD_mean,AOD_median,AOD_moda,IQCA,AOD_mean_0,AOD_sum
2018-01-04,13.701666666666666,28.741666666666664,0.191,0.191,0.158,Aceptable,2.059,5.32
2018-01-05,13.3375,25.725,0.506,0.506,0.506,Aceptable,0.006,0.02
2018-01-07,13.128749999999998,20.062916666666663,0.151,0.151,0.147,Deseable,1.575,4.63
2018-01-08,12.804166666666667,23.755,0.323,0.323,0.374,Deseable,0.429,1.26
2018-01-11,13.440416666666666,30.064545454545453,0.265,0.26,0.26,Aceptable,2.832,8.25
2018-01-12,12.97125,25.24708333333333,0.426,0.421,0.382,Aceptable,4.231,12.58
2018-01-13,12.64625,23.017916666666665,0.571,0.565,0.565,Deseable,0.022,0.07
2018-01-21,14.56125,14.44875,0.388,0.384,0.346,Deseable,0.9,2.65
2018-01-22,14.46875,14.989583333333334,0.314,0.289,0.276,Deseable,1.61,4.69
2018-01-24,14.969583333333333,17.017500000000002,0.18,0.178,0.153,Deseable,1.47,4.33
2018-01-25,14.885833333333332,14.186666666666667,0.31,0.309,0.359,Deseable,4.142,8.23
2018-01-28,15.66875,17.49875,0.295,0.294,0.262,Deseable,2.069,6.15
2018-01-29,15.071666666666667,18.9225,0.15,0.141,0.053,Deseable,2.504,4.81
2018-01-30,15.685,20.49571428571429,0.162,0.157,0.166,Deseable,1.661,4.56
2018-01-31,15.381666666666668,25.08791666666667,0.197,0.193,0.246,Aceptable,2.0,5.84
2018-02-01,15.54125,19.966666666666665,0.225,0.211,0.161,Deseable,2.212,6.02
2018-02-03,14.30375,22.4675,0.487,0.487,0.514,Deseable,0.488,1.42
2018-02-07,14.666666666666666,16.9725,0.462,0.49,0.491,Deseable,1.637,4.77
2018-02-08,15.515,16.270833333333332,0.351,0.369,0.399,Deseable,0.991,2.92
2018-02-09,15.407916666666669,21.557916666666667,0.322,0.309,0.364,Deseable,2.25,6.62
2018-02-10,15.09375,21.460416666666664,0.496,0.492,0.492,Deseable,0.0,0.0
2018-02-12,14.49125,22.58833333333333,0.485,0.49,0.5,Deseable,5.21,14.71
2018-02-13,14.127083333333331,25.790000000000003,0.503,0.504,0.51,Aceptable,3.646,10.62
2018-02-14,13.783333333333331,20.949166666666667,0.397,0.386,0.37,Deseable,2.686,7.27
2018-02-21,14.029166666666669,15.77,0.307,0.312,0.233,Deseable,0.515,1.35
2018-02-25,13.073333333333332,15.968333333333334,0.321,0.314,0.299,Deseable,0.231,0.62
2018-02-26,12.811666666666667,16.20958333333333,0.538,0.54,0.559,Deseable,0.008,0.02
2018-03-01,14.094583333333333,22.8725,0.334,0.32,0.305,Deseable,3.101,8.48
2018-03-07,15.253749999999998,22.014166666666668,0.366,0.366,0.366,Deseable,0.0,0.0
2018-03-09,15.634166666666664,18.547083333333333,0.381,0.358,0.403,Deseable,1.32,2.59
2018-03-10,16.212083333333332,13.645833333333334,0.212,0.207,0.191,Deseable,4.735,6.05
2018-03-11,16.7075,12.276666666666666,0.347,0.33,0.293,Deseable,9.805,9.38
2018-03-12,16.291666666666668,14.086666666666666,0.247,0.248,0.221,Deseable,6.037,7.17
2018-03-13,15.2675,19.1025,0.574,0.566,0.566,Deseable,0.0,0.0
2018-03-14,15.37625,21.54875,0.257,0.252,0.237,Deseable,3.829,6.14
2018-03-18,14.202083333333334,23.1425,0.59,0.592,0.572,Deseable,0.518,0.59
2018-03-19,13.427916666666668,16.245833333333334,0.555,0.55,0.546,Deseable,0.205,0.24
2018-03-20,13.894347826086957,30.0005,0.539,0.538,0.512,Aceptable,2.78,1.82
2018-03-21,15.757083333333334,23.75791666666667,0.48,0.459,0.459,Deseable,1.532,1.37
2018-03-25,14.777916666666668,24.21666666666667,0.275,0.269,0.247,Deseable,8.439,7.45
2018-03-26,15.321666666666664,23.781666666666663,0.556,0.553,0.589,Deseable,1.024,1.46
2018-03-27,15.169583333333334,27.039166666666663,0.393,0.384,0.384,Aceptable,7.583,11.27
2018-03-28,14.5775,26.269583333333333,0.405,0.39,0.371,Aceptable,0.112,0.18
2018-04-08,13.769166666666663,21.98333333333333,0.549,0.54,0.533,Deseable,0.495,0.97
2018-04-12,13.134166666666667,34.77041666666667,0.133,0.099,0.067,Aceptable,4.29,4.92
2018-04-14,13.987083333333333,24.839166666666667,0.459,0.465,0.47,Deseable,4.231,8.43
2018-04-15,14.9475,21.902083333333334,0.54,0.54,0.54,Deseable,0.275,0.54
2018-04-17,14.2325,16.90458333333333,0.39,0.413,0.429,Deseable,2.199,4.38
2018-04-18,15.597916666666668,22.661666666666665,0.392,0.39,0.37,Deseable,1.469,2.97
2018-04-19,15.572916666666666,16.284583333333334,0.474,0.499,0.499,Deseable,0.0,0.0
2018-04-20,15.983333333333334,15.872916666666669,0.363,0.354,0.323,Deseable,0.21,0.42
2018-04-21,15.114583333333334,22.047916666666666,0.265,0.25,0.252,Deseable,6.157,8.38
2018-04-22,15.075,17.3475,0.206,0.199,0.208,Deseable,2.868,5.63
2018-04-24,15.207916666666668,29.9225,0.392,0.396,0.393,Aceptable,5.202,9.23
2018-04-27,14.602083333333333,26.95625,0.409,0.418,0.433,Aceptable,0.292,0.58
2018-05-01,14.413333333333334,26.286666666666665,0.538,0.563,0.506,Aceptable,0.579,1.14
2018-05-03,15.07,28.46333333333333,0.428,0.43,0.423,Aceptable,4.71,8.76
2018-05-04,14.402500000000002,25.855416666666667,0.309,0.305,0.263,Aceptable,2.172,4.39
2018-05-05,14.023333333333332,20.15833333333333,0.34,0.332,0.318,Deseable,2.193,4.3
2018-05-10,13.252916666666666,28.527083333333334,0.396,0.396,0.352,Aceptable,2.667,5.23
2018-05-14,13.620833333333332,24.532916666666665,0.516,0.518,0.532,Deseable,0.332,0.65
2018-05-15,14.193333333333332,18.799166666666668,0.494,0.499,0.499,Deseable,1.749,3.48
2018-05-17,15.256666666666668,26.24125,0.315,0.312,0.269,Aceptable,0.681,1.34
2018-05-19,13.745416666666666,21.069166666666668,0.561,0.573,0.528,Deseable,0.212,0.42
2018-05-23,13.777916666666668,25.265833333333333,0.451,0.472,0.352,Aceptable,1.764,3.51
2018-05-25,14.814583333333331,24.46291666666667,0.563,0.566,0.595,Deseable,1.451,2.89
2018-05-30,14.741666666666667,,0.292,0.285,0.319,Incorrecto,3.807,7.47
2018-05-31,14.8375,,0.14,0.127,0.134,Incorrecto,1.942,3.87
2018-06-01,15.1,,0.228,0.225,0.186,Incorrecto,3.343,6.66
2018-06-02,15.761666666666663,17.789565217391303,0.298,0.294,0.241,Deseable,4.272,8.38
2018-06-04,15.55,15.87,0.302,0.256,0.245,Deseable,0.056,0.11
2018-06-05,15.2025,12.569166666666668,0.466,0.461,0.439,Deseable,2.399,4.85
2018-06-06,15.850833333333334,13.140416666666669,0.158,0.152,0.129,Deseable,3.164,4.39
2018-06-07,16.292916666666667,15.81,0.104,0.102,0.048,Deseable,2.895,3.27
2018-06-08,15.717916666666667,15.575416666666667,0.115,0.116,0.117,Deseable,1.567,3.12
2018-06-09,15.832916666666668,15.679583333333332,0.254,0.249,0.243,Deseable,3.473,6.81
2018-06-11,15.35304347826087,21.154705882352943,0.235,0.246,0.25,Deseable,3.194,6.27
2018-06-13,14.957916666666668,18.988333333333333,0.126,0.121,0.126,Deseable,1.797,3.53
2018-06-14,14.7925,16.081666666666667,0.404,0.418,0.418,Deseable,0.214,0.43
2018-06-15,14.980833333333337,20.267916666666668,0.362,0.364,0.289,Deseable,0.66,1.29
2018-06-16,15.200416666666667,20.317272727272726,0.41,0.392,0.392,Deseable,2.638,5.25
2018-06-18,14.89,14.153333333333334,0.337,0.362,0.282,Deseable,1.512,2.97
2018-06-19,14.63625,14.265416666666669,0.306,0.306,0.289,Deseable,0.0,0.0
2018-06-20,13.822083333333332,11.714583333333332,0.372,0.398,0.316,Deseable,0.425,0.83
2018-06-21,14.509583333333332,13.149166666666666,0.194,0.191,0.149,Deseable,4.423,5.4
2018-06-22,14.804166666666667,19.055416666666662,0.137,0.133,0.054,Deseable,3.068,3.91
2018-06-23,14.255833333333332,21.65875,0.493,0.493,0.493,Deseable,0.0,0.0
2018-07-01,13.990833333333336,15.139583333333334,0.332,0.325,0.295,Deseable,1.686,3.31
2018-07-02,13.45625,22.67458333333333,0.061,0.053,0.041,Deseable,0.506,1.01
2018-07-03,13.698333333333332,17.570416666666667,0.172,0.155,0.147,Deseable,2.512,5.0
2018-07-04,14.91875,19.99875,0.271,0.264,0.174,Deseable,0.521,1.02
2018-07-06,14.905833333333334,14.65125,0.488,0.476,0.432,Deseable,0.175,0.34
2018-07-08,14.772916666666667,16.17875,0.211,0.213,0.24,Deseable,5.048,6.11
2018-07-09,15.56375,11.250833333333333,0.336,0.326,0.325,Deseable,0.158,0.32
2018-07-10,15.335416666666667,16.695,0.138,0.137,0.159,Deseable,2.385,3.75
2018-07-11,15.160833333333334,15.237916666666663,0.17,0.158,0.101,Deseable,2.532,4.97
2018-07-12,14.749583333333334,14.340833333333334,0.175,0.171,0.176,Deseable,2.188,4.36
2018-07-13,15.267916666666666,14.939583333333331,0.249,0.236,0.368,Deseable,1.576,2.8
2018-07-14,15.57875,19.6575,0.306,0.304,0.263,Deseable,4.168,8.43
2018-07-15,14.52625,16.79375,0.118,0.108,0.136,Deseable,3.375,3.31
2018-07-16,14.332916666666668,10.697916666666666,0.089,0.084,0.021,Deseable,2.623,2.61
2018-07-17,15.417916666666663,14.878749999999998,0.278,0.269,0.253,Deseable,2.073,4.07
2018-07-18,15.36375,32.305,0.273,0.283,0.105,Aceptable,0.388,0.77
2018-07-19,15.704166666666666,19.725,0.247,0.258,0.172,Deseable,1.33,2.65
2018-07-23,15.279166666666669,19.848333333333333,0.23,0.216,0.209,Deseable,4.542,6.86
2018-07-24,15.218333333333334,14.400833333333331,0.312,0.341,0.341,Deseable,0.164,0.32
2018-07-25,15.137916666666667,15.122083333333334,0.313,0.302,0.302,Deseable,0.234,0.47
2018-07-26,14.780416666666667,17.534166666666668,0.189,0.185,0.182,Deseable,2.438,4.86
2018-07-27,13.829166666666666,25.523333333333337,0.441,0.418,0.418,Aceptable,0.0,0.0
2018-07-28,15.225416666666668,18.7325,0.148,0.14,0.125,Deseable,2.033,4.05
2018-08-01,13.780833333333334,17.889583333333334,0.211,0.208,0.168,Deseable,2.474,4.93
2018-08-02,14.902083333333332,14.827916666666669,0.177,0.183,0.193,Deseable,2.055,4.03
2018-08-05,14.805416666666666,22.00708333333333,0.234,0.238,0.269,Deseable,3.662,7.18
2018-08-07,15.785833333333334,9.612916666666669,0.327,0.328,0.346,Deseable,3.244,5.49
2018-08-08,16.297083333333333,9.102083333333333,0.246,0.24,0.223,Deseable,6.473,7.78
2018-08-09,14.77,11.098333333333334,0.201,0.194,0.195,Deseable,3.179,5.77
2018-08-10,14.225416666666668,9.16125,0.241,0.241,0.248,Deseable,0.095,0.19
2018-08-11,15.018333333333333,8.82625,0.158,0.158,0.11,Deseable,4.05,4.62
2018-08-12,14.436666666666667,8.068260869565217,0.232,0.218,0.238,Deseable,0.63,1.24
2018-08-13,13.99375,10.318333333333332,0.363,0.369,0.301,Deseable,1.847,3.68
2018-08-14,13.747916666666669,12.800833333333337,0.316,0.325,0.235,Deseable,2.648,5.15
2018-08-16,15.172083333333331,15.5925,0.213,0.208,0.158,Deseable,2.002,3.81
2018-08-17,15.292083333333332,11.422083333333331,0.325,0.33,0.36,Deseable,1.122,1.79
2018-08-18,15.358333333333334,11.996250000000002,0.161,0.161,0.118,Deseable,4.035,4.31
2018-08-19,14.822083333333332,9.452916666666669,0.312,0.346,0.138,Deseable,0.114,0.23
2018-08-20,15.357142857142858,18.4275,0.216,0.211,0.232,Deseable,3.248,6.47
2018-08-21,16.974666666666668,31.81083333333333,0.271,0.272,0.269,Aceptable,1.698,3.33
2018-08-22,15.260416666666666,25.442083333333333,0.405,0.406,0.371,Aceptable,0.984,1.96
2018-08-23,14.876086956521736,12.36761904761905,0.331,0.332,0.275,Deseable,10.389,10.45
2018-08-24,15.412916666666668,10.8425,0.183,0.182,0.137,Deseable,3.747,5.82
2018-08-25,15.055,9.652083333333334,0.103,0.092,0.047,Deseable,2.916,2.86
2018-08-26,15.09125,8.73625,0.292,0.305,0.258,Deseable,0.0,0.0
2018-08-27,14.751666666666669,11.128333333333332,0.387,0.476,0.476,Deseable,0.095,0.19
2018-08-28,14.541666666666666,8.784166666666666,0.221,0.213,0.18,Deseable,2.298,4.51
2018-08-29,15.230416666666663,9.904166666666669,0.176,0.177,0.177,Deseable,2.43,4.84
2018-08-30,15.26,13.2475,0.161,0.159,0.129,Deseable,2.243,4.4
2018-09-01,15.243333333333332,19.45958333333333,0.219,0.219,0.244,Deseable,3.447,6.12
2018-09-02,15.695833333333333,16.65625,0.385,0.385,0.385,Deseable,0.0,0.0
2018-09-03,15.78,12.762083333333337,0.287,0.279,0.276,Deseable,1.1,2.15
2018-09-05,15.005833333333332,13.153333333333334,0.516,0.525,0.565,Deseable,0.0,0.0
2018-09-06,14.518333333333333,18.070416666666667,0.188,0.188,0.189,Deseable,5.377,6.17
2018-09-10,15.069166666666666,33.435,0.341,0.341,0.341,Aceptable,0.0,0.0
2018-09-13,13.676666666666668,27.607916666666668,0.39,0.386,0.368,Aceptable,0.76,1.24
2018-09-17,14.1875,27.57208333333333,0.097,0.092,0.092,Aceptable,1.652,2.31
2018-09-18,14.928333333333333,21.683333333333334,0.188,0.2,0.116,Deseable,1.33,1.74
2018-09-19,15.282083333333333,17.336666666666666,0.197,0.197,0.216,Deseable,5.553,5.63
2018-09-20,15.53625,12.126666666666669,0.103,0.086,0.085,Deseable,2.293,2.38
2018-09-21,14.587083333333332,14.436666666666667,0.489,0.534,0.403,Deseable,2.73,2.84
2018-09-22,15.452916666666669,16.63625,0.383,0.378,0.264,Deseable,2.034,1.75
2018-09-24,15.913333333333334,12.195416666666668,0.362,0.327,0.212,Deseable,0.0,0.0
2018-09-26,15.308750000000002,17.695,0.555,0.57,0.566,Deseable,0.0,0.0
2018-09-27,15.090833333333334,19.3325,0.337,0.341,0.341,Deseable,0.0,0.0
2018-09-28,15.757916666666668,19.755416666666665,0.121,0.104,0.108,Deseable,3.657,3.44
2018-09-29,15.553478260869566,21.07875,0.188,0.177,0.144,Deseable,5.726,5.63
2018-10-01,15.790416666666667,40.16458333333333,0.4,0.418,0.374,Aceptable,1.9,3.07
2018-10-03,15.012083333333337,31.91958333333333,0.237,0.205,0.216,Aceptable,1.394,2.57
2018-10-04,14.905416666666667,37.96125,0.467,0.462,0.432,Aceptable,0.868,1.96
2018-10-05,14.627916666666666,35.670833333333334,0.328,0.32,0.353,Aceptable,3.254,7.06
2018-10-12,13.422916666666666,24.24125,0.319,0.311,0.302,Deseable,0.144,0.36
2018-10-13,13.049583333333333,27.105,0.588,0.588,0.588,Aceptable,0.0,0.0
2018-10-14,14.477083333333333,18.524166666666662,0.364,0.371,0.368,Deseable,2.463,6.52
2018-10-15,15.10304347826087,25.71083333333333,0.193,0.2,0.128,Aceptable,2.893,5.32
2018-10-16,14.732916666666666,30.66,0.453,0.411,0.373,Aceptable,0.532,1.44
2018-10-17,14.479583333333332,32.2275,0.304,0.294,0.274,Aceptable,0.96,2.28
2018-10-19,14.767083333333332,37.17125,0.202,0.196,0.195,Aceptable,1.116,2.92
2018-10-21,14.579583333333334,25.062083333333334,0.511,0.515,0.49,Aceptable,0.301,0.81
2018-10-22,13.947083333333332,30.76458333333333,0.574,0.587,0.56,Aceptable,0.445,1.24
2018-10-24,13.837826086956522,29.913157894736845,0.112,0.112,0.019,Aceptable,2.137,3.56
2018-10-28,14.343333333333334,27.945000000000004,0.35,0.314,0.367,Aceptable,0.009,0.02
2018-10-29,14.08125,27.07875,0.539,0.541,0.572,Aceptable,0.0,0.0
2018-10-30,14.648333333333332,24.52958333333333,0.215,0.212,0.2,Deseable,1.707,4.92
2018-10-31,14.216666666666669,33.40083333333333,0.682,0.682,0.682,Aceptable,0.0,0.0
2018-11-02,13.489583333333334,21.58333333333333,0.317,0.309,0.279,Deseable,1.659,4.83
2018-11-06,13.946190476190475,27.937142857142856,0.315,0.312,0.329,Aceptable,0.311,0.91
2018-11-07,15.0775,32.37208333333333,0.286,0.285,0.251,Aceptable,0.924,2.72
2018-11-11,14.499166666666667,25.026666666666667,0.53,0.555,0.579,Aceptable,1.409,4.11
2018-11-18,13.349583333333332,26.47666666666667,0.457,0.441,0.39,Aceptable,2.055,5.99
2018-11-21,13.655833333333334,30.24791666666667,0.569,0.571,0.571,Aceptable,0.574,1.69
2018-11-22,13.659130434782607,26.239565217391306,0.443,0.444,0.444,Aceptable,1.303,3.8
2018-11-23,14.363333333333337,22.339166666666667,0.48,0.488,0.46,Deseable,0.709,2.09
2018-11-25,14.428333333333333,19.985416666666666,0.573,0.575,0.575,Deseable,0.0,0.0
2018-11-28,13.82625,29.701666666666668,0.368,0.37,0.367,Aceptable,0.154,0.46
2018-12-01,13.105,28.08111111111111,0.299,0.289,0.292,Aceptable,2.09,6.15
2018-12-02,13.46125,18.78291666666667,0.35,0.339,0.368,Deseable,3.014,8.78
2018-12-04,12.829583333333334,31.37833333333333,0.481,0.48,0.446,Aceptable,0.416,1.21
2018-12-06,13.1425,24.85625,0.307,0.316,0.242,Deseable,2.267,6.46
2018-12-09,14.92625,18.086666666666662,0.312,0.305,0.319,Deseable,1.607,4.73
2018-12-10,15.178333333333336,16.874166666666667,0.527,0.533,0.538,Deseable,3.37,9.92
2018-12-14,14.1,20.940454545454543,0.527,0.527,0.527,Deseable,0.0,0.0
2018-12-16,15.185833333333331,18.49625,0.248,0.243,0.216,Deseable,4.764,7.46
2018-12-17,14.776666666666666,22.07708333333333,0.514,0.517,0.517,Deseable,0.822,2.42
2018-12-22,14.144166666666663,19.432,0.421,0.431,0.438,Deseable,1.512,4.41
2018-12-23,14.941666666666668,15.157368421052633,0.176,0.178,0.181,Deseable,1.658,4.88
2018-12-25,15.3425,12.379166666666668,0.393,0.382,0.36,Deseable,1.782,5.24
2018-12-26,16.510833333333334,14.927916666666668,0.307,0.312,0.285,Deseable,2.27,6.68
2018-12-29,15.865416666666668,19.069166666666668,0.33,0.341,0.37,Deseable,1.885,5.27
2018-12-30,15.52875,12.888333333333334,0.278,0.281,0.292,Deseable,3.046,8.02
2018-12-31,15.287916666666668,15.5575,,,,Deseable,0.0,0.0
2019-01-01,15.0725,27.955416666666665,0.192,0.192,0.186,Aceptable,2.685,5.36
2019-01-02,15.895,11.5025,0.203,0.197,0.196,Deseable,2.219,5.73
2019-01-03,16.151666666666667,16.1225,0.387,0.405,0.318,Deseable,0.045,0.13
2019-01-05,16.15125,14.537916666666666,0.383,0.389,0.473,Deseable,2.888,8.0
2019-01-07,12.824166666666663,24.906666666666663,0.515,0.515,0.515,Deseable,0.0,0.0
2019-01-09,12.691249999999998,25.122916666666665,0.43,0.43,0.43,Aceptable,0.0,0.0
2019-01-12,14.0675,18.914583333333333,0.34,0.364,0.364,Deseable,1.004,1.74
2019-01-14,13.667916666666663,20.78708333333333,0.436,0.449,0.344,Deseable,0.822,2.4
2019-01-15,14.054583333333332,22.22875,0.497,0.49,0.478,Deseable,2.098,6.24
2019-01-18,15.183333333333332,25.01136363636364,0.447,0.443,0.425,Aceptable,3.449,9.71
2019-01-21,15.955,17.352083333333333,0.334,0.338,0.427,Deseable,0.64,1.86
2019-01-22,16.673333333333336,18.954583333333336,0.262,0.254,0.216,Deseable,0.244,0.73
2019-01-23,16.77625,18.692916666666665,0.261,0.25,0.17,Deseable,3.329,8.08
2019-01-24,16.922083333333333,13.193333333333332,0.341,0.334,0.334,Deseable,0.807,2.37
2019-01-25,16.160416666666666,19.80875,0.262,0.251,0.214,Deseable,1.538,4.48
2019-01-26,16.72375,18.91583333333333,0.216,0.215,0.215,Deseable,2.376,6.38
2019-01-27,15.76,18.052916666666665,0.351,0.345,0.338,Deseable,3.141,9.24
2019-01-30,14.014166666666668,20.116666666666667,0.496,0.478,0.44,Deseable,1.148,3.34
2019-02-02,15.243333333333332,19.22041666666667,0.494,0.495,0.461,Deseable,0.038,0.11
2019-02-06,14.9775,23.91333333333333,0.531,0.555,0.5,Deseable,0.712,2.08
2019-02-08,13.979583333333332,25.40416666666667,0.438,0.451,0.46,Aceptable,2.222,5.22
2019-02-10,14.485833333333332,18.170416666666664,0.57,0.576,0.596,Deseable,1.693,4.88
2019-02-12,15.659565217391306,18.0915,0.467,0.471,0.42,Deseable,2.499,7.06
2019-02-15,15.335833333333332,25.954166666666666,0.416,0.42,0.4,Aceptable,6.378,12.75
2019-02-16,15.75125,26.555000000000003,0.391,0.376,0.373,Aceptable,3.218,9.28
2019-02-17,15.800833333333337,20.819166666666668,0.293,0.295,0.213,Deseable,3.418,9.14
2019-02-22,15.75,20.821250000000003,0.823,0.859,0.786,Deseable,1.428,3.82
2019-02-26,14.191250000000002,25.88458333333333,0.535,0.533,0.486,Aceptable,0.21,0.56
2019-03-01,13.485833333333334,18.0275,0.555,0.56,0.544,Deseable,3.723,9.63
2019-03-08,15.699583333333337,26.7625,0.31,0.306,0.302,Aceptable,3.787,8.22
2019-03-10,15.888333333333334,13.150416666666668,0.444,0.439,0.396,Deseable,0.0,0.0
2019-03-12,15.0025,20.71208333333333,0.326,0.327,0.233,Deseable,0.755,1.32
2019-03-14,15.460833333333332,22.0225,0.439,0.423,0.379,Deseable,7.397,8.47
2019-03-16,15.882083333333334,20.71375,0.206,0.202,0.192,Deseable,4.392,6.27
2019-03-17,16.320416666666667,19.18166666666667,0.532,0.537,0.561,Deseable,1.502,1.97
2019-03-21,14.387916666666667,23.5525,0.367,0.377,0.296,Deseable,1.376,1.15
2019-03-23,13.692916666666669,38.115,0.365,0.355,0.314,Aceptable,7.411,8.37
2019-03-24,13.999583333333334,34.78541666666667,0.582,0.582,0.582,Aceptable,0.046,0.06
2019-03-26,15.414583333333333,22.7575,0.519,0.546,0.568,Deseable,3.894,5.32
2019-03-28,14.875,23.98208333333333,0.375,0.359,0.358,Deseable,5.407,5.91
2019-04-02,13.29952380952381,14.045,0.59,0.59,0.59,Deseable,0.0,0.0
2019-04-06,13.550833333333337,19.780416666666667,0.492,0.489,0.499,Deseable,4.336,8.51
2019-04-09,14.14,27.76375,0.259,0.254,0.246,Aceptable,3.413,6.7
2019-04-11,14.871250000000002,24.054166666666664,0.349,0.36,0.329,Deseable,3.379,6.63
2019-04-13,15.37375,15.664583333333333,0.311,0.305,0.305,Deseable,1.365,2.68
2019-04-14,15.56875,16.92875,0.437,0.445,0.456,Deseable,2.17,4.32
2019-04-16,15.332083333333332,18.91,0.292,0.278,0.238,Deseable,2.58,5.14
2019-04-18,14.905416666666667,21.23208333333333,0.409,0.411,0.411,Deseable,0.0,0.0
2019-04-22,13.494166666666668,18.615416666666665,0.479,0.486,0.535,Deseable,6.64,13.03
2019-04-25,15.33,30.52375,0.436,0.436,0.436,Aceptable,0.0,0.0
2019-04-28,16.195416666666667,19.3425,0.52,0.52,0.52,Deseable,0.0,0.0
2019-05-01,16.529166666666665,14.745416666666666,0.182,0.187,0.187,Deseable,4.488,5.49
2019-05-02,16.359583333333333,17.235,0.299,0.297,0.248,Deseable,2.528,4.78
2019-05-04,15.46375,14.172083333333331,0.349,0.349,0.35,Deseable,3.191,5.85
2019-05-05,16.621666666666666,9.531666666666666,0.498,0.498,0.498,Deseable,0.0,0.0
2019-05-06,16.631666666666664,13.805,0.434,0.441,0.427,Deseable,4.666,9.15
2019-05-11,15.070416666666668,23.59875,0.266,0.272,0.256,Deseable,1.954,3.83
2019-05-16,15.518333333333333,17.381249999999998,0.305,0.295,0.278,Deseable,3.589,7.15
2019-05-18,14.481666666666667,15.8425,0.463,0.469,0.414,Deseable,0.161,0.25
2019-05-22,15.099583333333332,19.216666666666665,0.326,0.337,0.337,Deseable,4.984,9.41
2019-05-24,14.575,16.220833333333335,0.194,0.183,0.174,Deseable,1.892,3.71
2019-05-25,14.262083333333337,16.75375,0.495,0.489,0.542,Deseable,0.899,1.79
2019-05-26,14.358333333333334,17.266666666666666,1.319,1.32,1.32,Deseable,0.0,0.0
2019-05-27,14.838333333333331,29.17,0.387,0.395,0.392,Aceptable,2.643,5.19
2019-06-01,14.097499999999998,19.80625,0.446,0.437,0.404,Deseable,1.313,2.62
2019-06-04,15.89,20.81875,0.287,0.283,0.283,Deseable,3.448,6.87
2019-06-08,15.739166666666668,24.271666666666665,0.265,0.266,0.288,Deseable,1.282,2.59
2019-06-09,15.23375,18.45833333333333,0.343,0.342,0.313,Deseable,0.6,1.18
2019-06-11,13.956666666666663,24.349166666666665,0.531,0.54,0.449,Deseable,0.0,0.0
2019-06-17,15.942083333333334,12.457083333333337,0.247,0.236,0.234,Deseable,2.599,5.18
2019-06-18,15.913333333333334,11.007916666666668,0.412,0.413,0.519,Deseable,1.449,2.84
2019-06-19,15.650416666666668,12.92375,0.196,0.197,0.197,Deseable,5.536,6.03
2019-06-25,15.408333333333331,30.567083333333333,0.274,0.278,0.294,Aceptable,7.922,8.43
2019-06-26,16.37666666666667,33.09875,0.111,0.115,0.119,Aceptable,1.637,3.2
2019-06-27,16.400000000000002,21.015833333333333,0.17,0.167,0.143,Deseable,5.372,5.35
2019-06-28,16.321666666666665,15.86875,0.135,0.127,0.117,Deseable,2.355,3.86
2019-06-30,15.29875,8.960416666666667,0.345,0.375,0.178,Deseable,0.285,0.56
2019-07-03,15.194583333333334,29.876315789473683,0.165,0.166,0.137,Aceptable,2.414,4.81
2019-07-04,16.11625,22.206818181818186,0.34,0.33,0.318,Deseable,2.3,4.51
2019-07-05,15.78125,22.895416666666662,0.214,0.208,0.163,Deseable,3.036,6.05
2019-07-06,15.778333333333334,9.865416666666668,0.534,0.578,0.578,Deseable,0.0,0.0
2019-07-09,14.021666666666668,13.415,0.268,0.252,0.239,Deseable,1.473,2.88
2019-07-10,14.665,9.54875,0.179,0.17,0.136,Deseable,3.699,5.07
2019-07-11,13.807272727272728,16.956818181818182,0.062,0.066,0.039,Deseable,1.068,2.1
2019-07-12,14.389583333333334,24.226666666666663,0.398,0.405,0.345,Deseable,0.177,0.35
2019-07-13,14.230833333333337,21.345,0.491,0.488,0.467,Deseable,1.427,2.84
2019-07-16,14.587916666666668,17.47125,0.266,0.21,0.593,Deseable,0.531,0.71
2019-07-17,15.351666666666668,16.983333333333334,0.321,0.315,0.303,Deseable,0.137,0.28
2019-07-18,15.217916666666667,11.699166666666663,0.243,0.241,0.337,Deseable,4.606,7.56
2019-07-19,15.567916666666669,11.822083333333332,0.16,0.142,0.115,Deseable,2.327,4.37
2019-07-20,16.067083333333333,9.290833333333332,0.267,0.238,0.228,Deseable,0.931,1.83
2019-07-21,15.518333333333333,10.313333333333334,0.292,0.332,0.335,Deseable,0.963,1.92
2019-07-27,14.630833333333332,19.677916666666665,0.18,0.166,0.166,Deseable,0.009,0.02
2019-07-28,14.837916666666668,11.725833333333334,0.19,0.19,0.19,Deseable,0.0,0.0
2019-07-29,14.809583333333334,13.67125,0.08,0.084,0.031,Deseable,1.966,2.4
2019-08-01,14.977083333333333,15.988333333333337,0.222,0.225,0.204,Deseable,3.068,6.02
2019-08-03,15.517916666666666,14.740833333333333,0.337,0.328,0.279,Deseable,0.506,0.99
2019-08-04,14.84625,9.335,0.351,0.346,0.328,Deseable,0.479,0.95
2019-08-05,14.974166666666669,13.08125,0.16,0.155,0.144,Deseable,3.307,4.72
2019-08-06,14.897916666666667,13.874583333333334,0.112,0.118,0.019,Deseable,3.515,3.55
2019-08-07,15.095,14.074166666666663,0.423,0.405,0.382,Deseable,3.466,6.9
2019-08-08,15.178333333333333,14.709583333333336,0.206,0.187,0.195,Deseable,4.723,6.1
2019-08-09,15.192916666666669,13.17625,0.385,0.377,0.366,Deseable,0.618,1.23
2019-08-10,15.765,12.365,0.229,0.22,0.153,Deseable,6.131,6.91
2019-08-11,13.02,4.23125,0.321,0.312,0.353,Deseable,1.241,2.51
2019-08-12,15.777083333333332,12.822272727272727,0.192,0.188,0.171,Deseable,4.896,5.73
2019-08-13,15.04,11.369166666666668,0.506,0.499,0.443,Deseable,0.363,0.72
2019-08-18,15.530833333333334,12.81,0.332,0.332,0.332,Deseable,0.0,0.0
2019-08-19,14.980833333333337,20.06083333333333,0.309,0.307,0.232,Deseable,0.612,1.19
2019-08-21,14.7075,11.82125,0.312,0.303,0.302,Deseable,0.645,1.27
2019-08-22,15.1075,10.415,0.274,0.25,0.251,Deseable,3.268,5.55
2019-08-24,14.656666666666666,16.035416666666666,0.246,0.241,0.227,Deseable,3.477,5.99
2019-08-26,15.22375,15.738333333333337,0.222,0.224,0.192,Deseable,3.749,6.14
2019-08-27,15.535416666666668,12.500416666666666,0.337,0.327,0.327,Deseable,0.199,0.4
2019-08-28,15.632916666666668,12.62375,0.238,0.23,0.23,Deseable,3.36,6.59
2019-08-29,15.250416666666666,18.30666666666667,0.262,0.264,0.248,Deseable,1.98,3.88
2019-08-30,15.014583333333334,17.704583333333336,0.082,0.083,0.056,Deseable,2.504,2.49
2019-08-31,15.165833333333332,20.457083333333333,0.3,0.286,0.331,Deseable,0.403,0.79
2019-09-02,14.985,13.690833333333332,0.208,0.201,0.185,Deseable,2.923,5.82
2019-09-05,15.637083333333337,12.97375,0.385,0.386,0.375,Deseable,1.098,2.19
2019-09-06,15.625,16.072916666666668,0.294,0.295,0.295,Deseable,1.315,2.58
2019-09-07,15.457083333333337,9.717916666666666,0.2,0.189,0.134,Deseable,4.169,6.32
2019-09-08,15.488333333333337,9.872083333333334,0.137,0.137,0.147,Deseable,2.056,4.1
2019-09-09,14.9175,9.4475,0.352,0.366,0.366,Deseable,0.03,0.06
2019-09-11,15.368333333333332,23.4025,0.301,0.306,0.287,Deseable,4.347,7.88
2019-09-13,16.353333333333335,22.067916666666665,0.258,0.261,0.269,Deseable,1.719,2.93
2019-09-16,15.027499999999998,22.23,0.222,0.21,0.216,Deseable,2.747,3.92
2019-09-22,15.193333333333332,20.716666666666665,0.4,0.4,0.377,Deseable,5.676,5.05
2019-09-27,15.0225,20.06625,0.372,0.376,0.313,Deseable,4.124,5.64
2019-09-29,13.664583333333333,19.34541666666667,0.293,0.282,0.302,Deseable,2.549,3.79
2019-09-30,13.33125,17.839166666666667,0.569,0.566,0.585,Deseable,0.511,0.9
2019-10-01,14.40125,35.53541666666667,0.433,0.422,0.422,Aceptable,4.404,7.85
2019-10-04,14.359583333333331,19.55375,0.464,0.411,0.411,Deseable,0.0,0.0
2019-10-14,13.573333333333332,23.12,0.249,0.248,0.244,Deseable,2.614,7.15
2019-10-16,13.462916666666668,20.01619047619048,0.54,0.54,0.54,Deseable,0.0,0.0
2019-10-17,13.554583333333332,19.35,0.551,0.548,0.523,Deseable,0.419,1.13
2019-10-25,13.6075,37.60833333333333,0.436,0.418,0.418,Aceptable,0.49,1.37
2019-10-29,14.40375,17.16375,0.304,0.274,0.273,Deseable,0.851,2.35
2019-10-30,13.886666666666663,26.328333333333333,0.547,0.558,0.593,Aceptable,0.0,0.0
2019-11-01,13.738333333333337,18.086666666666662,0.452,0.455,0.456,Deseable,4.385,12.77
2019-11-03,14.985833333333334,14.9975,0.446,0.451,0.451,Deseable,0.743,2.17
2019-11-05,14.971666666666666,17.785833333333333,0.359,0.367,0.377,Deseable,3.358,8.74
2019-11-07,15.85,21.935,0.403,0.405,0.494,Deseable,2.102,6.12
2019-11-08,15.720833333333331,25.894583333333333,0.428,0.429,0.391,Aceptable,2.44,7.18
2019-11-09,14.159583333333332,18.050416666666667,0.51,0.51,0.51,Deseable,0.0,0.0
2019-11-17,13.950416666666667,14.12375,0.385,0.392,0.399,Deseable,0.0,0.0
2019-11-18,13.572916666666666,18.120416666666667,0.284,0.277,0.26,Deseable,2.631,7.74
2019-11-21,13.322916666666666,20.162916666666668,0.598,0.599,0.599,Deseable,0.0,0.0
2019-11-24,14.105,19.39,0.354,0.352,0.384,Deseable,3.434,10.11
2019-11-25,15.725416666666668,21.3475,0.447,0.431,0.396,Deseable,3.992,11.63
2019-11-26,15.9125,24.41583333333333,0.308,0.299,0.289,Deseable,3.232,7.54
2019-11-30,14.420416666666668,19.809166666666663,0.54,0.54,0.54,Deseable,0.0,0.0
2019-12-02,16.294999999999998,14.894545454545456,0.398,0.396,0.396,Deseable,2.793,8.14
2019-12-03,13.84875,22.22791666666667,0.344,0.336,0.303,Deseable,1.337,3.94
2019-12-04,14.057916666666666,19.040416666666665,0.446,0.441,0.42,Deseable,3.529,7.45
2019-12-05,13.684583333333334,19.050416666666667,0.52,0.542,0.58,Deseable,2.475,7.21
2019-12-09,14.150416666666668,22.81833333333333,0.511,0.549,0.509,Deseable,3.279,9.55
2019-12-11,13.288695652173912,18.6265,0.578,0.578,0.578,Deseable,0.0,0.0
2019-12-13,13.637916666666667,28.615,0.526,0.557,0.595,Aceptable,1.136,3.34
2019-12-14,13.681666666666668,25.417916666666667,0.442,0.443,0.408,Aceptable,4.309,12.55
2019-12-16,15.000416666666666,19.917272727272728,0.407,0.406,0.39,Deseable,3.103,6.99
2019-12-17,14.710833333333332,17.008750000000003,0.323,0.323,0.308,Deseable,1.744,5.18
2019-12-18,13.829166666666666,24.11958333333333,0.293,0.292,0.28,Deseable,3.258,8.35
2019-12-19,14.202916666666669,22.99833333333333,0.379,0.369,0.376,Deseable,3.446,10.14
2019-12-23,15.046666666666669,17.012,0.387,0.387,0.387,Deseable,0.0,0.0
2019-12-25,15.962916666666668,17.705416666666668,0.296,0.304,0.221,Deseable,3.063,8.92
2019-12-26,16.728333333333335,14.38875,0.234,0.229,0.173,Deseable,2.861,5.77
2019-12-27,15.647083333333333,14.93625,0.432,0.426,0.451,Deseable,0.257,0.75
2019-12-28,15.514166666666666,19.00625,0.43,0.422,0.393,Deseable,0.256,0.76
2019-12-29,15.428333333333336,15.40375,0.396,0.391,0.383,Deseable,1.179,3.47
2019-12-31,13.377083333333331,11.8725,,,,Deseable,0.0,0.0
2020-01-03,14.084583333333336,18.969583333333333,0.421,0.415,0.377,Deseable,1.078,3.14
2020-01-04,14.275833333333331,19.33333333333333,0.225,0.215,0.21,Deseable,2.103,6.12
2020-01-05,14.069583333333334,14.455,0.364,0.363,0.325,Deseable,0.418,0.94
2020-01-06,13.86125,12.85125,0.34,0.322,0.322,Deseable,0.114,0.33
2020-01-08,15.071666666666667,24.47791666666667,0.312,0.311,0.242,Deseable,5.739,9.78
2020-01-09,14.932916666666666,20.455,0.379,0.38,0.376,Deseable,1.783,5.3
2020-01-10,16.285833333333333,16.646666666666665,0.232,0.23,0.184,Deseable,4.258,6.9
2020-01-11,16.151666666666667,16.884583333333335,0.322,0.314,0.315,Deseable,1.143,3.36
2020-01-12,,5.892,0.24,0.241,0.215,Deseable,4.08,6.88
2020-01-13,17.921875,16.763636363636365,0.265,0.272,0.229,Deseable,2.368,5.95
2020-01-14,16.422083333333333,17.84625,0.284,0.282,0.28,Deseable,2.876,8.46
2020-01-15,15.962272727272728,25.66454545454545,0.276,0.278,0.248,Aceptable,2.961,7.78
2020-01-16,16.785416666666666,16.577916666666667,0.39,0.384,0.384,Deseable,0.0,0.0
2020-01-17,17.330833333333334,14.031666666666666,0.26,0.251,0.196,Deseable,3.663,6.92
2020-01-18,17.422083333333333,11.197916666666666,0.498,0.515,0.444,Deseable,0.01,0.03
2020-01-19,17.12875,10.899583333333332,0.32,0.312,0.229,Deseable,5.613,9.01
2020-01-24,14.255416666666669,17.562916666666666,0.561,0.55,0.549,Deseable,0.0,0.0
2020-01-26,13.566249999999998,23.852083333333336,0.511,0.51,0.505,Deseable,3.395,9.89
2020-01-28,13.3675,26.392916666666668,0.272,0.271,0.245,Aceptable,2.72,7.92
2020-02-02,14.768333333333333,23.727500000000003,0.514,0.511,0.466,Deseable,1.038,3.03
2020-02-03,15.949166666666663,24.475416666666664,0.39,0.398,0.374,Deseable,1.356,4.03
2020-02-04,15.4275,21.172083333333333,0.475,0.479,0.455,Deseable,2.736,7.97
2020-02-05,15.214583333333335,30.450416666666666,0.176,0.177,0.074,Aceptable,3.356,4.98
2020-02-06,15.06,37.39625,0.138,0.137,0.096,Aceptable,2.748,4.04
2020-02-07,14.892083333333332,23.90875,0.284,0.279,0.264,Deseable,2.474,7.21
2020-02-09,14.784999999999998,13.994583333333331,0.544,0.549,0.516,Deseable,2.467,7.19
2020-02-11,15.464999999999998,28.16583333333333,0.168,0.166,0.121,Aceptable,3.638,5.08
2020-02-13,15.73625,24.32375,0.304,0.299,0.293,Deseable,3.286,9.18
2020-02-14,15.906666666666666,30.00583333333333,0.197,0.186,0.185,Aceptable,1.982,5.66
2020-02-15,16.11625,25.354166666666668,0.506,0.508,0.5,Aceptable,4.984,14.08
2020-02-16,15.786666666666669,33.66625,0.388,0.388,0.388,Aceptable,2.849,7.79
2020-02-17,16.685416666666665,17.917916666666667,0.562,0.562,0.562,Deseable,0.0,0.0
2020-02-18,16.764166666666664,17.367083333333333,0.394,0.379,0.275,Deseable,5.085,11.54
2020-02-29,14.590833333333334,20.85083333333333,0.481,0.481,0.481,Deseable,0.0,0.0
2020-03-01,15.3275,21.65625,0.348,0.337,0.328,Deseable,2.879,7.53
2020-03-03,15.745833333333332,25.536666666666665,0.468,0.48,0.438,Aceptable,0.344,0.87
2020-03-09,16.250833333333333,33.68625,0.426,0.449,0.44,Aceptable,4.994,6.25
2020-03-10,14.889166666666666,26.3175,0.513,0.523,0.479,Aceptable,0.213,0.41
2020-03-18,15.252916666666666,15.19875,0.323,0.321,0.278,Deseable,6.116,7.27
2020-03-19,15.005833333333332,11.895,0.344,0.349,0.316,Deseable,14.72,10.16
2020-03-21,13.847083333333332,9.54875,0.349,0.349,0.341,Deseable,4.422,4.21
2020-03-22,14.315833333333332,11.119166666666668,0.151,0.13,0.114,Deseable,2.858,3.4
2020-03-23,14.692916666666669,17.677083333333332,0.448,0.429,0.362,Deseable,13.38,12.26
2020-03-24,13.776666666666666,18.674166666666668,0.455,0.461,0.474,Deseable,10.391,13.28
2020-04-03,15.676666666666668,5.01,0.302,0.294,0.278,Deseable,4.396,8.76
2020-04-04,15.70125,5.01,0.491,0.481,0.467,Deseable,0.298,0.59
2020-04-06,16.455416666666668,5.01,0.434,0.445,0.361,Deseable,0.205,0.4
2020-04-08,16.369583333333335,5.01,0.459,0.45,0.414,Deseable,4.219,8.28
2020-04-19,13.804166666666667,5.01,0.397,0.396,0.388,Deseable,3.887,7.74
2020-04-20,13.873333333333331,5.01,0.305,0.303,0.242,Deseable,1.832,3.6
2020-04-22,14.061666666666667,5.01,0.446,0.459,0.462,Deseable,3.459,6.79
2020-04-23,13.81375,5.01,0.503,0.503,0.503,Deseable,0.0,0.0
2020-04-26,14.552916666666668,5.01,0.413,0.414,0.381,Deseable,2.988,5.95
2020-04-29,15.069583333333334,5.01,0.456,0.463,0.462,Deseable,2.391,4.69
2020-05-08,16.38625,5.01,0.34,0.365,0.388,Deseable,1.648,3.23
2020-05-10,15.798333333333334,5.01,0.371,0.376,0.306,Deseable,6.803,8.45
2020-05-11,14.822083333333332,5.01,0.423,0.41,0.388,Deseable,4.079,8.12
2020-05-15,16.143333333333334,15.030833333333334,0.279,0.287,0.243,Deseable,4.756,8.13
2020-05-17,15.902916666666668,11.86875,0.375,0.293,0.293,Deseable,0.0,0.0
2020-05-18,14.815416666666666,14.633333333333333,0.508,0.508,0.45,Deseable,1.937,3.86
2020-05-19,15.199166666666668,15.38,0.443,0.42,0.291,Deseable,0.686,1.35
2020-05-20,16.305,13.690416666666666,0.309,0.308,0.308,Deseable,3.385,6.74
2020-05-23,16.4225,14.479166666666666,0.384,0.4,0.4,Deseable,2.898,5.77
2020-05-24,16.512916666666666,8.938333333333334,0.476,0.494,0.432,Deseable,0.171,0.34
2020-05-25,16.503333333333334,9.988333333333332,0.324,0.321,0.297,Deseable,3.769,5.56
2020-05-26,16.4875,14.872083333333334,0.355,0.356,0.339,Deseable,4.374,7.6
2020-05-27,15.294583333333334,8.306666666666667,0.39,0.386,0.386,Deseable,0.049,0.1
2020-05-28,14.302083333333334,16.808333333333334,0.38,0.382,0.382,Deseable,3.391,5.76
2020-05-31,14.322083333333332,14.229166666666666,0.344,0.339,0.337,Deseable,1.391,2.73
2020-06-02,13.755,16.090416666666666,0.441,0.426,0.395,Deseable,2.554,5.01
2020-06-04,15.349166666666669,23.24416666666667,0.261,0.255,0.172,Deseable,6.092,8.03
2020-06-06,15.472916666666668,14.71625,0.17,0.165,0.149,Deseable,2.736,5.45
2020-06-07,15.244166666666668,12.815416666666666,0.243,0.241,0.138,Deseable,0.051,0.1
2020-06-11,13.947083333333332,22.34958333333333,0.184,0.195,0.117,Deseable,2.804,5.5
2020-06-14,14.178333333333336,17.74833333333333,0.318,0.309,0.309,Deseable,1.846,3.62
2020-06-16,14.46,17.00375,0.469,0.468,0.464,Deseable,3.531,6.93
2020-06-18,14.525416666666668,13.374166666666667,0.337,0.333,0.331,Deseable,4.773,9.36
2020-06-19,14.585833333333332,18.27958333333333,0.362,0.362,0.362,Deseable,0.0,0.0
2020-06-21,15.024166666666666,14.516666666666667,0.374,0.36,0.355,Deseable,1.047,2.09
2020-06-22,15.34125,16.460833333333333,0.376,0.373,0.345,Deseable,5.009,9.98
2020-06-26,14.149583333333334,18.09125,0.423,0.423,0.361,Deseable,0.084,0.17
2020-06-27,14.34875,15.715416666666668,0.303,0.304,0.283,Deseable,3.272,6.42
2020-06-28,13.895416666666668,16.95416666666667,0.459,0.466,0.467,Deseable,1.167,2.32
2020-06-29,14.6075,19.719166666666663,0.419,0.419,0.419,Deseable,0.0,0.0
2020-07-06,13.935416666666669,23.4,0.382,0.38,0.38,Deseable,0.0,0.0
2020-07-08,13.59375,22.82208333333333,0.401,0.401,0.357,Deseable,0.675,1.34
2020-07-09,14.319166666666666,21.33375,0.401,0.389,0.388,Deseable,4.425,8.68
2020-07-12,14.112916666666663,18.95625,0.367,0.373,0.341,Deseable,0.341,0.69
2020-07-15,14.14125,12.900833333333331,0.508,0.51,0.51,Deseable,0.0,0.0
2020-07-16,14.390833333333331,10.606666666666667,0.207,0.201,0.112,Deseable,2.299,4.4
2020-07-18,14.09125,9.297916666666667,0.265,0.266,0.248,Deseable,4.184,6.29
2020-07-20,14.89590909090909,13.019545454545456,0.442,0.442,0.442,Deseable,0.0,0.0
2020-07-24,13.364583333333334,16.115416666666665,0.372,0.36,0.352,Deseable,0.573,1.14
2020-07-25,13.85125,16.794583333333332,0.335,0.323,0.284,Deseable,4.683,9.19
2020-07-26,14.7825,17.33875,0.476,0.47,0.457,Deseable,0.138,0.27
2020-07-28,14.53125,20.19434782608696,0.288,0.257,0.238,Deseable,0.881,1.78
2020-07-31,15.665833333333332,11.6725,0.313,0.319,0.295,Deseable,2.999,5.6
2020-08-01,15.27625,13.10375,0.351,0.344,0.335,Deseable,2.324,4.12
2020-08-03,15.425833333333332,16.24416666666667,0.34,0.348,0.237,Deseable,7.211,11.08
2020-08-04,14.784166666666666,13.819583333333334,0.35,0.341,0.311,Deseable,1.969,3.98
2020-08-05,14.667083333333332,13.253750000000002,0.372,0.376,0.376,Deseable,0.215,0.42
2020-08-06,14.945416666666668,12.300833333333337,0.373,0.341,0.323,Deseable,0.707,1.41
2020-08-07,15.569583333333334,13.97875,0.264,0.253,0.229,Deseable,4.441,7.64
2020-08-08,15.904583333333331,13.859583333333331,0.197,0.183,0.217,Deseable,3.267,5.3
2020-08-09,15.9175,10.790416666666667,0.19,0.189,0.173,Deseable,2.81,5.6
2020-08-10,16.14875,12.677916666666668,0.19,0.2,0.229,Deseable,3.831,5.57
2020-08-11,16.079583333333336,18.57625,0.517,0.521,0.521,Deseable,0.0,0.0
2020-08-12,15.805833333333332,20.344166666666663,0.347,0.347,0.117,Deseable,1.226,2.37
2020-08-13,15.819545454545452,22.43045454545455,0.204,0.202,0.198,Deseable,1.886,3.81
2020-08-14,14.56375,19.99833333333333,0.269,0.265,0.213,Deseable,3.67,7.2
2020-08-15,15.314166666666669,19.4975,0.566,0.576,0.537,Deseable,0.336,0.67
2020-08-16,14.885416666666666,15.262916666666667,0.269,0.272,0.223,Deseable,3.783,7.42
2020-08-17,14.130416666666669,20.66541666666667,0.278,0.285,0.3,Deseable,3.809,7.36
2020-08-19,13.761666666666663,18.58,0.553,0.558,0.514,Deseable,0.263,0.52
2020-08-23,14.16875,17.633333333333333,0.191,0.2,0.118,Deseable,2.865,5.61
2020-08-24,14.607083333333334,20.741666666666667,0.095,0.082,0.066,Deseable,1.432,2.81
2020-08-25,14.48875,20.9175,0.316,0.356,0.366,Deseable,2.708,5.31
2020-08-26,14.594166666666666,19.072916666666668,0.166,0.183,0.06,Deseable,3.438,5.33
2020-08-28,13.53125,18.06,0.501,0.491,0.491,Deseable,0.0,0.0
2020-08-30,12.983333333333334,14.195416666666668,0.136,0.124,0.124,Deseable,2.031,3.98
2020-08-31,14.399166666666666,21.57875,0.265,0.256,0.223,Deseable,1.287,2.53
2020-09-02,14.058750000000002,14.261666666666668,0.312,0.305,0.289,Deseable,0.989,1.91
2020-09-04,15.548333333333334,18.445416666666667,0.436,0.463,0.48,Deseable,2.268,4.45
2020-09-07,14.41125,17.919583333333332,0.574,0.579,0.579,Deseable,0.0,0.0
2020-09-11,15.1275,17.33625,0.256,0.256,0.256,Deseable,0.126,0.22
2020-09-13,14.919166666666667,14.779166666666669,0.406,0.406,0.406,Deseable,0.0,0.0
2020-09-14,15.3225,11.09125,0.356,0.341,0.341,Deseable,4.574,7.21
2020-09-16,13.220833333333331,23.7975,0.498,0.486,0.486,Deseable,0.0,0.0
2020-09-17,12.91125,24.41,0.271,0.249,0.226,Deseable,6.218,7.23
2020-09-20,15.253749999999998,25.896666666666665,0.422,0.45,0.45,Aceptable,0.0,0.0
2020-09-22,15.79625,17.09875,0.244,0.243,0.169,Deseable,18.182,7.58
2020-09-25,14.51,11.384166666666667,0.439,0.451,0.451,Deseable,0.0,0.0
2020-09-26,13.628749999999998,15.014583333333334,0.174,0.16,0.133,Deseable,3.151,4.5
2020-09-27,13.757083333333334,31.190416666666668,0.285,0.285,0.294,Aceptable,5.757,8.21
2020-09-29,13.789166666666668,30.32541666666667,0.324,0.325,0.339,Aceptable,1.956,3.14
2020-10-01,13.84,15.2965,0.39,0.392,0.344,Deseable,1.43,2.54
2020-10-02,14.190416666666666,13.655,0.167,0.157,0.183,Deseable,2.136,4.51
2020-10-06,15.344166666666666,11.922083333333331,0.399,0.401,0.361,Deseable,5.085,11.94
2020-10-08,13.755416666666669,14.4425,0.504,0.5,0.485,Deseable,0.456,1.0
2020-10-09,15.437916666666666,13.2625,0.467,0.417,0.417,Deseable,0.0,0.0
2020-10-10,15.148333333333332,12.674166666666666,0.149,0.145,0.086,Deseable,3.548,4.38
2020-10-11,15.332916666666668,18.67458333333333,0.166,0.174,0.213,Deseable,1.673,4.48
2020-10-12,15.687083333333334,9.088333333333331,0.312,0.307,0.275,Deseable,3.337,8.63
2020-10-13,14.62625,11.977083333333333,0.304,0.304,0.228,Deseable,0.591,1.55
2020-10-15,15.585416666666667,14.81375,0.292,0.275,0.275,Deseable,0.0,0.0
2020-10-16,15.874166666666667,13.718333333333334,0.492,0.49,0.49,Deseable,1.24,3.43
2020-10-17,16.069583333333334,12.11,0.398,0.4,0.362,Deseable,0.129,0.34
2020-10-19,13.373333333333331,17.61,0.343,0.341,0.348,Deseable,2.673,7.23
2020-10-20,13.600416666666668,27.897916666666664,0.346,0.358,0.364,Aceptable,3.905,10.45
2020-10-24,12.855833333333337,20.11375,0.563,0.584,0.475,Deseable,0.337,0.9
2020-10-25,13.757916666666668,22.214166666666667,0.578,0.582,0.582,Deseable,0.638,1.84
2020-10-26,14.874166666666667,20.25625,0.262,0.264,0.234,Deseable,4.508,7.76
2020-10-29,14.815833333333332,16.32375,0.565,0.548,0.502,Deseable,0.314,0.88
2020-10-30,14.16625,17.96875,0.416,0.41,0.397,Deseable,0.516,1.49
2020-10-31,14.2475,24.60333333333333,0.929,0.926,0.882,Deseable,1.801,5.19
2020-11-01,14.499166666666667,19.309166666666663,0.274,0.278,0.253,Deseable,3.321,6.73
2020-11-02,13.997083333333334,18.00916666666667,0.192,0.185,0.175,Deseable,3.778,5.45
2020-11-04,14.4125,23.742500000000003,0.134,0.136,0.138,Deseable,2.77,4.08
2020-11-05,14.83,29.23625,0.461,0.461,0.487,Aceptable,3.2,9.32
2020-11-07,15.722083333333332,24.682916666666667,0.461,0.469,0.324,Deseable,0.632,1.84
2020-11-09,14.724583333333332,17.931250000000002,0.281,0.274,0.274,Deseable,2.87,8.36
2020-11-10,13.886666666666668,31.802916666666665,0.321,0.313,0.313,Aceptable,1.424,4.19
2020-11-11,14.087083333333332,29.09,0.432,0.432,0.432,Aceptable,0.102,0.3
2020-11-12,14.158333333333331,27.273333333333333,0.56,0.571,0.576,Aceptable,3.604,10.61
2020-11-13,14.152500000000002,35.647083333333335,0.313,0.314,0.324,Aceptable,2.998,8.82
2020-11-19,13.127916666666666,29.52541666666667,0.486,0.514,0.491,Aceptable,2.269,6.68
2020-11-21,12.480416666666668,24.750416666666663,0.565,0.565,0.565,Deseable,0.0,0.0
2020-11-25,14.214166666666666,11.7075,0.548,0.547,0.596,Deseable,0.975,2.84
2020-11-26,13.90875,20.614166666666662,0.446,0.444,0.436,Deseable,4.036,11.88
2020-11-28,13.265416666666669,27.87333333333333,0.55,0.554,0.567,Aceptable,0.745,2.19
2020-11-29,14.902916666666668,18.95208333333333,0.451,0.459,0.446,Deseable,2.799,8.24
2020-11-30,14.749583333333334,21.179583333333333,0.391,0.401,0.414,Deseable,2.043,5.84
2020-12-03,13.237083333333333,20.345,0.54,0.54,0.539,Deseable,0.327,0.97
2020-12-04,13.766666666666666,15.852083333333333,0.51,0.488,0.47,Deseable,0.05,0.15
2020-12-06,14.454166666666666,10.553333333333333,0.517,0.517,0.517,Deseable,0.0,0.0
2020-12-07,14.226666666666668,15.53875,0.375,0.373,0.384,Deseable,3.347,9.75
2020-12-11,13.382083333333334,20.203333333333333,0.466,0.444,0.552,Deseable,3.409,9.93
2020-12-15,13.327916666666669,20.185416666666665,0.592,0.569,0.564,Deseable,0.533,1.57
2020-12-18,14.023333333333332,20.36083333333333,0.55,0.55,0.55,Deseable,0.0,0.0
2020-12-19,13.942083333333334,18.957916666666662,0.494,0.495,0.499,Deseable,0.009,0.03
2020-12-20,13.776666666666666,12.909999999999998,0.264,0.251,0.224,Deseable,2.14,5.47
2020-12-21,14.204583333333334,17.36583333333333,0.397,0.379,0.367,Deseable,1.614,4.75
2020-12-23,14.65375,21.14125,0.539,0.572,0.462,Deseable,0.002,0.01
2020-12-29,12.60125,17.20875,0.482,0.467,0.458,Deseable,0.822,2.4
2020-12-31,13.273333333333332,19.23708333333333,,,,Deseable,0.0,0.0
2021-01-08,12.352916666666667,16.656666666666666,0.529,0.529,0.529,Deseable,0.0,0.0
2021-01-10,13.754166666666668,16.689583333333335,0.588,0.588,0.588,Deseable,0.0,0.0
2021-01-13,14.566666666666668,15.537916666666668,0.564,0.564,0.545,Deseable,0.0,0.0
2021-01-14,14.321666666666664,20.8275,0.509,0.497,0.478,Deseable,0.477,1.391
2021-01-15,14.162916666666668,17.601666666666667,0.469,0.468,0.485,Deseable,0.41,1.208
2021-01-17,13.869166666666668,14.714583333333332,0.469,0.462,0.453,Deseable,0.548,1.596
2021-01-19,14.702083333333334,17.652083333333334,0.466,0.474,0.475,Deseable,3.617,10.538
2021-01-21,13.6975,17.226666666666667,0.333,0.331,0.333,Deseable,1.704,4.963
2021-01-23,13.909166666666666,16.512083333333333,0.538,0.532,0.53,Deseable,1.627,4.788
2021-01-24,14.183333333333332,15.940833333333332,0.417,0.417,0.417,Deseable,0.0,0.0
2021-01-28,14.71875,16.7575,0.44,0.457,0.393,Deseable,1.264,3.682
2021-01-29,14.932083333333331,15.183749999999998,0.371,0.374,0.384,Deseable,0.0,0.0
2021-01-30,15.22375,13.295416666666666,0.354,0.331,0.318,Deseable,2.884,8.401
2021-01-31,15.63125,14.1875,0.178,0.174,0.13,Deseable,2.818,5.483
2021-02-01,15.238333333333337,16.777916666666666,0.328,0.327,0.321,Deseable,3.11,9.152
2021-02-02,15.121250000000002,20.080416666666668,0.456,0.446,0.439,Deseable,1.543,4.014
2021-02-06,14.805416666666666,24.16208333333333,0.568,0.568,0.568,Deseable,0.0,0.0
2021-02-07,16.092916666666667,17.397916666666667,0.394,0.398,0.378,Deseable,0.856,2.518
2021-02-09,14.448333333333332,18.19333333333333,0.492,0.493,0.477,Deseable,0.13,0.364
2021-02-13,14.750416666666666,20.954583333333336,0.591,0.587,0.533,Deseable,0.392,1.048
2021-02-20,13.148333333333332,17.34875,0.529,0.526,0.473,Deseable,0.572,1.461
2021-03-04,12.95,16.038333333333334,0.486,0.465,0.465,Deseable,0.0,0.0
2021-03-06,14.432083333333331,24.9,0.407,0.394,0.413,Deseable,5.411,9.972
2021-03-25,13.784166666666666,22.615,0.522,0.522,0.522,Deseable,0.659,0.823
2021-03-26,14.169583333333334,23.177916666666665,0.442,0.45,0.457,Deseable,8.637,10.526
2021-03-31,15.649166666666666,15.48625,0.196,0.196,0.196,Deseable,0.12,0.196
2021-04-02,15.122916666666669,15.427916666666668,0.276,0.269,0.231,Deseable,7.177,7.896
2021-04-06,14.624166666666667,17.289583333333333,0.484,0.458,0.448,Deseable,0.082,0.164
2021-04-07,14.46375,22.611666666666665,0.507,0.484,0.474,Deseable,0.492,0.951
2021-04-11,15.165416666666664,18.531666666666663,0.344,0.322,0.299,Deseable,1.26,2.473
2021-04-16,14.393333333333333,19.554166666666667,0.469,0.464,0.376,Deseable,0.523,1.025
2021-04-20,13.904166666666669,24.561666666666667,0.282,0.264,0.242,Deseable,5.659,8.217
2021-04-21,13.062916666666666,18.808333333333334,0.445,0.446,0.408,Deseable,2.449,4.877
2021-04-22,14.200416666666667,27.18625,0.293,0.288,0.291,Aceptable,4.018,8.003
2021-04-23,14.296666666666669,17.002083333333335,0.51,0.511,0.516,Deseable,1.0,1.962
2021-04-25,15.33875,20.96375,0.519,0.545,0.573,Deseable,6.376,12.509
2021-04-27,12.715833333333334,16.835833333333333,0.448,0.45,0.416,Deseable,0.467,0.917
2021-05-04,13.954583333333334,25.79583333333333,0.229,0.211,0.202,Aceptable,1.863,3.655
2021-05-06,12.969583333333333,12.91125,0.276,0.257,0.226,Deseable,4.34,5.665
2021-05-07,13.774583333333334,22.22666666666667,0.514,0.519,0.572,Deseable,1.289,2.142
2021-05-09,14.595,15.590416666666668,0.318,0.318,0.306,Deseable,3.074,6.031
2021-05-10,15.495,10.90625,0.48,0.492,0.498,Deseable,2.033,4.048
2021-05-11,15.478333333333332,10.655833333333332,0.356,0.383,0.358,Deseable,0.947,1.857
2021-05-13,15.699166666666663,19.475416666666668,0.219,0.203,0.174,Deseable,3.96,6.344
2021-05-14,15.634166666666667,17.52875,0.546,0.554,0.554,Deseable,0.0,0.0
2021-05-20,15.46875,17.664583333333333,0.223,0.225,0.193,Deseable,4.328,6.581
2021-05-21,15.927916666666668,19.22,0.245,0.221,0.19,Deseable,2.722,5.422
2021-05-22,15.476666666666668,12.257916666666668,0.423,0.418,0.36,Deseable,0.614,1.204
2021-05-23,15.179166666666667,9.84625,0.366,0.342,0.321,Deseable,0.224,0.447
2021-05-24,15.242083333333332,15.64125,0.504,0.505,0.505,Deseable,1.559,3.105
2021-05-28,14.075416666666667,21.986666666666665,0.368,0.364,0.364,Deseable,0.0,0.0
2021-05-29,13.902916666666668,17.376250000000002,0.249,0.234,0.191,Deseable,1.403,2.753
2021-05-30,14.235416666666666,21.082083333333333,0.573,0.573,0.573,Deseable,0.288,0.573
2021-05-31,13.62,24.1775,0.488,0.494,0.491,Deseable,1.741,3.468
2021-06-01,14.128333333333332,22.164583333333336,0.233,0.222,0.22,Deseable,3.377,6.625
2021-06-03,15.07,14.700416666666667,0.303,0.306,0.289,Deseable,5.216,8.887
2021-06-05,14.946666666666667,17.87625,0.349,0.337,0.314,Deseable,1.321,2.591
2021-06-10,14.539583333333333,22.85375,0.239,0.238,0.203,Deseable,3.269,6.302
2021-06-12,14.793333333333337,24.344166666666663,0.304,0.308,0.286,Deseable,5.187,8.875
2021-06-17,14.6975,19.05958333333333,0.279,0.261,0.251,Deseable,3.445,6.759
2021-06-20,14.847499999999998,12.11,0.353,0.343,0.343,Deseable,0.0,0.0
2021-06-21,13.72875,10.773333333333332,0.414,0.414,0.414,Deseable,0.0,0.0
2021-06-22,14.309166666666668,16.065,0.279,0.273,0.264,Deseable,2.744,5.465
2021-06-24,13.96125,16.675416666666667,0.186,0.171,0.166,Deseable,2.733,5.442
2021-06-25,13.107916666666668,15.900833333333331,0.533,0.538,0.538,Deseable,0.0,0.0
2021-06-29,14.654166666666669,15.035416666666668,0.134,0.13,0.13,Deseable,2.29,4.15
2021-06-30,14.4075,10.9625,0.357,0.335,0.313,Deseable,0.307,0.602
2021-07-01,14.048333333333332,10.98375,0.355,0.35,0.317,Deseable,2.783,4.733
2021-07-03,14.095833333333331,14.233333333333334,0.209,0.207,0.213,Deseable,2.316,4.303
2021-07-05,14.507916666666668,13.682,0.164,0.169,0.185,Deseable,2.407,4.228
2021-07-06,14.622083333333334,12.6585,0.279,0.272,0.302,Deseable,2.655,5.367
2021-07-07,15.08,11.989583333333334,0.121,0.117,0.109,Deseable,1.648,3.233
2021-07-08,14.310416666666669,16.429166666666667,0.4,0.402,0.458,Deseable,0.826,1.645
2021-07-09,13.745416666666666,19.4125,0.439,0.446,0.466,Deseable,0.9,1.765
2021-07-12,14.6825,16.14125,0.502,0.593,0.593,Deseable,0.011,0.021
2021-07-14,14.662916666666666,13.695,0.279,0.275,0.295,Deseable,0.812,1.593
2021-07-15,15.461666666666666,14.96375,0.139,0.133,0.131,Deseable,1.95,3.941
2021-07-16,14.2675,15.275833333333331,0.337,0.355,0.273,Deseable,1.819,3.569
2021-07-18,14.115416666666668,17.173333333333336,0.385,0.386,0.365,Deseable,1.81,3.604
2021-07-19,14.99875,12.041666666666666,0.479,0.481,0.481,Deseable,0.0,0.0
2021-07-21,15.041666666666666,17.9925,0.233,0.237,0.243,Deseable,0.827,1.598
2021-07-27,13.836666666666666,20.12333333333333,0.538,0.527,0.527,Deseable,0.636,1.266
2021-07-28,15.450416666666667,18.54041666666667,0.359,0.371,0.325,Deseable,3.865,5.887
2021-07-31,16.105833333333333,13.79125,0.227,0.224,0.15,Deseable,6.906,7.058
2021-08-01,14.861666666666666,8.389583333333333,0.295,0.306,0.146,Deseable,1.023,2.008
2021-08-03,13.916666666666666,8.385416666666666,0.185,0.166,0.183,Deseable,2.22,4.422
2021-08-04,13.495,8.900416666666667,0.367,0.369,0.361,Deseable,9.382,11.107
2021-08-06,14.659166666666666,15.59625,0.318,0.318,0.252,Deseable,2.929,5.746
2021-08-08,14.831666666666663,22.56958333333333,0.392,0.387,0.367,Deseable,4.54,8.908
2021-08-10,15.58875,15.087083333333332,0.33,0.3,0.29,Deseable,1.18,2.316
2021-08-13,13.628749999999998,17.91875,0.41,0.413,0.422,Deseable,1.319,2.588
2021-08-15,13.537916666666668,21.84625,0.486,0.47,0.578,Deseable,0.0,0.0
2021-08-17,13.954166666666666,20.87333333333333,0.503,0.503,0.484,Deseable,0.008,0.016
2021-08-19,14.443333333333332,17.230416666666667,0.449,0.444,0.416,Deseable,0.877,1.747
2021-08-20,13.873333333333331,21.875416666666663,0.168,0.179,0.189,Deseable,2.866,5.623
2021-08-31,13.493333333333332,22.155833333333334,0.284,0.292,0.266,Deseable,2.912,5.713
2021-09-01,15.005833333333332,13.800833333333332,0.397,0.397,0.347,Deseable,0.0,0.0
2021-09-02,15.387916666666667,15.080416666666666,0.472,0.475,0.508,Deseable,0.0,0.0
2021-09-03,14.802916666666668,15.224166666666669,0.321,0.33,0.332,Deseable,1.694,3.373
2021-09-04,15.3,18.5325,0.358,0.352,0.337,Deseable,5.065,10.088
2021-09-07,13.7325,18.9875,0.408,0.422,0.43,Deseable,6.181,11.391
2021-09-09,14.445833333333333,21.32875,0.208,0.221,0.118,Deseable,4.727,6.34
2021-09-10,14.629166666666668,20.974166666666665,0.444,0.449,0.459,Deseable,0.0,0.0
2021-09-13,13.990833333333333,21.0675,0.366,0.366,0.382,Deseable,3.456,5.136
2021-09-14,13.38625,23.15833333333333,0.247,0.24,0.224,Deseable,5.433,7.267
2021-09-16,15.006666666666668,12.74875,0.313,0.297,0.297,Deseable,1.633,2.039
2021-09-17,15.380833333333332,11.763333333333334,0.31,0.306,0.292,Deseable,4.825,4.953
2021-09-19,14.450416666666667,16.984583333333333,0.313,0.297,0.297,Deseable,7.067,8.612
2021-09-20,14.820833333333333,20.74625,0.416,0.415,0.409,Deseable,6.254,6.878
2021-09-25,14.806666666666668,8.891666666666667,0.332,0.325,0.245,Deseable,14.682,7.869
2021-09-27,15.440416666666666,12.897083333333333,0.103,0.098,0.098,Deseable,2.733,3.178
2021-10-02,14.135416666666666,25.769166666666667,0.416,0.427,0.427,Aceptable,3.751,6.801
2021-10-03,14.2525,39.51375,0.517,0.504,0.512,Aceptable,0.459,1.024
2021-10-07,15.246666666666668,18.4025,0.335,0.332,0.375,Deseable,1.935,4.602
2021-10-09,14.26875,21.257916666666667,0.377,0.389,0.418,Deseable,1.664,4.205
2021-10-11,14.0375,25.865,0.396,0.403,0.346,Aceptable,2.574,6.427
2021-10-12,14.575833333333334,20.7525,0.409,0.39,0.39,Deseable,1.802,4.493
2021-10-13,15.535416666666665,18.602083333333333,0.268,0.26,0.242,Deseable,2.471,6.465
2021-10-14,14.145416666666668,22.140833333333333,0.49,0.484,0.465,Deseable,0.024,0.064
2021-10-18,13.63875,23.940416666666668,0.488,0.493,0.493,Deseable,2.159,5.711
2021-10-19,13.578333333333331,25.30625,0.536,0.536,0.536,Aceptable,0.0,0.0
2021-10-20,13.239166666666668,20.575416666666666,0.516,0.529,0.512,Deseable,3.264,8.732
2021-10-22,13.125416666666666,30.975,0.264,0.262,0.245,Aceptable,2.748,7.597
2021-10-23,12.605833333333337,17.246666666666666,0.502,0.52,0.541,Deseable,0.651,1.779
2021-10-27,14.477083333333333,22.91958333333333,0.287,0.314,0.045,Deseable,1.484,4.015
2021-10-28,15.295416666666668,21.52416666666667,0.255,0.241,0.216,Deseable,2.372,6.91
2021-10-30,12.587916666666668,33.15916666666667,0.442,0.439,0.405,Aceptable,2.833,8.17
2021-11-01,13.245833333333332,11.374166666666667,0.5,0.5,0.537,Deseable,0.451,1.313
2021-11-03,13.832083333333332,18.800833333333333,0.313,0.344,0.351,Deseable,2.176,6.142
2021-11-04,13.637916666666667,23.260416666666668,0.446,0.452,0.419,Deseable,1.512,4.495
2021-11-05,13.879166666666668,24.8925,0.242,0.241,0.203,Deseable,2.62,7.632
2021-11-06,14.434166666666668,17.710833333333333,0.409,0.403,0.397,Deseable,0.0,0.0
2021-11-08,13.691666666666668,20.701666666666664,1.285,1.364,1.364,Deseable,0.312,0.908
2021-11-12,13.810833333333331,23.2975,0.491,0.491,0.491,Deseable,0.0,0.0
2021-11-14,13.914583333333333,20.54458333333333,0.411,0.409,0.446,Deseable,2.405,7.005
2021-11-15,13.682083333333331,20.64208333333333,0.413,0.409,0.394,Deseable,2.686,7.905
2021-11-28,13.979166666666666,27.465,0.252,0.25,0.24,Aceptable,5.19,7.71
2021-12-01,12.74190476190476,28.29047619047619,0.421,0.421,0.433,Aceptable,1.814,5.338
2021-12-02,15.134166666666667,33.994166666666665,0.246,0.245,0.239,Aceptable,2.55,7.505
2021-12-03,13.849583333333332,26.794166666666666,0.506,0.504,0.517,Aceptable,2.053,5.98
2021-12-05,14.007916666666668,17.819166666666664,0.443,0.439,0.433,Deseable,3.833,11.132
2021-12-09,14.88,20.36458333333333,0.435,0.431,0.393,Deseable,5.851,11.04
2021-12-10,13.977083333333333,17.966666666666665,0.494,0.542,0.542,Deseable,0.099,0.287
2021-12-23,15.072083333333332,18.752916666666668,0.271,0.265,0.293,Deseable,0.953,2.776
2021-12-24,15.312916666666666,18.050416666666667,0.334,0.336,0.345,Deseable,3.585,9.909
2021-12-26,14.379583333333334,20.69833333333333,0.284,0.272,0.267,Deseable,2.855,8.317
2021-12-30,14.614583333333334,23.876666666666665,0.336,0.338,0.307,Deseable,2.339,5.967
2021-12-31,15.14875,19.392916666666668,,,,Deseable,3.323,9.778
2022-01-02,14.363333333333337,15.45625,0.476,0.481,0.505,Deseable,4.06,11.95
2022-01-03,14.948333333333332,23.20875,0.154,0.093,0.086,Deseable,1.464,4.31
2022-01-06,14.297083333333331,19.29625,0.05,0.044,0.025,Deseable,0.231,0.67
2022-01-07,13.913571428571428,22.20736842105263,0.298,0.292,0.316,Deseable,2.979,8.86
2022-01-09,,,0.443,0.449,0.424,Incorrecto,1.301,3.83
2022-01-10,13.14125,14.862727272727271,0.571,0.582,0.582,Deseable,0.0,0.0
2022-01-11,13.295833333333334,20.80625,0.205,0.193,0.192,Deseable,0.027,0.08
2022-01-15,13.541666666666666,22.969583333333333,0.067,0.039,0.017,Deseable,0.716,1.39
2022-01-16,14.2025,24.52333333333333,0.457,0.441,0.439,Deseable,1.983,5.83
2022-01-17,13.527916666666668,23.883750000000003,0.073,0.067,0.067,Deseable,0.473,1.38
2022-01-18,14.161739130434784,26.835652173913044,0.502,0.509,0.512,Aceptable,5.007,14.73
2022-01-20,15.623333333333331,13.150833333333331,0.44,0.435,0.416,Deseable,0.483,1.41
2022-01-22,14.410416666666668,18.18125,0.303,0.384,0.384,Deseable,0.0,0.0
2022-01-23,15.222083333333332,20.88458333333333,0.238,0.242,0.245,Deseable,2.395,7.12
2022-01-24,15.055,19.25375,0.15,0.143,0.1,Deseable,1.047,2.59
2022-01-27,13.193333333333332,14.512916666666667,0.377,0.375,0.371,Deseable,0.311,0.91
2022-02-02,14.347083333333332,21.27833333333333,0.687,0.672,0.587,Deseable,5.082,15.85
2022-02-03,14.0575,29.96166666666667,0.372,0.361,0.152,Aceptable,4.665,11.16
2022-02-04,14.057916666666666,23.02833333333333,0.481,0.473,0.375,Deseable,1.865,6.94
2022-02-05,13.753750000000002,19.160833333333333,0.369,0.373,0.278,Deseable,0.139,0.81
2022-02-09,13.490833333333333,16.646666666666665,0.583,0.58,0.58,Deseable,0.0,0.0
2022-02-10,14.22625,16.89375,0.444,0.453,0.396,Deseable,0.601,2.77
2022-02-14,13.2975,15.599583333333332,0.499,0.506,0.477,Deseable,0.123,0.67
2022-02-17,14.592083333333331,23.18375,0.578,0.578,0.578,Deseable,0.0,0.0
2022-02-23,13.066666666666668,29.671666666666667,0.446,0.459,0.426,Aceptable,0.255,1.37
2022-02-28,12.862916666666663,18.475416666666664,0.446,0.432,0.498,Deseable,0.0,0.0
2022-03-04,13.881666666666668,15.16095238095238,0.275,0.281,0.016,Deseable,0.429,1.29
2022-03-18,14.058333333333332,24.87208333333333,0.283,0.322,0.062,Deseable,3.281,4.23
2022-03-22,14.6575,25.866666666666664,0.434,0.405,0.31,Aceptable,10.241,13.2
2022-03-23,14.71625,22.36583333333333,0.35,0.354,0.309,Deseable,3.284,4.12
2022-04-05,14.652916666666668,18.77375,0.244,0.224,0.072,Deseable,3.716,5.86
2022-04-06,14.821666666666664,20.224166666666665,0.431,0.431,0.431,Deseable,0.0,0.0
2022-04-07,14.52625,22.2225,0.45,0.452,0.48,Deseable,2.334,5.27
2022-04-08,13.975,25.102083333333336,0.509,0.509,0.509,Aceptable,0.0,0.0
2022-04-10,13.946666666666667,12.868333333333334,0.393,0.403,0.403,Deseable,0.896,2.5
2022-04-23,13.78125,19.10708333333333,0.329,0.306,0.223,Deseable,2.769,7.57
2022-04-26,14.26,24.655833333333334,0.257,0.258,0.005,Deseable,4.353,7.51
2022-04-30,14.98,13.765,0.352,0.31,0.212,Deseable,0.002,0.01
2022-05-01,15.155,9.589583333333334,0.256,0.263,0.118,Deseable,3.225,6.43
2022-05-02,15.445416666666668,15.473333333333334,0.406,0.414,0.324,Deseable,5.333,12.5
2022-05-07,14.637083333333337,17.638333333333332,0.218,0.218,0.114,Deseable,0.768,1.64
2022-05-08,15.305416666666666,21.17125,0.336,0.359,0.133,Deseable,1.674,3.96
2022-05-09,15.052083333333334,22.03625,0.202,0.181,0.072,Deseable,2.999,6.41
2022-05-10,13.602083333333333,22.999583333333334,0.454,0.472,0.413,Deseable,0.211,0.84
2022-05-21,14.7175,22.06125,0.25,0.271,0.057,Deseable,4.047,7.49
2022-05-23,14.0425,14.15875,0.487,0.483,0.47,Deseable,1.767,4.17
2022-05-24,14.994583333333331,25.83083333333333,0.374,0.394,0.302,Aceptable,2.756,6.21
2022-06-04,13.072083333333332,21.258333333333333,0.217,0.203,0.115,Deseable,2.24,4.65
2022-06-12,14.180416666666666,17.772083333333335,0.323,0.308,0.243,Deseable,3.427,7.0
2022-06-16,14.362083333333333,19.29083333333333,0.284,0.294,0.286,Deseable,4.092,8.32
2022-06-19,12.484166666666669,16.885833333333334,0.456,0.464,0.419,Deseable,0.004,0.01
2022-06-20,13.059583333333334,18.199166666666667,0.51,0.492,0.556,Deseable,0.654,1.78
2022-06-23,14.217916666666667,15.53625,0.277,0.246,0.092,Deseable,0.483,1.78
2022-06-27,13.742916666666666,14.868333333333332,0.158,0.156,0.071,Deseable,0.955,2.35
2022-06-28,14.052916666666668,27.604166666666668,0.101,0.087,0.03,Aceptable,1.495,2.73
2022-06-29,13.745833333333332,19.63083333333333,0.17,0.171,0.008,Deseable,2.248,4.57
2022-07-01,14.347083333333332,22.820000000000004,0.078,0.068,0.033,Deseable,1.005,1.97
2022-07-03,14.9075,10.52875,0.375,0.38,0.38,Deseable,0.989,1.97
2022-07-04,14.216666666666669,12.567916666666669,0.27,0.138,0.138,Deseable,0.0,0.0
2022-07-06,14.94875,15.089583333333332,0.416,0.428,0.427,Deseable,2.424,4.41
2022-07-07,15.02375,12.955,0.138,0.134,0.123,Deseable,2.142,4.27
2022-07-10,14.289583333333333,14.469583333333333,0.459,0.476,0.476,Deseable,0.88,1.75
2022-07-11,13.702916666666669,20.29625,0.363,0.354,0.401,Deseable,2.206,4.39
2022-07-16,13.909999999999998,27.62625,0.474,0.474,0.474,Aceptable,0.0,0.0
2022-07-18,14.986666666666666,12.67125,0.306,0.288,0.288,Deseable,0.0,0.0
2022-07-19,15.342083333333331,13.17625,0.168,0.16,0.198,Deseable,2.139,4.26
2022-07-20,14.153333333333334,8.560833333333333,0.519,0.518,0.518,Deseable,0.0,0.0
2022-07-21,13.837916666666668,14.847499999999998,0.356,0.358,0.354,Deseable,1.251,2.49
2022-07-26,13.4875,16.500833333333333,0.414,0.414,0.408,Deseable,1.06,2.11
2022-07-29,15.328333333333331,19.66125,0.031,0.025,0.016,Deseable,0.432,0.86
2022-07-30,15.217083333333331,18.60625,0.128,0.119,0.119,Deseable,1.631,3.25
2022-08-01,13.606666666666667,17.79,0.376,0.404,0.404,Deseable,0.405,0.79
2022-08-02,13.486666666666666,13.237826086956522,0.208,0.21,0.244,Deseable,2.735,5.45
2022-08-06,13.799583333333333,12.392608695652177,0.419,0.42,0.41,Deseable,2.949,5.87
2022-08-07,14.665416666666667,18.24333333333333,0.182,0.174,0.142,Deseable,2.536,4.77
2022-08-09,14.7275,18.912916666666668,0.47,0.459,0.446,Deseable,3.818,7.61
2022-08-12,14.702083333333334,28.71913043478261,0.118,0.124,0.138,Aceptable,2.327,3.32
2022-08-14,13.533333333333331,28.73565217391304,0.188,0.18,0.22,Aceptable,0.996,1.98
2022-08-17,14.720833333333331,19.19375,0.33,0.313,0.313,Deseable,0.003,0.01
2022-08-19,14.730833333333337,17.507916666666667,0.439,0.445,0.337,Deseable,2.159,3.93
2022-08-24,14.136666666666663,37.86521739130435,0.333,0.338,0.264,Aceptable,0.957,1.42
2022-08-25,14.2575,28.33458333333333,0.197,0.193,0.213,Aceptable,2.068,4.12
2022-08-27,14.380416666666669,25.12875,0.081,0.076,0.065,Aceptable,1.01,2.01
2022-08-29,14.361666666666666,36.0325,0.398,0.406,0.321,Aceptable,0.497,0.99
2022-08-30,14.677916666666668,40.91304347826087,0.38,0.377,0.392,Aceptable,0.616,1.23
2022-08-31,14.255,32.250416666666666,0.437,0.418,0.396,Aceptable,3.233,6.34
2022-09-08,15.709583333333336,26.662916666666664,0.087,0.09,0.03,Aceptable,1.189,2.11
2022-09-09,15.224166666666669,19.78291666666667,0.208,0.171,0.16,Deseable,1.504,2.82
2022-09-13,14.236666666666666,24.05,0.207,0.197,0.196,Deseable,6.432,6.78
2022-09-14,14.37625,25.120416666666667,0.208,0.195,0.17,Aceptable,3.338,5.26
2022-09-15,14.925416666666663,22.02083333333333,0.31,0.301,0.284,Deseable,2.955,4.48
2022-09-19,13.267916666666666,20.375416666666663,0.123,0.127,0.092,Deseable,2.45,2.91
2022-09-21,13.638333333333334,25.940416666666668,0.531,0.521,0.542,Aceptable,7.091,7.17
2022-09-22,13.532916666666669,26.76833333333333,0.184,0.177,0.169,Aceptable,5.802,5.17
2022-09-23,14.0875,26.470416666666665,0.186,0.184,0.177,Aceptable,11.525,5.03
2022-09-26,14.63,21.461250000000003,0.236,0.24,0.259,Deseable,2.186,2.8
2022-09-27,14.934583333333334,18.848333333333333,0.252,0.253,0.252,Deseable,1.328,1.86
2022-09-28,14.241666666666667,24.750416666666663,0.515,0.52,0.547,Deseable,6.79,10.29
2022-09-30,13.093333333333334,25.72875,0.319,0.314,0.373,Aceptable,4.725,8.15
2022-10-02,15.021666666666668,11.154166666666669,0.477,0.49,0.383,Deseable,1.581,3.15
2022-10-03,15.368333333333332,11.972499999999998,0.282,0.283,0.264,Deseable,2.345,4.46
2022-10-05,13.664583333333333,27.074166666666667,0.334,0.323,0.295,Aceptable,3.75,7.92
2022-10-09,13.869166666666668,20.435,0.43,0.427,0.413,Deseable,4.72,12.35
2022-10-11,14.84875,17.027083333333334,0.416,0.416,0.416,Deseable,0.0,0.0
2022-10-27,13.596666666666666,20.039166666666667,0.516,0.51,0.543,Deseable,0.963,2.72
2022-10-29,14.2075,23.942083333333333,0.278,0.262,0.233,Deseable,2.286,5.8
2022-10-30,14.345833333333331,18.96375,0.303,0.298,0.239,Deseable,3.093,8.52
2022-11-01,15.374166666666667,29.19708333333333,0.254,0.473,0.473,Aceptable,0.0,0.0
2022-11-03,13.989583333333334,10.29,0.539,0.574,0.574,Deseable,0.0,0.0
2022-11-04,12.932083333333331,15.189583333333331,0.574,0.584,0.597,Deseable,0.0,0.0
2022-11-05,13.01625,19.3875,0.415,0.424,0.41,Deseable,0.179,0.52
2022-11-07,13.880833333333332,23.83043478260869,0.182,0.162,0.151,Deseable,1.578,4.53
2022-11-08,14.375,20.635,0.598,0.591,0.528,Deseable,2.509,7.38
2022-11-14,15.633333333333333,27.22928571428572,0.293,0.293,0.296,Aceptable,0.493,1.44
2022-11-15,14.959166666666668,26.86625,0.556,0.556,0.556,Aceptable,0.0,0.0
2022-11-18,14.60125,20.85125,0.389,0.375,0.371,Deseable,2.183,6.43
2022-11-19,15.579375,28.12625,0.338,0.338,0.352,Aceptable,4.106,10.46
2022-11-24,,,0.248,0.269,0.137,Incorrecto,4.678,7.65
2022-11-26,,,0.444,0.436,0.477,Incorrecto,1.583,4.61
2022-11-29,,,0.525,0.521,0.499,Incorrecto,4.575,13.6
2022-11-30,,,0.334,0.333,0.336,Incorrecto,3.166,9.22
2022-12-01,,,0.402,0.356,0.319,Incorrecto,0.273,0.79
2022-12-03,,,0.447,0.461,0.47,Incorrecto,1.57,4.57
2022-12-04,,,0.436,0.436,0.436,Incorrecto,0.0,0.0
2022-12-05,,,0.231,0.209,0.185,Incorrecto,2.013,5.87
2022-12-06,,,0.301,0.298,0.289,Incorrecto,3.001,8.83
2022-12-08,,,0.207,0.206,0.183,Incorrecto,2.058,6.0
2022-12-09,,,0.548,0.564,0.514,Incorrecto,0.348,1.04
2022-12-12,,,0.492,0.489,0.4,Incorrecto,0.539,1.57
2022-12-13,,,0.416,0.406,0.384,Incorrecto,3.459,10.18
2022-12-15,,,0.421,0.418,0.418,Incorrecto,0.0,0.0
2022-12-16,,,0.488,0.481,0.465,Incorrecto,0.155,0.46
2022-12-18,,,0.437,0.44,0.433,Incorrecto,3.088,9.18
2022-12-19,,,0.337,0.338,0.277,Incorrecto,3.412,7.95
2022-12-20,,,0.37,0.373,0.398,Incorrecto,3.599,10.59
2022-12-21,,,0.366,0.372,0.285,Incorrecto,0.194,0.57
2022-12-22,,,0.414,0.41,0.394,Incorrecto,5.285,12.15
2022-12-23,,,0.257,0.25,0.229,Incorrecto,3.61,7.47
2022-12-24,,,0.441,0.436,0.413,Incorrecto,3.27,9.53
2022-12-25,,,0.556,0.568,0.568,Incorrecto,0.526,1.55
2022-12-27,,,0.529,0.493,0.493,Incorrecto,0.0,0.0
2022-12-28,,,0.378,0.366,0.366,Incorrecto,3.773,10.86
2022-12-29,,,0.343,0.336,0.333,Incorrecto,2.883,8.49
2022-12-30,,,0.577,0.589,0.553,Incorrecto,0.254,0.75
2022-12-31,,,,,,Incorrecto,0.0,0.0
2023-01-04,,,0.357,0.355,0.309,Incorrecto,2.779,8.01
2023-01-11,,,0.536,0.531,0.531,Incorrecto,0.685,2.04
2023-01-13,,,0.343,0.335,0.327,Incorrecto,3.896,9.5
2023-01-16,,,0.4,0.39,0.39,Incorrecto,0.0,0.0
2023-01-18,,,0.371,0.368,0.365,Incorrecto,0.813,2.39
2023-01-22,,,0.588,0.593,0.583,Incorrecto,0.008,0.02
2023-01-23,,,0.245,0.235,0.252,Incorrecto,1.931,5.68
2023-01-24,,,0.504,0.498,0.498,Incorrecto,0.486,1.43
2023-01-25,,,0.326,0.34,0.243,Incorrecto,2.263,5.22
2023-01-27,,,0.186,0.174,0.155,Incorrecto,1.78,4.92
2023-01-28,,,0.216,0.21,0.208,Incorrecto,2.101,6.18
2023-01-29,,,0.13,0.13,0.082,Incorrecto,1.288,3.08
2023-01-30,,,0.464,0.468,0.455,Incorrecto,2.496,7.35
2023-02-03,,,0.237,0.23,0.208,Incorrecto,2.361,6.88
2023-02-04,,,0.225,0.227,0.231,Incorrecto,2.223,6.61
2023-02-07,,,0.362,0.342,0.312,Incorrecto,0.729,2.14
2023-02-08,,,0.306,0.304,0.276,Incorrecto,1.251,3.65
2023-02-16,,,0.517,0.531,0.531,Incorrecto,0.0,0.0
2023-02-17,,,0.746,0.69,0.554,Incorrecto,0.449,1.24
2023-02-20,,,0.363,0.359,0.363,Incorrecto,2.744,7.42
2023-02-24,,,0.241,0.228,0.177,Incorrecto,2.468,6.68
2023-02-25,,,0.148,0.143,0.11,Incorrecto,1.439,3.76
2023-02-26,,,0.582,0.582,0.582,Incorrecto,0.0,0.0
2023-02-27,,,0.841,0.838,0.835,Incorrecto,5.789,15.14
2023-03-01,,,0.382,0.388,0.421,Incorrecto,0.661,1.73
2023-03-03,,,0.415,0.411,0.391,Incorrecto,0.006,0.02
2023-03-21,,,0.544,0.539,0.55,Incorrecto,0.0,0.0
2023-03-25,,,0.228,0.228,0.228,Incorrecto,0.0,0.0
2023-03-26,,,0.506,0.501,0.501,Incorrecto,2.494,3.56
2023-03-27,,,0.423,0.419,0.406,Incorrecto,3.217,4.69
2023-03-28,,,0.484,0.479,0.505,Incorrecto,4.737,7.46
2023-04-02,,,0.36,0.348,0.335,Incorrecto,1.131,2.15
2023-04-03,,,0.29,0.274,0.192,Incorrecto,2.214,4.28
2023-04-04,,,0.571,0.583,0.583,Incorrecto,0.0,0.0
2023-04-09,,,0.216,0.211,0.199,Incorrecto,1.694,3.31
2023-04-11,,,0.223,0.223,0.247,Incorrecto,1.867,3.66
2023-04-13,,,0.367,0.366,0.349,Incorrecto,1.518,3.02
2023-04-14,,,0.478,0.471,0.454,Incorrecto,2.669,5.24
2023-04-18,,,0.544,0.543,0.543,Incorrecto,0.0,0.0
2023-04-24,,,0.461,0.426,0.426,Incorrecto,0.0,0.0
2023-04-25,,,0.459,0.459,0.459,Incorrecto,0.0,0.0
2023-04-26,,,0.567,0.556,0.556,Incorrecto,0.0,0.0
2023-04-28,,,0.359,0.367,0.379,Incorrecto,4.775,9.37
2023-04-30,,,0.406,0.397,0.355,Incorrecto,0.25,0.49
2023-05-02,,,0.308,0.305,0.263,Incorrecto,3.404,6.4
2023-05-05,,,0.29,0.286,0.295,Incorrecto,1.958,3.1
2023-05-07,,,0.147,0.139,0.139,Incorrecto,1.796,2.93
2023-05-08,,,0.332,0.32,0.31,Incorrecto,1.49,2.97
2023-05-10,,,0.175,0.158,0.155,Incorrecto,1.261,2.47
2023-05-12,,,0.181,0.169,0.205,Incorrecto,1.748,3.43
2023-05-13,,,0.211,0.211,0.176,Incorrecto,2.942,5.95
2023-05-17,,,0.107,0.098,0.095,Incorrecto,1.495,2.61
2023-05-18,,,0.338,0.343,0.351,Incorrecto,2.841,5.74
2023-05-22,,,0.402,0.418,0.418,Incorrecto,0.443,0.87
2023-05-24,,,0.25,0.236,0.204,Incorrecto,2.462,4.83
2023-05-28,,,0.417,0.412,0.41,Incorrecto,0.028,0.06
2023-05-29,,,0.167,0.161,0.157,Incorrecto,1.753,3.44
2023-05-30,,,0.535,0.535,0.535,Incorrecto,0.004,0.01
2023-06-07,,,0.371,0.373,0.367,Incorrecto,0.594,1.17
2023-06-09,,,0.236,0.292,0.292,Incorrecto,0.0,0.0
2023-06-11,,,0.305,0.304,0.297,Incorrecto,2.159,4.3
2023-06-12,,,0.117,0.118,0.057,Incorrecto,2.347,2.81
2023-06-13,,,0.17,0.166,0.154,Incorrecto,5.187,5.27
2023-06-14,,,0.246,0.264,0.005,Incorrecto,0.046,0.09
2023-06-15,,,0.173,0.132,0.132,Incorrecto,0.0,0.0
2023-06-16,,,0.484,0.469,0.469,Incorrecto,0.263,0.52
2023-06-17,,,0.482,0.471,0.56,Incorrecto,2.97,5.92
2023-06-18,,,0.068,0.07,0.07,Incorrecto,0.988,1.97
2023-06-19,,,0.09,0.084,0.053,Incorrecto,2.397,2.35
2023-06-20,,,0.082,0.079,0.033,Incorrecto,2.455,2.45
2023-06-21,,,0.218,0.2,0.2,Incorrecto,1.657,3.25
2023-06-22,,,0.281,0.269,0.261,Incorrecto,0.571,1.14
2023-06-23,,,0.574,0.574,0.574,Incorrecto,0.0,0.0
2023-06-26,,,0.522,0.525,0.516,Incorrecto,0.844,1.66
2023-06-27,,,0.211,0.191,0.102,Incorrecto,4.328,6.05
2023-06-29,,,0.176,0.147,0.223,Incorrecto,2.136,4.26
2023-07-02,,,0.208,0.202,0.232,Incorrecto,2.535,4.97
2023-07-04,,,0.069,0.063,0.091,Incorrecto,0.897,1.79
2023-07-05,,,0.337,0.339,0.318,Incorrecto,2.977,5.93
2023-07-07,,,0.237,0.23,0.209,Incorrecto,0.241,0.48
2023-07-08,,,0.53,0.533,0.476,Incorrecto,1.322,2.63
2023-07-09,,,0.31,0.31,0.31,Incorrecto,0.0,0.0
2023-07-12,,,0.312,0.278,0.347,Incorrecto,0.629,1.25
2023-07-13,,,0.408,0.42,0.36,Incorrecto,1.351,2.27
2023-07-14,,,0.347,0.337,0.326,Incorrecto,0.133,0.26
2023-07-15,,,0.428,0.425,0.421,Incorrecto,0.412,0.82
2023-07-16,,,0.245,0.237,0.247,Incorrecto,1.861,3.65
2023-07-18,,,0.287,0.292,0.256,Incorrecto,0.002,0.01
2023-07-19,,,0.1,0.095,0.087,Incorrecto,2.361,3.21
2023-07-20,,,0.344,0.362,0.335,Incorrecto,6.973,8.94
2023-07-21,,,0.423,0.441,0.252,Incorrecto,1.922,3.32
2023-07-22,,,0.261,0.245,0.2,Incorrecto,3.001,6.07
2023-07-23,,,0.436,0.436,0.342,Incorrecto,1.956,3.03
2023-07-24,,,0.218,0.214,0.209,Incorrecto,3.152,6.22
2023-07-25,,,0.401,0.404,0.397,Incorrecto,0.0,0.0
2023-07-26,,,0.088,0.086,0.077,Incorrecto,1.418,2.78
2023-07-28,,,0.161,0.148,0.145,Incorrecto,2.262,4.44
2023-07-29,,,0.27,0.255,0.245,Incorrecto,3.039,5.31
2023-07-30,,,0.18,0.17,0.111,Incorrecto,2.644,5.19
2023-07-31,,,0.196,0.191,0.18,Incorrecto,2.669,5.24
2023-08-02,,,0.138,0.121,0.131,Incorrecto,3.406,3.85
2023-08-03,,,0.308,0.306,0.311,Incorrecto,0.0,0.0
2023-08-04,,,0.133,0.119,0.084,Incorrecto,1.845,3.62
2023-08-05,,,0.299,0.299,0.323,Incorrecto,1.909,3.55
2023-08-10,,,0.21,0.209,0.13,Incorrecto,5.113,6.65
2023-08-11,,,0.206,0.207,0.15,Incorrecto,2.675,5.25
2023-08-12,,,0.181,0.156,0.117,Incorrecto,2.489,4.4
2023-08-13,,,0.385,0.376,0.362,Incorrecto,4.778,9.52
2023-08-14,,,0.455,0.455,0.455,Incorrecto,0.0,0.0
2023-08-16,,,0.346,0.346,0.344,Incorrecto,1.792,3.52
2023-08-17,,,0.175,0.175,0.123,Incorrecto,1.686,3.41
2023-08-18,,,0.087,0.071,0.051,Incorrecto,2.384,3.09
2023-08-19,,,0.119,0.119,0.111,Incorrecto,1.778,3.49
2023-08-23,,,0.452,0.456,0.429,Incorrecto,5.931,9.94
2023-08-24,,,0.55,0.556,0.571,Incorrecto,4.01,7.99
2023-08-25,,,0.421,0.422,0.393,Incorrecto,0.713,1.42
2023-08-27,,,0.155,0.156,0.112,Incorrecto,4.682,4.73
2023-08-28,,,0.291,0.271,0.233,Incorrecto,0.333,0.65
2023-08-29,,,0.24,0.246,0.25,Incorrecto,2.232,4.51
2023-08-30,,,0.093,0.093,0.05,Incorrecto,2.292,2.83
2023-08-31,,,0.132,0.125,0.138,Incorrecto,1.883,3.75
2023-09-01,,,0.221,0.217,0.232,Incorrecto,0.703,1.38
2023-09-02,,,0.108,0.123,0.129,Incorrecto,1.776,3.35
2023-09-03,,,0.494,0.491,0.448,Incorrecto,3.15,6.37
2023-09-04,,,0.313,0.307,0.277,Incorrecto,2.338,4.59
2023-09-06,,,0.074,0.064,0.001,Incorrecto,1.391,1.79
2023-09-07,,,0.098,0.091,0.091,Incorrecto,1.253,2.5
2023-09-08,,,0.123,0.122,0.111,Incorrecto,3.778,3.76
2023-09-11,,,0.286,0.308,0.294,Incorrecto,4.494,5.91
2023-09-12,,,0.035,0.026,0.009,Incorrecto,0.447,0.81
2023-09-13,,,0.326,0.326,0.326,Incorrecto,0.0,0.0
2023-09-14,,,0.277,0.284,0.291,Incorrecto,1.915,3.19
2023-09-16,,,0.296,0.293,0.287,Incorrecto,5.902,8.25
2023-09-17,,,0.046,0.047,0.057,Incorrecto,0.836,1.19
2023-09-22,,,0.274,0.273,0.247,Incorrecto,7.874,7.72
2023-09-23,,,0.189,0.187,0.153,Incorrecto,22.454,5.34
2023-09-24,,,0.585,0.585,0.585,Incorrecto,0.0,0.0
2023-09-26,,,0.131,0.114,0.082,Incorrecto,2.882,3.6
2023-09-27,,,0.112,0.104,0.103,Incorrecto,2.44,3.12
2023-09-28,,,0.193,0.199,0.148,Incorrecto,4.012,5.73
2023-09-29,,,0.385,0.392,0.398,Incorrecto,3.917,5.94
2023-10-01,,,0.477,0.471,0.47,Incorrecto,8.329,14.11
2023-10-02,,,0.347,0.343,0.301,Incorrecto,5.662,10.44
2023-10-03,,,0.112,0.103,0.089,Incorrecto,1.73,3.19
2023-10-04,,,0.45,0.454,0.392,Incorrecto,2.135,4.12
2023-10-06,,,0.254,0.252,0.191,Incorrecto,3.279,6.92
2023-10-10,,,0.496,0.483,0.46,Incorrecto,0.386,0.98
2023-10-11,,,0.357,0.361,0.361,Incorrecto,0.167,0.42
2023-10-13,,,0.437,0.429,0.404,Incorrecto,4.638,11.86
2023-10-15,,,0.447,0.455,0.461,Incorrecto,4.363,11.41
2023-10-16,,,0.38,0.37,0.366,Incorrecto,0.226,0.59
2023-10-17,,,0.307,0.31,0.31,Incorrecto,0.0,0.0
2023-10-18,,,0.554,0.55,0.55,Incorrecto,0.088,0.23
2023-10-19,,,0.326,0.346,0.23,Incorrecto,0.134,0.36
2023-10-20,,,0.459,0.478,0.424,Incorrecto,2.434,6.59
2023-10-21,,,0.307,0.306,0.311,Incorrecto,0.727,1.92
2023-10-22,,,0.474,0.473,0.473,Incorrecto,2.091,5.72
2023-10-25,,,0.482,0.492,0.492,Incorrecto,2.339,6.47
2023-10-30,,,0.53,0.531,0.534,Incorrecto,1.322,3.73
2023-11-01,,,0.505,0.5,0.5,Incorrecto,0.0,0.0
2023-11-02,,,0.337,0.339,0.327,Incorrecto,0.869,2.56
2023-11-03,,,0.12,0.123,0.089,Incorrecto,1.061,3.12
2023-11-06,,,0.428,0.424,0.424,Incorrecto,3.282,9.56
2023-11-07,,,0.293,0.283,0.272,Incorrecto,2.096,6.17
2023-11-08,,,0.373,0.376,0.393,Incorrecto,3.353,9.87
2023-11-09,,,0.491,0.57,0.321,Incorrecto,0.0,0.0
2023-11-10,,,0.33,0.309,0.301,Incorrecto,2.928,8.62
2023-11-11,,,0.256,0.25,0.18,Incorrecto,2.027,5.9
2023-11-12,,,0.429,0.432,0.407,Incorrecto,4.142,12.31
2023-11-13,,,0.206,0.214,0.217,Incorrecto,2.295,5.97
2023-11-14,,,0.365,0.37,0.317,Incorrecto,0.472,1.39
2023-11-15,,,0.56,0.56,0.56,Incorrecto,0.0,0.0
2023-11-16,,,0.303,0.322,0.332,Incorrecto,0.141,0.41
2023-11-18,,,0.294,0.267,0.26,Incorrecto,0.844,2.46
2023-11-19,,,0.267,0.273,0.274,Incorrecto,1.985,5.84
2023-11-20,,,0.75,0.748,0.731,Incorrecto,0.044,0.13
2023-11-23,,,0.275,0.282,0.272,Incorrecto,2.871,8.36
2023-11-25,,,0.362,0.345,0.345,Incorrecto,0.0,0.0
2023-11-26,,,0.223,0.222,0.222,Incorrecto,2.281,6.71
2023-11-27,,,0.399,0.384,0.35,Incorrecto,2.667,7.85
2023-11-28,,,0.453,0.47,0.365,Incorrecto,4.684,13.64
2023-11-30,,,0.354,0.357,0.376,Incorrecto,3.351,9.76
2023-12-01,,,0.388,0.397,0.353,Incorrecto,0.234,0.7
2023-12-02,,,0.239,0.237,0.225,Incorrecto,2.432,6.62
2023-12-03,,,0.17,0.148,0.141,Incorrecto,2.469,4.97
2023-12-05,,,0.374,0.378,0.405,Incorrecto,2.359,6.87
2023-12-08,,,0.426,0.441,0.36,Incorrecto,0.563,1.66
2023-12-09,,,0.332,0.337,0.337,Incorrecto,0.0,0.0
2023-12-10,,,0.309,0.308,0.308,Incorrecto,0.208,0.61
2023-12-12,,,0.428,0.429,0.375,Incorrecto,0.0,0.0
2023-12-14,,,0.283,0.282,0.294,Incorrecto,2.256,6.57
2023-12-18,,,0.387,0.389,0.422,Incorrecto,0.615,1.83
2023-12-20,,,0.208,0.201,0.191,Incorrecto,2.088,6.15
2023-12-21,,,0.384,0.389,0.392,Incorrecto,0.001,0.0
2023-12-24,,,0.226,0.226,0.202,Incorrecto,2.255,6.11
2023-12-29,,,0.367,0.35,0.232,Incorrecto,0.017,0.05
2023-12-30,,,0.318,0.311,0.309,Incorrecto,1.688,5.02
2023-12-31,,,,,,Incorrecto,0.945,2.75
2024-01-06,,,0.294,0.28,0.27,Incorrecto,2.045,6.08
2024-01-07,,,0.222,0.225,0.195,Incorrecto,3.066,6.11
2024-01-11,,,0.338,0.33,0.318,Incorrecto,1.39,4.13
2024-01-13,,,0.328,0.322,0.311,Incorrecto,2.651,7.8
2024-01-19,,,0.346,0.348,0.282,Incorrecto,3.731,8.57
2024-01-20,,,0.448,0.451,0.415,Incorrecto,2.237,6.58
2024-01-21,,,0.534,0.534,0.534,Incorrecto,0.0,0.0
2024-01-22,,,0.251,0.251,0.196,Incorrecto,2.647,6.59
2024-01-23,,,0.124,0.123,0.113,Incorrecto,1.247,3.71
2024-01-24,,,0.126,0.124,0.097,Incorrecto,2.569,3.75
2024-01-25,,,0.103,0.102,0.107,Incorrecto,1.163,3.42
2024-01-26,,,0.186,0.182,0.181,Incorrecto,1.245,3.66
2024-01-27,,,0.49,0.498,0.398,Incorrecto,4.152,12.22
2024-01-28,,,0.353,0.342,0.284,Incorrecto,6.617,10.47
2024-01-29,,,0.242,0.222,0.222,Incorrecto,2.758,6.67
2024-01-30,,,0.269,0.266,0.258,Incorrecto,2.723,8.01
2024-02-01,,,0.408,0.409,0.403,Incorrecto,5.691,8.63
2024-02-03,,,0.528,0.528,0.528,Incorrecto,0.0,0.0
2024-02-06,,,0.297,0.3,0.322,Incorrecto,2.7,7.95
2024-02-08,,,0.194,0.181,0.151,Incorrecto,1.378,4.05
2024-02-09,,,0.373,0.375,0.375,Incorrecto,0.486,1.41
2024-02-11,,,0.364,0.364,0.364,Incorrecto,0.0,0.0
2024-02-13,,,0.405,0.408,0.42,Incorrecto,0.0,0.0
2024-02-14,,,0.218,0.213,0.203,Incorrecto,2.337,6.39
2024-02-15,,,0.297,0.278,0.269,Incorrecto,0.716,2.0
2024-02-16,,,0.366,0.355,0.385,Incorrecto,0.948,2.59
2024-02-22,,,0.356,0.367,0.301,Incorrecto,0.071,0.19
2024-02-23,,,0.591,0.591,0.591,Incorrecto,0.0,0.0
2024-02-25,,,0.574,0.577,0.577,Incorrecto,0.0,0.0
2024-02-27,,,0.4,0.398,0.379,Incorrecto,3.322,8.79
2024-03-04,,,0.502,0.486,0.484,Incorrecto,0.643,1.55
2024-03-05,,,0.288,0.268,0.25,Incorrecto,0.719,1.67
2024-03-06,,,0.441,0.439,0.398,Incorrecto,8.406,12.56
2024-03-09,,,0.438,0.439,0.423,Incorrecto,2.836,5.48
2024-03-11,,,0.516,0.524,0.552,Incorrecto,7.085,12.22
2024-03-13,,,0.305,0.31,0.311,Incorrecto,2.83,4.29
2024-03-14,,,0.436,0.428,0.422,Incorrecto,2.554,3.57
2024-03-16,,,0.102,0.091,0.067,Incorrecto,2.156,2.26
2024-03-17,,,0.239,0.251,0.265,Incorrecto,1.959,2.04
2024-03-18,,,0.477,0.487,0.487,Incorrecto,0.0,0.0
2024-03-20,,,0.231,0.228,0.195,Incorrecto,2.978,2.3
2024-03-21,,,0.226,0.214,0.201,Incorrecto,3.352,3.29
2024-03-25,,,0.343,0.343,0.343,Incorrecto,0.0,0.0
2024-03-27,,,0.236,0.234,0.191,Incorrecto,3.761,5.93
2024-03-28,,,0.173,0.18,0.192,Incorrecto,2.495,3.78
2024-03-30,,,0.359,0.363,0.362,Incorrecto,5.923,10.39
2024-04-07,,,0.17,0.18,0.163,Incorrecto,0.878,1.6
2024-04-09,,,0.323,0.316,0.344,Incorrecto,0.0,0.0
2024-04-11,,,0.317,0.317,0.304,Incorrecto,0.328,0.63
2024-04-12,,,0.174,0.173,0.162,Incorrecto,1.267,2.52
2024-04-14,,,0.277,0.274,0.278,Incorrecto,3.296,6.47
2024-04-16,,,0.389,0.392,0.351,Incorrecto,5.676,9.74
2024-04-18,,,0.323,0.323,0.323,Incorrecto,0.0,0.0
2024-04-20,,,0.183,0.17,0.144,Incorrecto,2.114,4.21
2024-04-23,,,0.271,0.266,0.242,Incorrecto,0.517,1.01
2024-04-24,,,0.143,0.142,0.123,Incorrecto,1.79,3.57
2024-04-26,,,0.201,0.2,0.186,Incorrecto,2.351,4.61
2024-04-28,,,0.469,0.469,0.462,Incorrecto,1.119,2.2
2024-04-29,,,0.27,0.263,0.294,Incorrecto,2.078,4.14
2024-05-01,,,0.17,0.17,0.137,Incorrecto,1.89,3.71
2024-05-10,,,0.275,0.274,0.259,Incorrecto,1.09,2.14
2024-05-11,,,0.319,0.322,0.287,Incorrecto,1.228,2.45
2024-05-12,,,0.199,0.186,0.168,Incorrecto,2.251,4.48
2024-05-16,,,0.256,0.241,0.241,Incorrecto,0.26,0.52
2024-05-18,,,0.347,0.332,0.301,Incorrecto,1.59,2.74
2024-05-20,,,0.435,0.429,0.426,Incorrecto,0.0,0.0
2024-05-21,,,0.341,0.358,0.376,Incorrecto,1.011,2.04
2024-05-24,,,0.421,0.422,0.463,Incorrecto,1.457,2.9
2024-05-25,,,0.312,0.304,0.296,Incorrecto,2.401,4.71
2024-05-27,,,0.325,0.316,0.311,Incorrecto,3.822,7.5
2024-05-30,,,0.165,0.154,0.144,Incorrecto,2.728,4.29
2024-06-01,,,0.168,0.154,0.069,Incorrecto,4.198,4.55
2024-06-02,,,0.136,0.136,0.14,Incorrecto,1.834,3.69
2024-06-03,,,0.156,0.165,0.158,Incorrecto,3.869,4.71
2024-06-08,,,0.581,0.581,0.581,Incorrecto,0.0,0.0
2024-06-09,,,0.255,0.251,0.231,Incorrecto,1.086,2.16
2024-06-11,,,0.349,0.349,0.349,Incorrecto,0.0,0.0
2024-06-13,,,0.389,0.391,0.391,Incorrecto,0.0,0.0
2024-06-16,,,0.357,0.351,0.371,Incorrecto,1.035,2.03
2024-06-20,,,0.433,0.442,0.477,Incorrecto,4.483,8.8
2024-06-23,,,0.213,0.206,0.197,Incorrecto,3.063,5.92
2024-06-24,,,0.106,0.106,0.113,Incorrecto,1.189,2.4
2024-06-28,,,0.357,0.355,0.34,Incorrecto,1.851,3.63
2024-06-29,,,0.271,0.268,0.282,Incorrecto,3.861,7.8
2024-07-01,,,0.137,0.138,0.139,Incorrecto,1.457,2.95
2024-07-08,,,0.189,0.184,0.137,Incorrecto,3.138,4.62
2024-07-10,,,0.357,0.368,0.372,Incorrecto,3.283,6.44
2024-07-11,,,0.253,0.248,0.223,Incorrecto,2.438,4.93
2024-07-12,,,0.304,0.297,0.284,Incorrecto,3.309,6.49
2024-07-14,,,0.239,0.238,0.218,Incorrecto,2.955,5.8
2024-07-15,,,0.165,0.163,0.135,Incorrecto,4.588,4.69
2024-07-16,,,0.051,0.051,0.045,Incorrecto,0.769,1.55
2024-07-17,,,0.149,0.149,0.129,Incorrecto,3.976,4.33
2024-07-18,,,0.51,0.503,0.495,Incorrecto,0.333,0.67
2024-07-19,,,0.376,0.371,0.371,Incorrecto,1.671,3.28
2024-07-20,,,0.202,0.185,0.168,Incorrecto,5.2,6.15
2024-07-22,,,0.172,0.16,0.245,Incorrecto,2.583,5.06
2024-07-24,,,0.17,0.166,0.158,Incorrecto,2.61,5.04
2024-07-25,,,0.305,0.296,0.333,Incorrecto,1.477,2.85
2024-07-27,,,0.25,0.247,0.216,Incorrecto,2.86,5.61
2024-07-28,,,0.209,0.193,0.193,Incorrecto,1.765,3.0
2024-07-29,,,0.194,0.184,0.163,Incorrecto,3.323,4.8
2024-07-30,,,0.134,0.13,0.098,Incorrecto,3.276,3.8
2024-08-01,,,0.405,0.37,0.37,Incorrecto,0.0,0.0
2024-08-02,,,0.131,0.133,0.123,Incorrecto,1.896,3.83
2024-08-03,,,0.147,0.143,0.128,Incorrecto,2.313,3.95
2024-08-04,,,0.194,0.192,0.151,Incorrecto,1.389,2.81
2024-08-05,,,0.331,0.329,0.383,Incorrecto,4.382,8.33
2024-08-08,,,0.094,0.089,0.09,Incorrecto,1.281,2.47
2024-08-11,,,0.373,0.355,0.326,Incorrecto,0.311,0.61
2024-08-13,,,0.408,0.395,0.382,Incorrecto,1.335,2.62
2024-08-14,,,0.188,0.202,0.209,Incorrecto,2.411,4.87
2024-08-15,,,0.331,0.329,0.302,Incorrecto,4.888,7.84
2024-08-18,,,0.243,0.238,0.119,Incorrecto,6.81,7.21
2024-08-19,,,0.076,0.076,0.067,Incorrecto,1.058,2.14
2024-08-20,,,0.438,0.445,0.365,Incorrecto,1.42,2.79
2024-08-21,,,0.313,0.297,0.294,Incorrecto,0.953,1.9
2024-08-22,,,0.361,0.359,0.316,Incorrecto,3.718,7.29
2024-08-23,,,0.452,0.425,0.401,Incorrecto,0.836,1.24
2024-08-25,,,0.304,0.308,0.271,Incorrecto,3.072,6.03
2024-08-26,,,0.199,0.183,0.26,Incorrecto,1.135,2.29
2024-08-27,,,0.409,0.407,0.422,Incorrecto,1.011,1.98
2024-08-28,,,0.114,0.12,0.017,Incorrecto,3.127,3.47
2024-08-29,,,0.261,0.251,0.242,Incorrecto,1.419,2.87
2024-08-30,,,0.123,0.123,0.033,Incorrecto,3.594,3.81
2024-08-31,,,0.046,0.046,0.061,Incorrecto,0.667,1.35
2024-09-01,,,0.322,0.318,0.318,Incorrecto,1.202,1.79
2024-09-02,,,0.235,0.233,0.255,Incorrecto,67.82,5.97
2024-09-04,,,0.29,0.134,0.138,Incorrecto,9.208,10.54
2024-09-06,,,0.172,0.168,0.062,Incorrecto,3.541,4.54
2024-09-07,,,0.174,0.169,0.165,Incorrecto,2.637,5.25
2024-09-08,,,0.314,0.304,0.304,Incorrecto,0.544,1.07
2024-09-10,,,0.09,0.091,0.1,Incorrecto,1.422,2.75
2024-09-11,,,0.162,0.144,0.166,Incorrecto,3.628,4.26
2024-09-12,,,0.057,0.052,0.04,Incorrecto,0.944,1.71
2024-09-13,,,0.345,0.345,0.345,Incorrecto,0.0,0.0
2024-09-14,,,0.128,0.132,0.035,Incorrecto,3.218,2.99
2024-09-15,,,0.146,0.148,0.11,Incorrecto,0.831,1.29
2024-09-17,,,0.106,0.107,0.112,Incorrecto,1.185,1.62
2024-09-18,,,0.191,0.159,0.16,Incorrecto,6.34,5.33
2024-09-19,,,0.473,0.47,0.47,Incorrecto,3.703,4.29
2024-09-20,,,0.488,0.489,0.49,Incorrecto,1.329,1.5
2024-09-23,,,0.295,0.323,0.325,Incorrecto,4.947,1.03
2024-09-24,,,0.106,0.099,0.071,Incorrecto,4.099,3.41
2024-09-26,,,0.175,0.174,0.203,Incorrecto,4.681,5.29
2024-09-29,,,0.362,0.353,0.375,Incorrecto,5.414,7.89
2024-10-01,,,0.398,0.412,0.371,Incorrecto,5.821,9.52
2024-10-02,,,0.562,0.563,0.551,Incorrecto,1.956,3.61
2024-10-05,,,0.511,0.539,0.563,Incorrecto,1.502,2.9
2024-10-06,,,0.436,0.437,0.354,Incorrecto,5.705,11.87
2024-10-09,,,0.574,0.568,0.568,Incorrecto,0.422,1.07
2024-10-11,,,0.429,0.425,0.332,Incorrecto,0.903,2.09
2024-10-12,,,0.283,0.278,0.28,Incorrecto,2.651,6.93
2024-10-13,,,0.288,0.274,0.162,Incorrecto,0.899,2.19
2024-10-15,,,0.508,0.507,0.521,Incorrecto,0.0,0.0
2024-10-16,,,0.113,0.109,0.109,Incorrecto,1.342,3.42
2024-10-17,,,0.2,0.192,0.154,Incorrecto,1.473,3.81
2024-10-18,,,0.105,0.089,0.189,Incorrecto,1.216,2.9
2024-10-19,,,0.205,0.204,0.199,Incorrecto,2.256,6.17
2024-10-20,,,0.522,0.519,0.496,Incorrecto,1.479,3.78
2024-10-21,,,0.284,0.287,0.245,Incorrecto,5.186,7.72
2024-10-22,,,0.375,0.37,0.393,Incorrecto,0.505,1.34
2024-10-23,,,0.393,0.385,0.367,Incorrecto,0.718,1.6
2024-10-24,,,0.192,0.191,0.184,Incorrecto,2.11,5.83
2024-10-25,,,0.288,0.285,0.252,Incorrecto,3.992,8.14
2024-10-26,,,0.095,0.105,0.114,Incorrecto,1.05,2.87
2024-10-29,,,0.473,0.466,0.446,Incorrecto,0.0,0.0
2024-10-30,,,0.343,0.337,0.307,Incorrecto,3.372,9.82
2024-11-01,,,0.401,0.396,0.396,Incorrecto,0.0,0.0
2024-11-05,,,0.068,0.071,0.028,Incorrecto,1.261,1.89
2024-11-06,,,0.159,0.181,0.157,Incorrecto,2.925,4.88
2024-11-09,,,0.656,0.663,0.663,Incorrecto,0.0,0.0
2024-11-11,,,0.227,0.217,0.158,Incorrecto,2.498,6.19
2024-11-12,,,0.338,0.343,0.35,Incorrecto,1.812,5.28
2024-11-15,,,0.408,0.403,0.392,Incorrecto,2.499,7.43
2024-11-19,,,0.426,0.413,0.413,Incorrecto,1.392,4.06
2024-11-20,,,0.486,0.486,0.473,Incorrecto,2.237,6.65
2024-11-22,,,0.377,0.365,0.454,Incorrecto,1.033,3.01
2024-11-23,,,0.311,0.311,0.311,Incorrecto,0.0,0.0
2024-11-24,,,0.353,0.353,0.363,Incorrecto,3.625,10.56
2024-11-25,,,0.206,0.203,0.19,Incorrecto,1.46,4.34
2024-11-26,,,0.227,0.233,0.194,Incorrecto,4.358,7.06
2024-11-27,,,0.297,0.297,0.329,Incorrecto,0.53,1.56
2024-11-28,,,0.517,0.526,0.565,Incorrecto,3.165,9.31
2024-11-30,,,0.266,0.265,0.289,Incorrecto,0.793,2.36
