Unnamed: 0,Max_Belisario,Max_Carapungo,Max_Centro,Max_Cotocollao,Max_ElCamal,Max_Guamani,Max_LosChillos,Max_SanAntonio,Max_Tumbaco,Category,Period,Belisario,Carapungo,Centro,Cotocollao,ElCamal,Guamani,LosChillos,SanAntonio,Tumbaco
NO2,-0.3255849625888085,-0.0906218937159669,0.9802541883143616,0.3005626880823853,0.82253366154425,0.7025196238831721,0.3782510232108155,,0.092719867694035,Max,Annual,,,,,,,,,
O3,-0.0843101322827711,0.072888749282114,0.5341136096492657,0.1982024737778247,0.7516982591411931,0.5685089488418505,0.7205460395483749,-0.6413768719844573,-0.8278552512607915,Max,Annual,,,,,,,,,
PM25,-0.1848885363548479,0.2227484796967655,0.7308884018376854,0.0397333191072328,0.7351111114489666,0.5043850058073427,-0.6186424922981718,-0.878814556622444,0.0260751573194576,Max,Annual,,,,,,,,,
PRE,-0.390614394166758,0.1685442224027791,0.7602066762302309,0.2100544053330425,-0.082478877712387,-0.5254092991094411,-0.3924420805988972,0.996969633601406,0.6821968691666839,Max,Annual,,,,,,,,,
RS,-0.2421643414172934,0.0511161623659443,0.7066830668445608,-0.0086017660524881,0.3724138792594645,-0.5650955340741961,-0.3470338965218219,-0.9852395845476064,0.1013246807520948,Max,Annual,,,,,,,,,
SO2,0.3473152710644353,-0.0637216097041815,0.5024559605428134,0.0742213742832709,-0.1501830339754416,-0.4381366332419654,0.6105130023194196,,,Max,Annual,,,,,,,,,
TMP,0.4931097956107381,0.3033306408710068,0.7709592883004598,0.4801891582738548,0.3613228042045211,0.7350437790328913,0.3955642303118981,0.4688701326040696,-0.9867212156375216,Max,Annual,,,,,,,,,
VEL,-0.7335002339269561,0.0403282960580617,0.6814748417974726,0.5145399221808122,0.7414026958345831,0.352523333413564,-0.1153349726902291,0.9979054398688116,0.4619497956290021,Max,Annual,,,,,,,,,
CO,-0.580317912841299,0.6467713144389817,0.946948443712436,0.4555780083178804,0.3657585254580744,0.3506680252880211,-0.1812650563209726,,-0.9086547034015472,Max,Annual,,,,,,,,,
DIR,0.3471858333363791,-0.0134841055995835,0.9659633991212884,-0.2211216770203676,0.6938765215080213,0.3647179599395734,-0.7057222831336608,0.9655940504585576,0.0019439366276539,Max,Annual,,,,,,,,,
HUM,-0.2653563541752328,-0.1973460500788349,0.9961238137356012,0.3969206303992088,0.3994541296579921,0.3319896107862908,0.549079260198905,,-0.260755725171719,Max,Annual,,,,,,,,,
LLU,0.2951032372220458,-0.0566258960096029,0.973164324435532,-0.132545059594209,0.2948926703619011,-0.1933188806371924,0.1594369473743224,-0.4064654086597418,-0.7572001229797902,Max,Annual,,,,,,,,,
NO2,-0.1860425466623774,0.0601040917848091,-0.1246448960129308,0.152342717877342,0.1989234019146389,-0.1864644792040637,0.1781394201530802,,0.117642038475657,Max,Monthly,,,,,,,,,
O3,-0.082127622080106,0.0386139352364486,-0.0717546208832356,0.0076422345135875,0.002074478093984,-0.2105146166093804,0.1657413540073619,-0.3774377855494823,-0.0180983597904669,Max,Monthly,,,,,,,,,
PM25,0.0265836043263162,-0.0220435151745534,0.1454048706850088,0.061657842845989,0.198750809215698,-0.2565373202382868,-0.0129333919132067,0.2418638901550815,-0.0716405080705132,Max,Monthly,,,,,,,,,
PRE,-0.0217967806183802,-0.0060871914173438,0.2595458648932055,-0.0017489918386807,0.1519798171112935,0.3056122834879073,0.2187488014603061,0.3777525571344406,0.2902471147041884,Max,Monthly,,,,,,,,,
RS,-0.0554623568037851,-0.0735713678708156,-0.1073047708679422,0.0285261305216714,-0.006514247330952,-0.1368293829124203,0.0388315291316105,-0.0759633614158499,-0.2324077770002769,Max,Monthly,,,,,,,,,
SO2,0.17246946037039,0.0696610346961318,-0.0324983707531379,0.0895661589185861,-0.1463028567680037,0.0687872052396454,0.0319085053033362,,,Max,Monthly,,,,,,,,,
TMP,0.1453943330928407,0.1882533219494474,-0.0009521922958227,0.2470332711107927,0.2060835602636335,-0.0649844984074035,0.120281810483678,-0.1931207653779332,-0.1583854596916671,Max,Monthly,,,,,,,,,
VEL,-0.0833408448883809,-0.0912020968671403,0.2978571671763855,0.2286464397931658,0.0747856931904596,0.2312940184170852,0.1735634312217042,-0.0383934724075629,-0.139200518752185,Max,Monthly,,,,,,,,,
CO,-0.1442839816197212,0.2305454166978962,0.3473804722212133,-0.0144280305638793,0.1504887146678221,0.0488916043810743,0.0713797326910915,,0.367925555864261,Max,Monthly,,,,,,,,,
DIR,0.1007070478647546,-0.0206584031121243,0.3109808448517882,0.0505550903700783,-0.0677704781313876,0.0783675693509653,0.319507193092676,-0.2105396160596369,0.5512668667046261,Max,Monthly,,,,,,,,,
HUM,-0.0411542745656869,-0.0970073429632888,0.5580746603298786,-0.1604936998691875,0.0581998033927391,0.0386735051402257,0.2178163511725082,0.485214369567868,0.5463753258946306,Max,Monthly,,,,,,,,,
LLU,-0.0302836770116213,-0.2031682623126074,0.2107421490331298,-0.3117762366704568,-0.0767218076927139,0.0786125077061188,0.2638830426843009,0.0683296838065329,0.5978540204522018,Max,Monthly,,,,,,,,,
NO2,-0.0343545257144957,0.1613075719784232,0.1341995508096077,0.0635713291587104,0.1437697203807148,-0.0417673545707355,0.4591758784900326,,0.7236975617968373,Max,Seasonal,,,,,,,,,
O3,0.1903069630227508,0.1157577205788674,0.1092171234238407,-0.1246876140579306,0.1372715052735773,0.1414995886965667,0.3058409855594645,-0.4594188242117081,0.7237768920535284,Max,Seasonal,,,,,,,,,
PM25,0.2546607911014138,0.0956785688865265,-0.1620679234025473,0.1404057330672921,0.2627174070627166,-0.0403915089562254,0.3367587089192946,-0.2729145450995654,-0.0676638777390761,Max,Seasonal,,,,,,,,,
PRE,0.176844529501567,0.0625775472603032,-0.2710964524546964,0.056382653658683,0.3598982336715547,0.2641525799087626,0.4357976098873847,0.0213578999163131,0.2136620217476805,Max,Seasonal,,,,,,,,,
RS,0.0996060835270723,-0.1231837834608323,0.2248311110178925,-0.0806059789289199,-0.2311909016233293,0.2711686066299375,0.2890314087614735,0.0085691134671905,0.2207848301262715,Max,Seasonal,,,,,,,,,
SO2,0.1569188625691301,0.0033041919234587,0.0814559499542977,0.0180001362789777,-0.2471063147140267,0.4668467195615203,0.3670994786351816,,,Max,Seasonal,,,,,,,,,
TMP,0.5167876276438351,0.4130493193800789,0.0411898668256136,0.1816124229493099,0.31989109445076,0.4155922770467268,0.0425506743207242,-0.2680478019862687,-0.2380100770971996,Max,Seasonal,,,,,,,,,
VEL,-0.1949871282715682,-0.0607644474361179,0.3826310166042471,0.3756303777606412,-0.0927084927394485,0.6561822890293911,0.3080676024298651,0.1028841768981394,0.0132285686505419,Max,Seasonal,,,,,,,,,
CO,-0.1802256577849156,0.2550772187020131,-0.474717950559936,-0.0615418284892066,0.2100126704472258,0.1756050559850057,0.4756511060762057,,-0.1885646399623588,Max,Seasonal,,,,,,,,,
DIR,0.4465583295940314,-0.0731597241929499,-0.0356761757758727,0.0356447393952451,-0.1359641274238827,0.3234095028765856,0.7924305410278586,0.1655632673348889,0.6463563926428596,Max,Seasonal,,,,,,,,,
HUM,-0.157102508360683,-0.0529881366298179,-0.2409699032115245,-0.212789200545673,0.0956220891463874,0.2814197588675553,0.1177470921944414,,0.0782213678031475,Max,Seasonal,,,,,,,,,
LLU,0.0893214015896466,-0.1397133984276229,0.2523943669244249,-0.020468040296041,-0.0976902101217021,0.4191120298864839,0.3404733328272812,-0.3021504022476752,0.5570943881027061,Max,Seasonal,,,,,,,,,
NO2,0.0058001479813965,0.030335724329495,0.0503484997895267,0.0681488567289433,0.0438735246470303,-0.0696434020877744,0.0402829332979949,,0.034503891697589,Max,Weekly,,,,,,,,,
O3,-0.0895338722202727,0.0201086795073676,-0.0116201035830325,-0.0551727592195104,-0.0691217338318309,-0.1112843720918427,0.0963007727664545,-0.0235750970556147,0.0304788561065555,Max,Weekly,,,,,,,,,
PM25,0.0070076427738306,-0.0130687542486688,0.188773820932474,0.0541134154044112,0.0859263186409597,-0.0326235747205272,0.004071733611809,-0.0137783148056044,0.0634019572203238,Max,Weekly,,,,,,,,,
PRE,0.0075682856255899,0.039155937560006,0.0198091544662693,-0.0267612665637915,0.0556966313752837,0.0667180745523024,0.0650685868002309,0.0595646508469974,-0.0284213309454698,Max,Weekly,,,,,,,,,
RS,0.0725617730773175,0.0030875348155331,-0.0480620433484237,0.0230889670827657,0.0361896379110014,0.0431242212942827,0.0338535677440232,-0.0032512394176523,0.0433138907352701,Max,Weekly,,,,,,,,,
SO2,0.0738251364920002,0.0650991474943209,0.0461200556535093,0.0860562044408461,-0.067448917540033,-0.0078317412219713,-0.015439728835015,,,Max,Weekly,,,,,,,,,
TMP,0.0988784419665535,0.0853644991716631,-0.1160910859799695,0.0498110594360295,0.0395970457938428,-0.0734464139290477,0.0212457646040867,0.0417458141048133,0.0681341776564207,Max,Weekly,,,,,,,,,
VEL,-0.008546012602207,-0.0420716392188415,-0.0517900777741017,0.0594043647262904,-0.0736496907276113,0.0578992629474269,0.1017269552883422,0.0395818965041875,0.0114057566905431,Max,Weekly,,,,,,,,,
CO,-0.0292102032702438,0.1970886118363745,0.1745074441389366,0.0919032782610083,0.0831661092203304,0.0926525535137077,0.0951147986690421,,0.1961273738755471,Max,Weekly,,,,,,,,,
DIR,0.1048535412339343,0.0032034057523044,0.1738037601500321,0.0227927272760301,-0.0499202997881742,-0.0015368108769925,0.0914933895281232,0.1853076518086443,0.207346400584307,Max,Weekly,,,,,,,,,
HUM,-0.0096485699531816,0.0097964928256318,0.166760758824979,-0.0223615285049958,0.0190429833219999,0.0373949653802465,0.0908751986812578,0.1208443925785983,0.1875723041066646,Max,Weekly,,,,,,,,,
LLU,0.0092024001365734,-0.0627578776639531,0.225052500992362,-0.0743296413519582,-0.0291180419580218,0.0455567863291425,0.058456757296643,-0.0506863338913706,0.0968677367997778,Max,Weekly,,,,,,,,,
NO2,,,,,,,,,,Mean,Annual_NoZeroAOD,0.0970085039398,0.0507324955596572,0.4725043672039918,0.263172528417715,0.1957300233695253,-0.5233710969427826,0.1079133925726407,,0.9736283073072616
O3,,,,,,,,,,Mean,Annual_NoZeroAOD,-0.165537230600129,0.35609285592168,-0.1985522260287589,0.1635333627871801,-0.2812612653642781,-0.6299030810444588,0.7257985743124767,-0.9464229987290858,-0.6929271647246287
PM25,,,,,,,,,,Mean,Annual_NoZeroAOD,-0.3472411895027147,-0.3333589339620707,-0.1062460188907998,0.6491968617447611,-0.4292597816996542,-0.9289557216850256,-0.1278914760259191,0.4444721793516624,-0.3366616103271262
PRE,,,,,,,,,,Mean,Annual_NoZeroAOD,0.4883567184718583,0.0471376635189925,-0.4348461396160367,0.1407872265051345,-0.4105090774221224,0.6511285395761894,-0.7665165927467517,-0.1222772121621359,-0.7482293950404106
RS,,,,,,,,,,Mean,Annual_NoZeroAOD,-0.00794669408599,0.2684974559082027,0.9987349698952284,-0.5117909844975403,-0.60340436030973,0.5847051940060776,-0.4667542550482572,0.1073195171031293,-0.8215121754774324
SO2,,,,,,,,,,Mean,Annual_NoZeroAOD,-0.0692454344276841,0.0110270407028452,0.7286684786356505,-0.0816249341421814,0.1147100266980049,-0.3881144716315547,0.1521940929213584,,
TMP,,,,,,,,,,Mean,Annual_NoZeroAOD,0.5276665927795838,0.5484204498097098,0.2494883822140497,0.0140326513800362,-0.1383658190494562,-0.5238759776165709,0.109005138449838,-0.5320479593244399,-0.4526141150296542
VEL,,,,,,,,,,Mean,Annual_NoZeroAOD,-0.0458396405757358,0.232099652409478,-0.4371404822567318,-0.1906820303057789,0.1200082098509233,0.1715178382504256,-0.5178310242176409,0.2306992837538614,-0.2675051518092445
CO,,,,,,,,,,Mean,Annual_NoZeroAOD,-0.6353369150140621,-0.1317218515738945,0.7871491191422209,0.0317544893812765,-0.1611474670557594,-0.5491418394431384,-0.585002506003299,,0.9029346133581798
DIR,,,,,,,,,,Mean,Annual_NoZeroAOD,-0.419548175040875,-0.3114086665745432,0.9752466355166176,0.4898873182042013,-0.0729255448931827,0.0932237365301874,-0.3317725104915062,-0.8278109846180363,-0.3534828186353868
HUM,,,,,,,,,,Mean,Annual_NoZeroAOD,-0.1695990896594695,-0.3331125788042844,-0.9606829206430856,0.0348277831695323,-0.0760027293102861,0.6041033713066385,0.2572168125069146,0.4593772132353383,0.4768351830830846
LLU,,,,,,,,,,Mean,Annual_NoZeroAOD,0.5871603806481446,-0.3640763878499992,-0.8129612501082947,-0.1232384614714168,0.2097155373300477,-0.6059214338612289,0.2837728353496576,-0.7005037864357578,0.9888438336016244
NO2,,,,,,,,,,Mean,Annual,-0.0470991747758552,0.12880458763903,0.4366169963003268,-0.4216863228838377,-0.092005560313797,0.3298024732908206,0.6501140086447599,,0.996780491949182
O3,,,,,,,,,,Mean,Annual,-0.2677115147027551,0.4944489026015048,-0.1546689383827119,-0.361230188050189,0.2629910501434286,0.0408347653893606,0.2407507559423886,-0.8669861324846657,-0.0056332901855571
PM25,,,,,,,,,,Mean,Annual,0.0059843798922719,0.4057714983175139,0.5454575191352643,0.4612086901092724,0.164164289004297,0.121492575363601,0.2964580545208563,0.7916895974376653,-0.8112608267298324
PRE,,,,,,,,,,Mean,Annual,0.2440550127311934,-0.2937192833824076,-0.439121017296024,-0.1326647324549347,0.6395480377075514,-0.5269380623589703,-0.5052527370222791,0.9996724976477716,-0.9159599063962792
RS,,,,,,,,,,Mean,Annual,0.2273864882817627,-0.4162116654244827,0.36302729439945,0.1270100507223994,0.2540708767547278,-0.8676308952272438,0.5414286070771404,-0.7119300206985342,0.209097713462864
SO2,,,,,,,,,,Mean,Annual,-0.2536530483504901,-0.0947467613443734,-0.0230884718755334,0.2998232475388468,-0.4991457275897514,0.8318401284482322,0.8112854487592985,,
TMP,,,,,,,,,,Mean,Annual,0.6453737793048376,-0.134036955809352,-0.5426483496088808,0.6412279177689644,-0.3179807958601459,0.2364024978309117,0.0786374947313549,-0.6795595230792456,-0.3497123643223866
VEL,,,,,,,,,,Mean,Annual,-0.1470161475224477,0.2286506067990117,-0.6821638219689089,0.1323464377340519,-0.3979834721331987,0.3759752302826336,0.7311558925677988,-0.8119652725474924,0.3085984509074556
CO,,,,,,,,,,Mean,Annual,-0.3967185748709808,0.2608362207182046,0.0780035219014352,0.2076573345286602,0.3577204452890128,0.4037114574411053,-0.38928977439813,,0.8105813588784545
DIR,,,,,,,,,,Mean,Annual,-0.0657971923307026,-0.2205397918948219,-0.6212313229029822,-0.4597204927711197,0.4056078096554423,0.62231128616471,-0.0184181380816987,0.1274517633693718,-0.786932419019477
HUM,,,,,,,,,,Mean,Annual,-0.5060507345297256,-0.7350317865070045,0.458851173314522,-0.3698036837552296,0.4003624732786242,-0.6279400599734146,-0.2566323144301363,0.6218758201664423,0.0335174306415703
LLU,,,,,,,,,,Mean,Annual,0.2574591369896519,-0.2013434460411173,0.3846074862612239,0.0869289392973091,-0.1614947561278763,-0.4261062280698603,-0.2584109621792068,0.7436769359638083,0.3937040271128066
NO2,,,,,,,,,,Mean,Monthly_NoZeroAOD,-0.0784643189032619,0.169424254016143,-0.1552038509631766,-0.0266616905020267,0.0415249459006597,0.2913423108624201,0.1443970754739457,,0.4029081170154146
O3,,,,,,,,,,Mean,Monthly_NoZeroAOD,0.0530858016244207,0.2964846814483016,0.2202338079815481,0.1717300740290113,-0.0471459791797968,0.1923233676826741,0.3197826055478299,0.3127867292846111,0.2103309740008037
PM25,,,,,,,,,,Mean,Monthly_NoZeroAOD,-0.0165796392685924,0.0321011485341815,-0.1081915690087585,0.2280995136773492,0.2258141153989585,-0.116038594347749,-0.0260550777665095,0.0380687195450137,0.1269021471005322
PRE,,,,,,,,,,Mean,Monthly_NoZeroAOD,0.1988300089237417,0.0579931873060853,-0.3047734768229859,0.018322314375688,-0.2694728448182091,0.1447879754624066,-0.4170574617162224,0.1314266441207422,-0.3913518205244858
RS,,,,,,,,,,Mean,Monthly_NoZeroAOD,-0.2044456157975604,-0.0245867177271462,-0.0608414782517807,-0.0673678199333608,-0.2347592895580462,-0.0783049415126679,-0.0422636947720722,-0.0874884250713744,-0.2872875874001063
SO2,,,,,,,,,,Mean,Monthly_NoZeroAOD,0.0142749384460883,0.0931911756054757,-0.148327391044641,-0.2215758304870137,-0.0328817320957078,0.1923573514789975,0.1100169929339856,,
TMP,,,,,,,,,,Mean,Monthly_NoZeroAOD,0.0785474450296471,0.0763475389609329,0.1390869869320792,0.1249978795998234,0.0613812084160609,-0.0992219797439055,0.1382361407806785,-0.3637016712769106,-0.2714076644463221
VEL,,,,,,,,,,Mean,Monthly_NoZeroAOD,0.0318600020431592,0.1418741572865721,-0.092089317246523,0.2021165985352251,-0.0813703477818144,-0.1357047622955567,0.130224147588579,0.3540237790740976,0.4474401531537245
CO,,,,,,,,,,Mean,Monthly_NoZeroAOD,-0.1985658614458861,-0.0282123902077822,-0.0410013224903878,-0.005825708560182,-0.03280716834008,0.2187012186620823,-0.2528775705185201,,0.2492830045129557
DIR,,,,,,,,,,Mean,Monthly_NoZeroAOD,-0.1722726316036306,-0.1122219825521128,0.3409704680232528,-0.0264641791442923,-0.2415580559297621,0.035237609492733,0.0781427221348972,0.0092078701873884,-0.1803470145558625
HUM,,,,,,,,,,Mean,Monthly_NoZeroAOD,0.0889200346971573,0.0360771131448138,-0.2233006846547794,0.1698036304042869,0.1933424394021008,0.0433692761248769,-0.0541035222360883,0.1801302521989822,-0.1095743900430991
LLU,,,,,,,,,,Mean,Monthly_NoZeroAOD,0.1547133099954912,0.053855061747972,-0.0829511941403717,-0.1141429712742829,-0.0987895127085734,0.1588201063846138,-0.0628604249229355,0.2477865680887647,-0.1823488624360575
NO2,,,,,,,,,,Mean,Monthly,-0.1905145616514403,0.0921957665369746,-0.0692621734118804,0.0667414019466989,-0.1590414414542434,-0.2139116716594629,-0.0059367611065642,,0.104477717843782
O3,,,,,,,,,,Mean,Monthly,-0.2321388236840788,-0.0964388311223674,-0.1120572587725725,-0.1100607576918142,-0.1555118481216964,-0.2039642440423011,0.0282109862311619,-0.2097611539763134,-0.2317484286889192
PM25,,,,,,,,,,Mean,Monthly,-0.0061274881808983,-0.1682667665353006,-0.0645322886418173,-0.1666945619316515,-0.0285045796603536,-0.0800263997930913,-0.0315874881881864,-0.3198415991768418,0.0192410904279236
PRE,,,,,,,,,,Mean,Monthly,0.1585439062335394,0.0713389786248129,-0.164682914145668,0.0603406644425047,0.2213239906087634,0.2319943837477676,0.0141564018089651,0.2230330966650254,-0.002734063415894
RS,,,,,,,,,,Mean,Monthly,0.3342771429300989,0.20860224630896,0.3039964976757912,0.2847815844186209,0.1375306800979783,0.1905988689898572,-0.1585945219896507,-0.2713235140178456,-0.0991903559833301
SO2,,,,,,,,,,Mean,Monthly,-0.0461091692315525,0.1574890724783453,-0.031490131226202,0.1374660827478389,-0.0848947237332521,0.05438694566514,-0.035241169027044,,
TMP,,,,,,,,,,Mean,Monthly,0.1539998737629378,-0.0304415743076167,-0.2560360472235383,0.1204086021224962,0.0702180021251992,-0.0104755228179743,-0.0506699758358698,0.1384761035185759,-0.1125370597604615
VEL,,,,,,,,,,Mean,Monthly,0.0006882741627652,-0.0451505475538689,-0.4206889074786577,-0.0855606498134482,-0.0987761270324273,0.2978756057985058,-0.1240263008926717,-0.0185041393231865,-0.2926525404112385
CO,,,,,,,,,,Mean,Monthly,-0.0783172395261608,0.2063352519140803,0.2623188983557383,0.0986673825349267,0.0012109494719249,0.0874714480489972,-0.1646848491162288,,0.3362587584465755
DIR,,,,,,,,,,Mean,Monthly,0.1584496817542615,-0.1489387661299681,0.0103748992030602,0.1324712182247834,0.0280861693129558,0.2218119053311402,0.0694894817516826,-0.081885186947767,0.3934685943003341
HUM,,,,,,,,,,Mean,Monthly,-0.1293103628032588,-0.2527982590886322,0.2392718702673723,-0.2951518869063755,-0.157926848640716,-0.2029355459538514,0.0093435759068843,0.0661150168908496,0.1021025488671726
LLU,,,,,,,,,,Mean,Monthly,0.0064088610291421,-0.1666067981138504,-0.1307109661185132,-0.2595660348754387,-0.2104062577242724,-0.0794116537870588,0.0441560986137186,-0.0657524599110221,0.2846771221405159
NO2,,,,,,,,,,Mean,Seasonal_NoZeroAOD,-0.3082576367969506,0.1156263899301165,-0.165710901301358,0.0234418448733664,-0.0819118214296909,-0.2344637265938335,0.1572428809980729,,0.4150025862543842
O3,,,,,,,,,,Mean,Seasonal_NoZeroAOD,-0.2622974717441211,-0.0413217022508561,0.1765831601505356,-0.1185031636898632,-0.2548582868077764,-0.157951754546401,0.0457709303130957,-0.4085431974705142,-0.3792895237643635
PM25,,,,,,,,,,Mean,Seasonal_NoZeroAOD,0.105884085172313,-0.1974615967485636,-0.3459176993515968,-0.0916755016915921,0.1358941754167427,0.0779294678973619,-0.0370681159236074,-0.5182472239443164,-0.7296620942830583
PRE,,,,,,,,,,Mean,Seasonal_NoZeroAOD,0.172677547056883,0.0955171871091363,0.1125763844255575,-0.0177835407804326,0.2505197897967398,0.3160055055547411,0.2281345211290569,0.7638062020144167,0.0977144131233873
RS,,,,,,,,,,Mean,Seasonal_NoZeroAOD,0.2793082954878616,0.2187232587801007,0.5409211073691617,0.3802880488445107,0.2165804160019087,0.1224990548526186,0.0556025651785443,-0.0951712445616603,0.39175792961057
SO2,,,,,,,,,,Mean,Seasonal_NoZeroAOD,-0.0576126584735746,0.0832086184810511,-0.1508562236252021,0.1749888256466033,-0.1734979952574131,0.4870751983850239,0.1726746008057321,,
TMP,,,,,,,,,,Mean,Seasonal_NoZeroAOD,0.3179495966509147,0.0481647485817255,-0.2940991246221008,0.3534571731527224,0.1348053312675953,0.2241209894890264,-0.3394487631385334,0.1263413024147435,-0.1841795292871703
VEL,,,,,,,,,,Mean,Seasonal_NoZeroAOD,-0.0241655556584446,-0.0315717474330853,-0.2115112841901028,0.0169636219381939,-0.1823433343273088,0.5990779991876497,-0.0028241007303907,-0.3899162475594196,-0.2348747933553656
CO,,,,,,,,,,Mean,Seasonal_NoZeroAOD,-0.1502501005721396,0.3395193672987734,-0.2947375078145727,0.1824685916132341,0.1071301680278707,0.1152748117549251,-0.0599145580451268,,0.5331853136930605
DIR,,,,,,,,,,Mean,Seasonal_NoZeroAOD,0.2469333300186956,-0.2054620027803067,0.2444506186338486,0.1141505950717117,-0.0078522485304226,0.4479078397641592,0.0489240209855032,0.3333559351655818,0.2017199536061167
HUM,,,,,,,,,,Mean,Seasonal_NoZeroAOD,-0.3827574011462967,-0.5925936648836104,-0.3880008526372596,-0.4471617016942548,-0.1361147082085492,-0.4577121936439827,-0.0518899847045687,-0.4316373689141174,-0.456269464221508
LLU,,,,,,,,,,Mean,Seasonal_NoZeroAOD,-0.2827141824478957,-0.4654508456717318,-0.1792424103023495,-0.5618861425283661,-0.4302611427514439,-0.3324473187321332,-0.0456880722208042,-0.3373613888886396,-0.2587290488732269
NO2,,,,,,,,,,Mean,Seasonal,-0.3082576367969506,0.1156263899301165,-0.165710901301358,0.0234418448733664,-0.0819118214296909,-0.2344637265938335,0.1572428809980729,,0.4150025862543842
O3,,,,,,,,,,Mean,Seasonal,-0.2622974717441211,-0.0413217022508561,0.1765831601505356,-0.1185031636898632,-0.2548582868077764,-0.157951754546401,0.0457709303130957,-0.4085431974705142,-0.3792895237643635
PM25,,,,,,,,,,Mean,Seasonal,0.105884085172313,-0.1974615967485636,-0.3459176993515968,-0.0916755016915921,0.1358941754167427,0.0779294678973619,-0.0370681159236074,-0.5182472239443164,-0.7296620942830583
PRE,,,,,,,,,,Mean,Seasonal,0.172677547056883,0.0955171871091363,0.1125763844255575,-0.0177835407804326,0.2505197897967398,0.3160055055547411,0.2281345211290569,0.7638062020144167,0.0977144131233873
RS,,,,,,,,,,Mean,Seasonal,0.2793082954878616,0.2187232587801007,0.5409211073691617,0.3802880488445107,0.2165804160019087,0.1224990548526186,0.0556025651785443,-0.0951712445616603,0.39175792961057
SO2,,,,,,,,,,Mean,Seasonal,-0.0576126584735746,0.0832086184810511,-0.1508562236252021,0.1749888256466033,-0.1734979952574131,0.4870751983850239,0.1726746008057321,,
TMP,,,,,,,,,,Mean,Seasonal,0.3179495966509147,0.0481647485817255,-0.2940991246221008,0.3534571731527224,0.1348053312675953,0.2241209894890264,-0.3394487631385334,0.1263413024147435,-0.1841795292871703
VEL,,,,,,,,,,Mean,Seasonal,-0.0241655556584446,-0.0315717474330853,-0.2115112841901028,0.0169636219381939,-0.1823433343273088,0.5990779991876497,-0.0028241007303907,-0.3899162475594196,-0.2348747933553656
CO,,,,,,,,,,Mean,Seasonal,-0.1502501005721396,0.3395193672987734,-0.2947375078145727,0.1824685916132341,0.1071301680278707,0.1152748117549251,-0.0599145580451268,,0.5331853136930605
DIR,,,,,,,,,,Mean,Seasonal,0.2469333300186956,-0.2054620027803067,0.2444506186338486,0.1141505950717117,-0.0078522485304226,0.4479078397641592,0.0489240209855032,0.3333559351655818,0.2017199536061167
HUM,,,,,,,,,,Mean,Seasonal,-0.3827574011462967,-0.5925936648836104,-0.3880008526372596,-0.4471617016942548,-0.1361147082085492,-0.4577121936439827,-0.0518899847045687,-0.4316373689141174,-0.456269464221508
LLU,,,,,,,,,,Mean,Seasonal,-0.2827141824478957,-0.4654508456717318,-0.1792424103023495,-0.5618861425283661,-0.4302611427514439,-0.3324473187321332,-0.0456880722208042,-0.3373613888886396,-0.2587290488732269
NO2,,,,,,,,,,Mean,Weekly_NoZeroAOD,-0.0613979720027914,0.0691323236715357,-0.0788190164148922,-0.0529864840785989,0.0696392087414593,0.1491057816024053,0.1248838935716826,,0.1389669909660519
O3,,,,,,,,,,Mean,Weekly_NoZeroAOD,0.0581927431359982,0.1769784740631788,0.07911719040563,0.0812180202644172,-0.0844991360909666,0.1221994099860343,0.2911180972725486,0.1922368022473809,0.2618715186298238
PM25,,,,,,,,,,Mean,Weekly_NoZeroAOD,0.0108940770758489,0.0944325380300289,-0.0011257640649218,0.1144293247560535,0.1435856677484445,-0.0851623281147625,0.1168754471119199,0.0369249285136706,0.0670472953049258
PRE,,,,,,,,,,Mean,Weekly_NoZeroAOD,0.1048696438227629,0.05578860785672,-0.2251254237404265,-0.0192785940616499,-0.1844217901989363,0.0233387441841196,-0.1917803022223976,-0.2355052898933479,-0.1281197790899339
RS,,,,,,,,,,Mean,Weekly_NoZeroAOD,-0.0781399429053671,-0.1140086310739173,0.0677266614051324,-0.0876637136823256,-0.138721669549585,-0.0779033579380905,-0.0146680932190699,-0.0646870913571892,0.049647912910862
SO2,,,,,,,,,,Mean,Weekly_NoZeroAOD,0.0234859263300493,-0.0483274001640067,-0.1461093989473277,-0.1146730353075936,-0.1154647304995673,0.0946935312497857,0.1535604276446439,,
TMP,,,,,,,,,,Mean,Weekly_NoZeroAOD,0.0842382021450706,0.0532243448051798,-0.0536786102099343,0.0771314670648662,-0.061540595177863,-0.0121367916316569,0.1196153721174834,0.0439818681088618,-0.0865194081442593
VEL,,,,,,,,,,Mean,Weekly_NoZeroAOD,-0.0005393319984052,0.1136846963040858,-0.206577011763868,0.1475218893811474,-0.0902144297369619,-0.0153950300232678,0.1687069189804416,0.1258545002813209,0.2687221707463714
CO,,,,,,,,,,Mean,Weekly_NoZeroAOD,-0.1356334779363237,-0.0480373225040684,0.0532647450475928,0.0186530591959684,-0.0635723394412988,0.1253711583505051,-0.2210894411650271,,0.0740658323102347
DIR,,,,,,,,,,Mean,Weekly_NoZeroAOD,-0.0625719702841905,-0.1078550426540008,0.2475092106780347,-0.0506123054841017,-0.0245132962337063,0.0754047458858116,0.1053290787564502,-0.0483814521900728,-0.1736056573941855
HUM,,,,,,,,,,Mean,Weekly_NoZeroAOD,0.0526210202714986,0.0634372693758317,-0.0203959537244229,0.1258961400371337,0.1775828093555551,-0.0605247731981617,-0.1151123271122057,-0.0045756214912135,0.0647210761385843
LLU,,,,,,,,,,Mean,Weekly_NoZeroAOD,0.0582534972522581,0.095477998178348,-0.0510252443014046,-0.0046379082471746,-0.0317221616524836,0.0537448052340552,-0.0149172396089627,-0.0206897560082772,-0.093236983643856
NO2,,,,,,,,,,Mean,Weekly,-0.0975535055605688,0.0098954633027895,0.0028380349476172,0.0534534733141917,-0.1151737047978872,-0.0304471675135852,-0.0339865231909483,,0.0768057706878243
O3,,,,,,,,,,Mean,Weekly,-0.1322532196980032,-0.0212633564041016,0.0169525553400817,-0.0896837833065788,-0.088753736631028,0.045682508112238,0.0404490689863489,-0.0947224032228579,-0.0831858332256932
PM25,,,,,,,,,,Mean,Weekly,0.0351868731349494,-0.0710939054405492,-0.0521432622794057,-0.0817871683309078,-0.0129839376719268,-0.1892621917183215,-0.0650016180489316,-0.1090146907513127,-0.037597652141212
PRE,,,,,,,,,,Mean,Weekly,0.0718431297453643,0.0326627272086916,-0.0895718739793471,0.034232759810043,0.0755278754702012,0.0166827304094078,-0.0956034557153125,0.0298251920554782,-0.1678411045954903
RS,,,,,,,,,,Mean,Weekly,0.0931907486592798,0.0826990245344442,0.0696134920168801,0.1189144086431208,-0.0274596728173701,0.0494939849908192,-0.0419181132004393,-0.1167137385651013,0.0455953245276754
SO2,,,,,,,,,,Mean,Weekly,-0.0414634254308659,0.060041921200204,-0.0588708286934292,0.0653685113554956,-0.0582375342214824,0.0100074709777321,-0.0399496270824882,,
TMP,,,,,,,,,,Mean,Weekly,0.0769520231228392,-0.0273916628645902,-0.1550600045213454,0.0423618327609349,0.0161161083958405,0.0738097682897089,0.0005484576999027,0.0275066477194934,0.0602434670076534
VEL,,,,,,,,,,Mean,Weekly,-0.0282250983699702,-0.0087999832405925,-0.2224004043234444,-0.0611646690526371,-0.0574600660134864,0.1417249923680257,0.0793087307594921,-0.0501049734645775,0.1130484755217902
CO,,,,,,,,,,Mean,Weekly,0.0024847033406245,0.0493690971056313,0.0615340674638385,0.0520636735380479,-0.0282728949804462,0.04224739858105,-0.0794987902498162,,0.1378562333452942
DIR,,,,,,,,,,Mean,Weekly,0.1309052818275456,-0.0532157696047521,0.0558501038279443,0.0430375313686838,0.0276053769392714,0.0602920597420753,-0.0218641537029243,-0.0734994365991929,0.2275608251083284
HUM,,,,,,,,,,Mean,Weekly,-0.0526483977727273,-0.1173378458136702,0.104314907630632,-0.1269136592074028,-0.0713162466340049,-0.1738248662292209,-0.093268705944489,-0.0300870696257997,-0.2061968558250136
LLU,,,,,,,,,,Mean,Weekly,0.0305106616042553,-0.0727642529188487,0.0439392273719307,-0.0968676020419441,-0.0635054952303232,-0.053639855125732,-0.0664057766784677,0.0594497004103854,-0.1129530973693772
