Fecha,Centro
2018-11-23 00:00:00+00:00,14.308571428571428
2018-11-24 00:00:00+00:00,14.677916666666667
2018-11-25 00:00:00+00:00,14.8375
2018-11-26 00:00:00+00:00,12.947083333333333
2018-11-27 00:00:00+00:00,12.511666666666665
2018-11-28 00:00:00+00:00,13.94375
2018-11-29 00:00:00+00:00,13.362916666666665
2018-11-30 00:00:00+00:00,12.127916666666666
2018-12-01 00:00:00+00:00,13.018749999999999
2018-12-02 00:00:00+00:00,13.447083333333333
2018-12-03 00:00:00+00:00,13.212083333333334
2018-12-04 00:00:00+00:00,13.159583333333332
2018-12-05 00:00:00+00:00,13.369583333333333
2018-12-06 00:00:00+00:00,13.400833333333333
2018-12-07 00:00:00+00:00,13.714166666666666
2018-12-08 00:00:00+00:00,14.2875
2018-12-09 00:00:00+00:00,15.201666666666666
2018-12-10 00:00:00+00:00,15.333478260869565
2018-12-11 00:00:00+00:00,14.545833333333334
2018-12-12 00:00:00+00:00,15.482916666666666
2018-12-13 00:00:00+00:00,14.957500000000001
2018-12-14 00:00:00+00:00,14.680833333333332
2018-12-15 00:00:00+00:00,15.15
2018-12-16 00:00:00+00:00,15.6875
2018-12-17 00:00:00+00:00,15.222916666666668
2018-12-18 00:00:00+00:00,15.026666666666666
2018-12-19 00:00:00+00:00,14.69625
2018-12-20 00:00:00+00:00,14.249166666666667
2018-12-21 00:00:00+00:00,13.865833333333333
2018-12-22 00:00:00+00:00,14.375
2018-12-23 00:00:00+00:00,15.429166666666667
2018-12-24 00:00:00+00:00,15.240416666666667
2018-12-25 00:00:00+00:00,15.653333333333334
2018-12-26 00:00:00+00:00,16.90875
2018-12-27 00:00:00+00:00,15.9975
2018-12-28 00:00:00+00:00,16.470833333333335
2018-12-29 00:00:00+00:00,16.265
2018-12-30 00:00:00+00:00,16.190833333333334
2018-12-31 00:00:00+00:00,15.934166666666668
2019-01-01 00:00:00+00:00,15.784583333333332
2019-01-02 00:00:00+00:00,16.365
2019-01-03 00:00:00+00:00,16.455416666666668
2019-01-04 00:00:00+00:00,16.710416666666667
2019-01-05 00:00:00+00:00,16.712083333333332
2019-01-06 00:00:00+00:00,14.560833333333335
2019-01-07 00:00:00+00:00,12.939166666666667
2019-01-08 00:00:00+00:00,11.759166666666667
2019-01-09 00:00:00+00:00,12.94625
2019-01-10 00:00:00+00:00,11.92375
2019-01-11 00:00:00+00:00,12.83375
2019-01-12 00:00:00+00:00,14.125833333333333
2019-01-13 00:00:00+00:00,13.414583333333333
2019-01-14 00:00:00+00:00,14.119166666666667
2019-01-15 00:00:00+00:00,14.082500000000001
2019-01-16 00:00:00+00:00,14.250833333333333
2019-01-17 00:00:00+00:00,14.290434782608695
2019-01-18 00:00:00+00:00,15.265
2019-01-19 00:00:00+00:00,15.043333333333335
2019-01-20 00:00:00+00:00,15.5075
2019-01-21 00:00:00+00:00,16.055
2019-01-22 00:00:00+00:00,16.8975
2019-01-23 00:00:00+00:00,16.937083333333334
2019-01-24 00:00:00+00:00,17.419166666666666
2019-01-25 00:00:00+00:00,16.550416666666667
2019-01-26 00:00:00+00:00,17.027083333333334
2019-01-27 00:00:00+00:00,16.19666666666667
2019-01-28 00:00:00+00:00,14.52875
2019-01-29 00:00:00+00:00,14.68
2019-01-30 00:00:00+00:00,14.009583333333333
2019-01-31 00:00:00+00:00,14.175416666666665
2019-02-01 00:00:00+00:00,14.565
2019-02-02 00:00:00+00:00,15.449166666666665
2019-02-03 00:00:00+00:00,15.426666666666668
2019-02-04 00:00:00+00:00,15.215416666666668
2019-02-05 00:00:00+00:00,15.669583333333334
2019-02-06 00:00:00+00:00,15.187916666666666
2019-02-07 00:00:00+00:00,14.331249999999999
2019-02-08 00:00:00+00:00,14.531666666666666
2019-02-09 00:00:00+00:00,14.550833333333335
2019-02-10 00:00:00+00:00,14.804166666666667
2019-02-11 00:00:00+00:00,15.229166666666666
2019-02-12 00:00:00+00:00,16.114583333333332
2019-02-13 00:00:00+00:00,16.2625
2019-02-14 00:00:00+00:00,15.585
2019-02-15 00:00:00+00:00,15.69
2019-02-16 00:00:00+00:00,16.22375
2019-02-17 00:00:00+00:00,16.144583333333333
2019-02-18 00:00:00+00:00,15.020833333333334
2019-02-19 00:00:00+00:00,14.234583333333333
2019-02-20 00:00:00+00:00,14.27625
2019-02-21 00:00:00+00:00,14.854583333333332
2019-02-22 00:00:00+00:00,15.935416666666667
2019-02-23 00:00:00+00:00,14.66625
2019-02-24 00:00:00+00:00,12.397083333333333
2019-02-25 00:00:00+00:00,13.816666666666668
2019-02-26 00:00:00+00:00,14.201666666666668
2019-02-27 00:00:00+00:00,14.697083333333333
2019-02-28 00:00:00+00:00,14.31
2019-03-01 00:00:00+00:00,13.899166666666666
2019-03-02 00:00:00+00:00,14.16375
2019-03-03 00:00:00+00:00,14.007083333333334
2019-03-04 00:00:00+00:00,14.797083333333333
2019-03-05 00:00:00+00:00,15.501249999999999
2019-03-06 00:00:00+00:00,15.601666666666667
2019-03-07 00:00:00+00:00,14.93
2019-03-08 00:00:00+00:00,16.15458333333333
2019-03-09 00:00:00+00:00,16.84208333333333
2019-03-10 00:00:00+00:00,16.239166666666666
2019-03-11 00:00:00+00:00,15.605833333333335
2019-03-12 00:00:00+00:00,15.249583333333334
2019-03-13 00:00:00+00:00,14.919583333333334
2019-03-14 00:00:00+00:00,15.671666666666667
2019-03-15 00:00:00+00:00,15.770000000000001
2019-03-16 00:00:00+00:00,16.34208333333333
2019-03-17 00:00:00+00:00,16.511666666666667
2019-03-18 00:00:00+00:00,15.384583333333333
2019-03-19 00:00:00+00:00,13.34125
2019-03-20 00:00:00+00:00,13.797916666666666
2019-03-21 00:00:00+00:00,14.581739130434782
2019-03-22 00:00:00+00:00,12.473333333333334
2019-03-23 00:00:00+00:00,14.143749999999999
2019-03-24 00:00:00+00:00,14.10875
2019-03-25 00:00:00+00:00,14.830833333333333
2019-03-26 00:00:00+00:00,15.77125
2019-03-27 00:00:00+00:00,15.785833333333334
2019-03-28 00:00:00+00:00,15.249583333333334
2019-03-29 00:00:00+00:00,13.745833333333332
2019-03-30 00:00:00+00:00,14.595416666666667
2019-03-31 00:00:00+00:00,15.300416666666665
2019-04-01 00:00:00+00:00,14.183333333333335
2019-04-02 00:00:00+00:00,14.061250000000001
2019-04-03 00:00:00+00:00,13.1775
2019-04-04 00:00:00+00:00,12.8175
2019-04-05 00:00:00+00:00,14.047083333333333
2019-04-06 00:00:00+00:00,13.752777777777778
2019-04-07 00:00:00+00:00,
2019-04-08 00:00:00+00:00,16.509090909090908
2019-04-09 00:00:00+00:00,14.06
2019-04-10 00:00:00+00:00,14.34875
2019-04-11 00:00:00+00:00,15.150416666666667
2019-04-12 00:00:00+00:00,16.370416666666667
2019-04-13 00:00:00+00:00,15.612083333333333
2019-04-14 00:00:00+00:00,15.564583333333333
2019-04-15 00:00:00+00:00,14.731739130434782
2019-04-16 00:00:00+00:00,16.02958333333333
2019-04-17 00:00:00+00:00,14.525416666666667
2019-04-18 00:00:00+00:00,14.920416666666666
2019-04-19 00:00:00+00:00,13.425217391304347
2019-04-20 00:00:00+00:00,13.987499999999999
2019-04-21 00:00:00+00:00,11.885
2019-04-22 00:00:00+00:00,14.344285714285714
2019-04-23 00:00:00+00:00,14.789166666666667
2019-04-24 00:00:00+00:00,13.2275
2019-04-25 00:00:00+00:00,15.485416666666666
2019-04-26 00:00:00+00:00,17.0
2019-04-27 00:00:00+00:00,14.582083333333335
2019-04-28 00:00:00+00:00,16.415833333333335
2019-04-29 00:00:00+00:00,15.695416666666667
2019-04-30 00:00:00+00:00,16.093913043478263
2019-05-01 00:00:00+00:00,16.743333333333332
2019-05-02 00:00:00+00:00,16.47875
2019-05-03 00:00:00+00:00,15.355416666666665
2019-05-04 00:00:00+00:00,15.512222222222224
2019-05-05 00:00:00+00:00,
2019-05-06 00:00:00+00:00,17.846666666666668
2019-05-07 00:00:00+00:00,15.805652173913044
2019-05-08 00:00:00+00:00,14.684583333333334
2019-05-09 00:00:00+00:00,14.360555555555557
2019-05-10 00:00:00+00:00,15.20375
2019-05-11 00:00:00+00:00,15.395416666666668
2019-05-12 00:00:00+00:00,14.904583333333333
2019-05-13 00:00:00+00:00,13.594999999999999
2019-05-14 00:00:00+00:00,14.425416666666665
2019-05-15 00:00:00+00:00,15.375
2019-05-16 00:00:00+00:00,15.867083333333333
2019-05-17 00:00:00+00:00,13.7875
2019-05-18 00:00:00+00:00,14.899166666666666
2019-05-19 00:00:00+00:00,11.96
2019-05-20 00:00:00+00:00,14.149166666666666
2019-05-21 00:00:00+00:00,15.589166666666666
2019-05-22 00:00:00+00:00,15.42875
2019-05-23 00:00:00+00:00,14.571666666666667
2019-05-24 00:00:00+00:00,14.884583333333333
2019-05-25 00:00:00+00:00,14.621250000000002
2019-05-26 00:00:00+00:00,14.450000000000001
2019-05-27 00:00:00+00:00,15.042083333333332
2019-05-28 00:00:00+00:00,14.509166666666665
2019-05-29 00:00:00+00:00,14.396666666666667
2019-05-30 00:00:00+00:00,13.786666666666667
2019-05-31 00:00:00+00:00,13.25125
2019-06-01 00:00:00+00:00,14.361666666666666
2019-06-02 00:00:00+00:00,14.627083333333333
2019-06-03 00:00:00+00:00,15.772083333333333
2019-06-04 00:00:00+00:00,16.249583333333334
2019-06-05 00:00:00+00:00,16.215833333333332
2019-06-06 00:00:00+00:00,14.664166666666667
2019-06-07 00:00:00+00:00,14.217916666666667
2019-06-08 00:00:00+00:00,15.625
2019-06-09 00:00:00+00:00,15.25625
2019-06-10 00:00:00+00:00,14.6775
2019-06-11 00:00:00+00:00,13.981250000000001
2019-06-12 00:00:00+00:00,14.82875
2019-06-13 00:00:00+00:00,13.820416666666667
2019-06-14 00:00:00+00:00,13.840416666666668
2019-06-15 00:00:00+00:00,14.281666666666666
2019-06-16 00:00:00+00:00,15.922083333333333
2019-06-17 00:00:00+00:00,16.417916666666667
2019-06-18 00:00:00+00:00,16.226666666666667
2019-06-19 00:00:00+00:00,16.05666666666667
2019-06-20 00:00:00+00:00,16.364583333333332
2019-06-21 00:00:00+00:00,16.13375
2019-06-22 00:00:00+00:00,16.18375
2019-06-23 00:00:00+00:00,15.515
2019-06-24 00:00:00+00:00,15.003333333333332
2019-06-25 00:00:00+00:00,15.481666666666667
2019-06-26 00:00:00+00:00,16.604583333333334
2019-06-27 00:00:00+00:00,16.63
2019-06-28 00:00:00+00:00,16.65875
2019-06-29 00:00:00+00:00,15.668750000000001
2019-06-30 00:00:00+00:00,15.484583333333333
2019-07-01 00:00:00+00:00,15.112499999999999
2019-07-02 00:00:00+00:00,14.34125
2019-07-03 00:00:00+00:00,15.524166666666666
2019-07-04 00:00:00+00:00,16.34541666666667
2019-07-05 00:00:00+00:00,16.019166666666667
2019-07-06 00:00:00+00:00,16.115
2019-07-07 00:00:00+00:00,15.32625
2019-07-08 00:00:00+00:00,14.4625
2019-07-09 00:00:00+00:00,14.125416666666666
2019-07-10 00:00:00+00:00,14.582608695652173
2019-07-11 00:00:00+00:00,14.938333333333333
2019-07-12 00:00:00+00:00,13.86470588235294
2019-07-13 00:00:00+00:00,14.637500000000001
2019-07-14 00:00:00+00:00,13.155000000000001
2019-07-15 00:00:00+00:00,13.22625
2019-07-16 00:00:00+00:00,15.045416666666668
2019-07-17 00:00:00+00:00,15.71625
2019-07-18 00:00:00+00:00,15.62
2019-07-19 00:00:00+00:00,16.182916666666667
2019-07-20 00:00:00+00:00,16.520416666666666
2019-07-21 00:00:00+00:00,15.954166666666666
2019-07-22 00:00:00+00:00,14.35
2019-07-23 00:00:00+00:00,12.960833333333333
2019-07-24 00:00:00+00:00,13.487083333333333
2019-07-25 00:00:00+00:00,13.27125
2019-07-26 00:00:00+00:00,15.012916666666667
2019-07-27 00:00:00+00:00,15.120833333333332
2019-07-28 00:00:00+00:00,15.234166666666667
2019-07-29 00:00:00+00:00,15.3975
2019-07-30 00:00:00+00:00,15.512083333333335
2019-07-31 00:00:00+00:00,15.117083333333333
2019-08-01 00:00:00+00:00,15.284166666666666
2019-08-02 00:00:00+00:00,15.360833333333332
2019-08-03 00:00:00+00:00,15.725833333333334
2019-08-04 00:00:00+00:00,15.355833333333335
2019-08-05 00:00:00+00:00,15.583333333333334
2019-08-06 00:00:00+00:00,15.289583333333333
2019-08-07 00:00:00+00:00,15.34875
2019-08-08 00:00:00+00:00,15.570833333333333
2019-08-09 00:00:00+00:00,15.430833333333332
2019-08-10 00:00:00+00:00,16.019166666666667
2019-08-11 00:00:00+00:00,16.112083333333334
2019-08-12 00:00:00+00:00,16.09958333333333
2019-08-13 00:00:00+00:00,15.24
2019-08-14 00:00:00+00:00,13.37
2019-08-15 00:00:00+00:00,13.53875
2019-08-16 00:00:00+00:00,13.68
2019-08-17 00:00:00+00:00,15.13125
2019-08-18 00:00:00+00:00,15.75875
2019-08-19 00:00:00+00:00,15.264166666666666
2019-08-20 00:00:00+00:00,14.944166666666668
2019-08-21 00:00:00+00:00,14.85375
2019-08-22 00:00:00+00:00,15.5225
2019-08-23 00:00:00+00:00,15.362499999999999
2019-08-24 00:00:00+00:00,15.166666666666666
2019-08-25 00:00:00+00:00,15.54625
2019-08-26 00:00:00+00:00,15.745416666666666
2019-08-27 00:00:00+00:00,15.886249999999999
2019-08-28 00:00:00+00:00,15.909583333333332
2019-08-29 00:00:00+00:00,15.558750000000002
2019-08-30 00:00:00+00:00,15.51625
2019-08-31 00:00:00+00:00,15.714583333333332
2019-09-01 00:00:00+00:00,15.530833333333334
2019-09-02 00:00:00+00:00,15.63
2019-09-03 00:00:00+00:00,16.225416666666668
2019-09-04 00:00:00+00:00,15.730416666666668
2019-09-05 00:00:00+00:00,16.08791666666667
2019-09-06 00:00:00+00:00,16.028333333333332
2019-09-07 00:00:00+00:00,15.873333333333333
2019-09-08 00:00:00+00:00,15.935833333333333
2019-09-09 00:00:00+00:00,15.38375
2019-09-10 00:00:00+00:00,16.394583333333333
2019-09-11 00:00:00+00:00,15.776666666666666
2019-09-12 00:00:00+00:00,15.665833333333333
2019-09-13 00:00:00+00:00,16.54625
2019-09-14 00:00:00+00:00,15.644166666666665
2019-09-15 00:00:00+00:00,15.304166666666667
2019-09-16 00:00:00+00:00,15.198749999999999
2019-09-17 00:00:00+00:00,14.404782608695653
2019-09-18 00:00:00+00:00,13.987083333333333
2019-09-19 00:00:00+00:00,13.617916666666666
2019-09-20 00:00:00+00:00,13.895833333333334
2019-09-21 00:00:00+00:00,13.904736842105264
2019-09-22 00:00:00+00:00,
2019-09-23 00:00:00+00:00,16.135625
2019-09-24 00:00:00+00:00,14.079583333333334
2019-09-25 00:00:00+00:00,14.664583333333333
2019-09-26 00:00:00+00:00,15.612916666666665
2019-09-27 00:00:00+00:00,15.551250000000001
2019-09-28 00:00:00+00:00,14.880833333333333
2019-09-29 00:00:00+00:00,14.174583333333333
2019-09-30 00:00:00+00:00,13.541666666666666
2019-10-01 00:00:00+00:00,14.422083333333333
2019-10-02 00:00:00+00:00,14.39875
2019-10-03 00:00:00+00:00,13.664583333333333
2019-10-04 00:00:00+00:00,14.632083333333334
2019-10-05 00:00:00+00:00,13.847916666666668
2019-10-06 00:00:00+00:00,13.918750000000001
2019-10-07 00:00:00+00:00,14.168333333333335
2019-10-08 00:00:00+00:00,14.097499999999998
2019-10-09 00:00:00+00:00,14.723333333333334
2019-10-10 00:00:00+00:00,15.124583333333334
2019-10-11 00:00:00+00:00,14.920416666666668
2019-10-12 00:00:00+00:00,15.183333333333332
2019-10-13 00:00:00+00:00,13.543750000000001
2019-10-14 00:00:00+00:00,13.9775
2019-10-15 00:00:00+00:00,14.041666666666666
2019-10-16 00:00:00+00:00,13.889166666666666
2019-10-17 00:00:00+00:00,13.705
2019-10-18 00:00:00+00:00,13.642916666666666
2019-10-19 00:00:00+00:00,13.379166666666668
2019-10-20 00:00:00+00:00,13.464583333333332
2019-10-21 00:00:00+00:00,13.275833333333333
2019-10-22 00:00:00+00:00,12.178999999999998
2019-10-23 00:00:00+00:00,12.821666666666667
2019-10-24 00:00:00+00:00,13.080416666666666
2019-10-25 00:00:00+00:00,13.890416666666667
2019-10-26 00:00:00+00:00,13.745
2019-10-27 00:00:00+00:00,14.816666666666668
2019-10-28 00:00:00+00:00,15.715833333333334
2019-10-29 00:00:00+00:00,14.525
2019-10-30 00:00:00+00:00,14.13
2019-10-31 00:00:00+00:00,14.606666666666667
2019-11-01 00:00:00+00:00,14.17125
2019-11-02 00:00:00+00:00,14.063749999999999
2019-11-03 00:00:00+00:00,15.314166666666667
2019-11-04 00:00:00+00:00,15.299583333333333
2019-11-05 00:00:00+00:00,15.351666666666667
2019-11-06 00:00:00+00:00,15.274166666666666
2019-11-07 00:00:00+00:00,16.007083333333334
2019-11-08 00:00:00+00:00,16.167916666666667
2019-11-09 00:00:00+00:00,14.607083333333334
2019-11-10 00:00:00+00:00,14.198749999999999
2019-11-11 00:00:00+00:00,12.987916666666665
2019-11-12 00:00:00+00:00,13.414166666666667
2019-11-13 00:00:00+00:00,12.805833333333334
2019-11-14 00:00:00+00:00,13.598333333333334
2019-11-15 00:00:00+00:00,12.8225
2019-11-16 00:00:00+00:00,13.211666666666666
2019-11-17 00:00:00+00:00,14.013333333333334
2019-11-18 00:00:00+00:00,14.05375
2019-11-19 00:00:00+00:00,12.646666666666667
2019-11-20 00:00:00+00:00,13.833333333333334
2019-11-21 00:00:00+00:00,13.427916666666667
2019-11-22 00:00:00+00:00,13.780833333333334
2019-11-23 00:00:00+00:00,13.967916666666667
2019-11-24 00:00:00+00:00,14.312916666666666
2019-11-25 00:00:00+00:00,16.11
2019-11-26 00:00:00+00:00,16.077916666666667
2019-11-27 00:00:00+00:00,15.879166666666668
2019-11-28 00:00:00+00:00,14.934583333333334
2019-11-29 00:00:00+00:00,14.177916666666667
2019-11-30 00:00:00+00:00,
2019-12-01 00:00:00+00:00,
2019-12-02 00:00:00+00:00,16.998125
2019-12-03 00:00:00+00:00,15.600769230769231
2019-12-04 00:00:00+00:00,15.107058823529412
2019-12-05 00:00:00+00:00,15.294375
2019-12-06 00:00:00+00:00,13.2975
2019-12-07 00:00:00+00:00,12.622083333333334
2019-12-08 00:00:00+00:00,13.301666666666668
2019-12-09 00:00:00+00:00,13.770476190476192
2019-12-10 00:00:00+00:00,13.34529411764706
2019-12-11 00:00:00+00:00,13.880416666666667
2019-12-12 00:00:00+00:00,13.47375
2019-12-13 00:00:00+00:00,13.702916666666667
2019-12-14 00:00:00+00:00,13.812083333333334
2019-12-15 00:00:00+00:00,14.557083333333333
2019-12-16 00:00:00+00:00,15.315
2019-12-17 00:00:00+00:00,15.335
2019-12-18 00:00:00+00:00,14.214166666666666
2019-12-19 00:00:00+00:00,13.996363636363638
2019-12-20 00:00:00+00:00,14.53375
2019-12-21 00:00:00+00:00,15.072916666666666
2019-12-22 00:00:00+00:00,15.361666666666666
2019-12-23 00:00:00+00:00,15.560416666666667
2019-12-24 00:00:00+00:00,16.3125
2019-12-25 00:00:00+00:00,16.392083333333336
2019-12-26 00:00:00+00:00,17.102083333333333
2019-12-27 00:00:00+00:00,15.882916666666667
2019-12-28 00:00:00+00:00,15.811666666666667
2019-12-29 00:00:00+00:00,16.023333333333333
2019-12-30 00:00:00+00:00,14.2125
2019-12-31 00:00:00+00:00,12.931666666666667
2020-01-01 00:00:00+00:00,12.64
2020-01-02 00:00:00+00:00,13.456666666666665
2020-01-03 00:00:00+00:00,14.15125
2020-01-04 00:00:00+00:00,14.77375
2020-01-05 00:00:00+00:00,14.289583333333333
2020-01-06 00:00:00+00:00,13.98375
2020-01-07 00:00:00+00:00,14.588333333333333
2020-01-08 00:00:00+00:00,15.46
2020-01-09 00:00:00+00:00,15.19375
2020-01-10 00:00:00+00:00,16.759166666666665
2020-01-11 00:00:00+00:00,16.3275
2020-01-12 00:00:00+00:00,17.198333333333334
2020-01-13 00:00:00+00:00,16.963333333333335
2020-01-14 00:00:00+00:00,16.809166666666666
2020-01-15 00:00:00+00:00,16.699166666666667
2020-01-16 00:00:00+00:00,17.27541666666667
2020-01-17 00:00:00+00:00,17.958333333333332
2020-01-18 00:00:00+00:00,17.813333333333333
2020-01-19 00:00:00+00:00,17.42125
2020-01-20 00:00:00+00:00,15.11125
2020-01-21 00:00:00+00:00,13.176666666666668
2020-01-22 00:00:00+00:00,13.167916666666665
2020-01-23 00:00:00+00:00,14.8025
2020-01-24 00:00:00+00:00,14.52125
2020-01-25 00:00:00+00:00,14.251666666666667
2020-01-26 00:00:00+00:00,13.729583333333332
2020-01-27 00:00:00+00:00,13.392083333333334
2020-01-28 00:00:00+00:00,13.801250000000001
2020-01-29 00:00:00+00:00,13.037083333333333
2020-01-30 00:00:00+00:00,14.745833333333332
2020-01-31 00:00:00+00:00,15.445416666666667
2020-02-01 00:00:00+00:00,13.407083333333333
2020-02-02 00:00:00+00:00,15.123333333333333
2020-02-03 00:00:00+00:00,16.09375
2020-02-04 00:00:00+00:00,15.847916666666668
2020-02-05 00:00:00+00:00,15.520000000000001
2020-02-06 00:00:00+00:00,15.314583333333333
2020-02-07 00:00:00+00:00,15.159583333333332
2020-02-08 00:00:00+00:00,14.74
2020-02-09 00:00:00+00:00,15.025416666666667
2020-02-10 00:00:00+00:00,15.524583333333332
2020-02-11 00:00:00+00:00,16.06
2020-02-12 00:00:00+00:00,15.604583333333332
2020-02-13 00:00:00+00:00,16.00875
2020-02-14 00:00:00+00:00,16.394583333333333
2020-02-15 00:00:00+00:00,16.17157894736842
2020-02-16 00:00:00+00:00,16.21
2020-02-17 00:00:00+00:00,16.832608695652173
2020-02-18 00:00:00+00:00,17.08875
2020-02-19 00:00:00+00:00,16.722083333333334
2020-02-20 00:00:00+00:00,16.105
2020-02-21 00:00:00+00:00,14.177916666666667
2020-02-22 00:00:00+00:00,13.728333333333333
2020-02-23 00:00:00+00:00,14.858333333333333
2020-02-24 00:00:00+00:00,13.586666666666666
2020-02-25 00:00:00+00:00,14.305
2020-02-26 00:00:00+00:00,13.063749999999999
2020-02-27 00:00:00+00:00,13.589583333333332
2020-02-28 00:00:00+00:00,14.262500000000001
2020-02-29 00:00:00+00:00,15.11625
2020-03-01 00:00:00+00:00,15.903333333333334
2020-03-02 00:00:00+00:00,15.679583333333333
2020-03-03 00:00:00+00:00,16.147916666666667
2020-03-04 00:00:00+00:00,16.724166666666665
2020-03-05 00:00:00+00:00,16.741666666666667
2020-03-06 00:00:00+00:00,14.237916666666665
2020-03-07 00:00:00+00:00,14.480833333333335
2020-03-08 00:00:00+00:00,15.762916666666667
2020-03-09 00:00:00+00:00,16.17833333333333
2020-03-10 00:00:00+00:00,14.8075
2020-03-11 00:00:00+00:00,14.698333333333332
2020-03-12 00:00:00+00:00,15.293333333333335
2020-03-13 00:00:00+00:00,15.07
2020-03-14 00:00:00+00:00,13.830416666666666
2020-03-15 00:00:00+00:00,14.697916666666666
2020-03-16 00:00:00+00:00,14.604999999999999
2020-03-17 00:00:00+00:00,14.469583333333333
2020-03-18 00:00:00+00:00,15.429166666666667
2020-03-19 00:00:00+00:00,15.254583333333334
2020-03-20 00:00:00+00:00,13.897916666666667
2020-03-21 00:00:00+00:00,13.828333333333333
2020-03-22 00:00:00+00:00,14.27375
2020-03-23 00:00:00+00:00,14.968333333333334
2020-03-24 00:00:00+00:00,15.464999999999998
2020-03-25 00:00:00+00:00,14.972499999999998
2020-03-26 00:00:00+00:00,15.446250000000001
2020-03-27 00:00:00+00:00,15.055
2020-03-28 00:00:00+00:00,14.749166666666667
2020-03-29 00:00:00+00:00,14.7125
2020-03-30 00:00:00+00:00,14.333333333333334
2020-03-31 00:00:00+00:00,13.89125
2020-04-01 00:00:00+00:00,13.709583333333335
2020-04-02 00:00:00+00:00,14.375416666666666
2020-04-03 00:00:00+00:00,15.899583333333332
2020-04-04 00:00:00+00:00,16.061666666666667
2020-04-05 00:00:00+00:00,15.812916666666666
2020-04-06 00:00:00+00:00,16.71625
2020-04-07 00:00:00+00:00,15.636249999999999
2020-04-08 00:00:00+00:00,16.76
2020-04-09 00:00:00+00:00,16.02125
2020-04-10 00:00:00+00:00,15.606666666666667
2020-04-11 00:00:00+00:00,13.686250000000001
2020-04-12 00:00:00+00:00,14.441249999999998
2020-04-13 00:00:00+00:00,13.823749999999999
2020-04-14 00:00:00+00:00,14.057916666666666
2020-04-15 00:00:00+00:00,12.434583333333334
2020-04-16 00:00:00+00:00,13.370416666666666
2020-04-17 00:00:00+00:00,14.04
2020-04-18 00:00:00+00:00,13.196666666666667
2020-04-19 00:00:00+00:00,13.909999999999998
2020-04-20 00:00:00+00:00,14.268749999999999
2020-04-21 00:00:00+00:00,14.435
2020-04-22 00:00:00+00:00,14.349583333333333
2020-04-23 00:00:00+00:00,13.836666666666666
2020-04-24 00:00:00+00:00,14.0775
2020-04-25 00:00:00+00:00,14.034999999999998
2020-04-26 00:00:00+00:00,14.752916666666666
2020-04-27 00:00:00+00:00,15.021666666666667
2020-04-28 00:00:00+00:00,15.24125
2020-04-29 00:00:00+00:00,15.195
2020-04-30 00:00:00+00:00,15.21625
2020-05-01 00:00:00+00:00,15.007916666666667
2020-05-02 00:00:00+00:00,14.918333333333335
2020-05-03 00:00:00+00:00,14.63875
2020-05-04 00:00:00+00:00,14.33625
2020-05-05 00:00:00+00:00,15.208333333333334
2020-05-06 00:00:00+00:00,15.334583333333335
2020-05-07 00:00:00+00:00,15.983333333333334
2020-05-08 00:00:00+00:00,16.915
2020-05-09 00:00:00+00:00,17.06625
2020-05-10 00:00:00+00:00,15.8025
2020-05-11 00:00:00+00:00,14.914166666666667
2020-05-12 00:00:00+00:00,13.603181818181817
2020-05-13 00:00:00+00:00,14.79
2020-05-14 00:00:00+00:00,14.10125
2020-05-15 00:00:00+00:00,16.28625
2020-05-16 00:00:00+00:00,16.233333333333334
2020-05-17 00:00:00+00:00,16.202916666666667
2020-05-18 00:00:00+00:00,14.98375
2020-05-19 00:00:00+00:00,15.65625
2020-05-20 00:00:00+00:00,16.62666666666667
2020-05-21 00:00:00+00:00,16.34875
2020-05-22 00:00:00+00:00,15.919583333333334
2020-05-23 00:00:00+00:00,16.588333333333335
2020-05-24 00:00:00+00:00,16.731666666666666
2020-05-25 00:00:00+00:00,16.809583333333332
2020-05-26 00:00:00+00:00,16.813333333333333
2020-05-27 00:00:00+00:00,15.627083333333333
2020-05-28 00:00:00+00:00,14.467500000000001
2020-05-29 00:00:00+00:00,13.68875
2020-05-30 00:00:00+00:00,12.856250000000001
2020-05-31 00:00:00+00:00,14.32625
2020-06-01 00:00:00+00:00,14.582083333333332
2020-06-02 00:00:00+00:00,13.75625
2020-06-03 00:00:00+00:00,13.328333333333333
2020-06-04 00:00:00+00:00,15.649583333333332
2020-06-05 00:00:00+00:00,13.93125
2020-06-06 00:00:00+00:00,15.921666666666667
2020-06-07 00:00:00+00:00,15.56
2020-06-08 00:00:00+00:00,15.754166666666668
2020-06-09 00:00:00+00:00,15.462083333333334
2020-06-10 00:00:00+00:00,13.535416666666668
2020-06-11 00:00:00+00:00,14.374117647058824
2020-06-12 00:00:00+00:00,15.430833333333332
2020-06-13 00:00:00+00:00,14.687083333333334
2020-06-14 00:00:00+00:00,14.142083333333334
2020-06-15 00:00:00+00:00,15.558333333333332
2020-06-16 00:00:00+00:00,14.753333333333332
2020-06-17 00:00:00+00:00,14.847499999999998
2020-06-18 00:00:00+00:00,14.77625
2020-06-19 00:00:00+00:00,14.638333333333334
2020-06-20 00:00:00+00:00,14.766666666666666
2020-06-21 00:00:00+00:00,15.061250000000001
2020-06-22 00:00:00+00:00,15.355833333333335
2020-06-23 00:00:00+00:00,15.071666666666665
2020-06-24 00:00:00+00:00,15.29875
2020-06-25 00:00:00+00:00,14.605833333333335
2020-06-26 00:00:00+00:00,14.162916666666666
2020-06-27 00:00:00+00:00,14.42
2020-06-28 00:00:00+00:00,14.061666666666667
2020-06-29 00:00:00+00:00,14.65625
2020-06-30 00:00:00+00:00,15.172916666666667
2020-07-01 00:00:00+00:00,14.330833333333333
2020-07-02 00:00:00+00:00,13.387500000000001
2020-07-03 00:00:00+00:00,13.042272727272728
2020-07-04 00:00:00+00:00,12.933333333333332
2020-07-05 00:00:00+00:00,13.57125
2020-07-06 00:00:00+00:00,14.199583333333335
2020-07-07 00:00:00+00:00,13.477083333333333
2020-07-08 00:00:00+00:00,13.600833333333334
2020-07-09 00:00:00+00:00,14.415
2020-07-10 00:00:00+00:00,14.002083333333333
2020-07-11 00:00:00+00:00,13.365416666666667
2020-07-12 00:00:00+00:00,14.160416666666668
2020-07-13 00:00:00+00:00,13.109583333333333
2020-07-14 00:00:00+00:00,14.0875
2020-07-15 00:00:00+00:00,14.378750000000002
2020-07-16 00:00:00+00:00,14.797916666666666
2020-07-17 00:00:00+00:00,15.058333333333332
2020-07-18 00:00:00+00:00,14.444166666666668
2020-07-19 00:00:00+00:00,15.169583333333334
2020-07-20 00:00:00+00:00,15.075833333333334
2020-07-21 00:00:00+00:00,14.323333333333332
2020-07-22 00:00:00+00:00,12.737083333333333
2020-07-23 00:00:00+00:00,13.613333333333332
2020-07-24 00:00:00+00:00,13.569166666666668
2020-07-25 00:00:00+00:00,14.260416666666666
2020-07-26 00:00:00+00:00,14.79875
2020-07-27 00:00:00+00:00,14.610833333333332
2020-07-28 00:00:00+00:00,14.688749999999999
2020-07-29 00:00:00+00:00,14.79
2020-07-30 00:00:00+00:00,15.43875
2020-07-31 00:00:00+00:00,16.116666666666667
2020-08-01 00:00:00+00:00,15.681666666666667
2020-08-02 00:00:00+00:00,15.835833333333333
2020-08-03 00:00:00+00:00,15.704583333333332
2020-08-04 00:00:00+00:00,15.236666666666666
2020-08-05 00:00:00+00:00,15.16125
2020-08-06 00:00:00+00:00,15.33
2020-08-07 00:00:00+00:00,15.9525
2020-08-08 00:00:00+00:00,16.4225
2020-08-09 00:00:00+00:00,16.34625
2020-08-10 00:00:00+00:00,16.572916666666668
2020-08-11 00:00:00+00:00,16.744583333333335
2020-08-12 00:00:00+00:00,16.306250000000002
2020-08-13 00:00:00+00:00,16.127916666666668
2020-08-14 00:00:00+00:00,15.028333333333334
2020-08-15 00:00:00+00:00,15.305833333333332
2020-08-16 00:00:00+00:00,14.99375
2020-08-17 00:00:00+00:00,14.657083333333333
2020-08-18 00:00:00+00:00,13.472499999999998
2020-08-19 00:00:00+00:00,14.154166666666667
2020-08-20 00:00:00+00:00,14.380416666666667
2020-08-21 00:00:00+00:00,12.545833333333334
2020-08-22 00:00:00+00:00,14.878333333333332
2020-08-23 00:00:00+00:00,14.305
2020-08-24 00:00:00+00:00,14.8025
2020-08-25 00:00:00+00:00,14.840833333333334
2020-08-26 00:00:00+00:00,15.142916666666666
2020-08-27 00:00:00+00:00,15.125
2020-08-28 00:00:00+00:00,13.601666666666667
2020-08-29 00:00:00+00:00,12.659583333333332
2020-08-30 00:00:00+00:00,13.015833333333333
2020-08-31 00:00:00+00:00,14.76625
2020-09-01 00:00:00+00:00,14.079583333333332
2020-09-02 00:00:00+00:00,14.125416666666666
2020-09-03 00:00:00+00:00,14.996666666666668
2020-09-04 00:00:00+00:00,15.534583333333332
2020-09-05 00:00:00+00:00,15.173333333333332
2020-09-06 00:00:00+00:00,14.103333333333333
2020-09-07 00:00:00+00:00,14.695416666666667
2020-09-08 00:00:00+00:00,13.519166666666665
2020-09-09 00:00:00+00:00,14.436250000000001
2020-09-10 00:00:00+00:00,15.005833333333333
2020-09-11 00:00:00+00:00,15.590000000000002
2020-09-12 00:00:00+00:00,15.078999999999999
2020-09-13 00:00:00+00:00,14.989583333333334
2020-09-14 00:00:00+00:00,15.522499999999999
2020-09-15 00:00:00+00:00,13.9525
2020-09-16 00:00:00+00:00,13.430833333333332
2020-09-17 00:00:00+00:00,12.972500000000002
2020-09-18 00:00:00+00:00,13.497083333333334
2020-09-19 00:00:00+00:00,13.792499999999999
2020-09-20 00:00:00+00:00,15.2875
2020-09-21 00:00:00+00:00,16.0875
2020-09-22 00:00:00+00:00,16.10291666666667
2020-09-23 00:00:00+00:00,14.573749999999999
2020-09-24 00:00:00+00:00,14.635
2020-09-25 00:00:00+00:00,14.689583333333333
2020-09-26 00:00:00+00:00,14.212727272727273
2020-09-27 00:00:00+00:00,13.990833333333333
2020-09-28 00:00:00+00:00,13.599583333333333
2020-09-29 00:00:00+00:00,14.16375
2020-09-30 00:00:00+00:00,14.617391304347825
2020-10-01 00:00:00+00:00,14.469166666666666
2020-10-02 00:00:00+00:00,14.36625
2020-10-03 00:00:00+00:00,13.063333333333333
2020-10-04 00:00:00+00:00,14.24375
2020-10-05 00:00:00+00:00,14.696666666666667
2020-10-06 00:00:00+00:00,16.135
2020-10-07 00:00:00+00:00,14.941249999999998
2020-10-08 00:00:00+00:00,14.15875
2020-10-09 00:00:00+00:00,15.701666666666666
2020-10-10 00:00:00+00:00,15.610833333333334
2020-10-11 00:00:00+00:00,15.58375
2020-10-12 00:00:00+00:00,15.803333333333333
2020-10-13 00:00:00+00:00,14.85375
2020-10-14 00:00:00+00:00,14.979166666666666
2020-10-15 00:00:00+00:00,15.901666666666666
2020-10-16 00:00:00+00:00,16.424583333333334
2020-10-17 00:00:00+00:00,16.261363636363637
2020-10-18 00:00:00+00:00,14.559166666666668
2020-10-19 00:00:00+00:00,13.403333333333334
2020-10-20 00:00:00+00:00,13.975416666666666
2020-10-21 00:00:00+00:00,15.375833333333333
2020-10-22 00:00:00+00:00,15.737916666666665
2020-10-23 00:00:00+00:00,15.213333333333333
2020-10-24 00:00:00+00:00,13.066666666666668
2020-10-25 00:00:00+00:00,14.128333333333332
2020-10-26 00:00:00+00:00,15.239166666666668
2020-10-27 00:00:00+00:00,13.805833333333332
2020-10-28 00:00:00+00:00,14.23625
2020-10-29 00:00:00+00:00,14.913333333333332
2020-10-30 00:00:00+00:00,14.134166666666667
2020-10-31 00:00:00+00:00,14.403333333333334
2020-11-01 00:00:00+00:00,14.563333333333333
2020-11-02 00:00:00+00:00,14.039166666666667
2020-11-03 00:00:00+00:00,13.951666666666666
2020-11-04 00:00:00+00:00,14.815833333333332
2020-11-05 00:00:00+00:00,15.31875
2020-11-06 00:00:00+00:00,15.686250000000001
2020-11-07 00:00:00+00:00,15.980416666666665
2020-11-08 00:00:00+00:00,15.536666666666667
2020-11-09 00:00:00+00:00,15.468333333333334
2020-11-10 00:00:00+00:00,14.245
2020-11-11 00:00:00+00:00,14.33375
2020-11-12 00:00:00+00:00,14.429166666666667
2020-11-13 00:00:00+00:00,14.581249999999999
2020-11-14 00:00:00+00:00,13.045
2020-11-15 00:00:00+00:00,13.895000000000001
2020-11-16 00:00:00+00:00,13.664347826086955
2020-11-17 00:00:00+00:00,13.767083333333334
2020-11-18 00:00:00+00:00,12.850833333333334
2020-11-19 00:00:00+00:00,13.309166666666668
2020-11-20 00:00:00+00:00,12.329166666666666
2020-11-21 00:00:00+00:00,12.697916666666666
2020-11-22 00:00:00+00:00,14.191249999999998
2020-11-23 00:00:00+00:00,14.157083333333333
2020-11-24 00:00:00+00:00,14.93625
2020-11-25 00:00:00+00:00,14.94
2020-11-26 00:00:00+00:00,14.129583333333334
2020-11-27 00:00:00+00:00,13.169583333333334
2020-11-28 00:00:00+00:00,13.655416666666667
2020-11-29 00:00:00+00:00,15.393749999999999
2020-11-30 00:00:00+00:00,15.270833333333334
2020-12-01 00:00:00+00:00,14.4325
2020-12-02 00:00:00+00:00,12.482916666666668
2020-12-03 00:00:00+00:00,13.457500000000001
2020-12-04 00:00:00+00:00,13.980416666666665
2020-12-05 00:00:00+00:00,14.466666666666667
2020-12-06 00:00:00+00:00,14.910416666666668
2020-12-07 00:00:00+00:00,14.574583333333335
2020-12-08 00:00:00+00:00,13.828333333333333
2020-12-09 00:00:00+00:00,14.062083333333334
2020-12-10 00:00:00+00:00,13.456666666666665
2020-12-11 00:00:00+00:00,13.831666666666665
2020-12-12 00:00:00+00:00,13.7175
2020-12-13 00:00:00+00:00,14.516666666666666
2020-12-14 00:00:00+00:00,14.590000000000002
2020-12-15 00:00:00+00:00,13.725416666666668
2020-12-16 00:00:00+00:00,14.39782608695652
2020-12-17 00:00:00+00:00,13.6625
2020-12-18 00:00:00+00:00,13.905000000000001
2020-12-19 00:00:00+00:00,13.763684210526316
2020-12-20 00:00:00+00:00,14.160416666666668
2020-12-21 00:00:00+00:00,14.264583333333334
2020-12-22 00:00:00+00:00,14.167083333333332
2020-12-23 00:00:00+00:00,14.864166666666668
2020-12-24 00:00:00+00:00,13.960416666666667
2020-12-25 00:00:00+00:00,13.046666666666667
2020-12-26 00:00:00+00:00,11.270000000000001
2020-12-27 00:00:00+00:00,12.85375
2020-12-28 00:00:00+00:00,12.438749999999999
2020-12-29 00:00:00+00:00,12.960416666666667
2020-12-30 00:00:00+00:00,12.370416666666666
2020-12-31 00:00:00+00:00,13.448333333333332
2021-01-01 00:00:00+00:00,13.894583333333335
2021-01-02 00:00:00+00:00,13.530416666666667
2021-01-03 00:00:00+00:00,12.762916666666667
2021-01-04 00:00:00+00:00,12.385
2021-01-05 00:00:00+00:00,12.709583333333333
2021-01-06 00:00:00+00:00,12.579583333333334
2021-01-07 00:00:00+00:00,12.835416666666667
2021-01-08 00:00:00+00:00,12.511666666666668
2021-01-09 00:00:00+00:00,12.912916666666666
2021-01-10 00:00:00+00:00,13.950416666666667
2021-01-11 00:00:00+00:00,13.653333333333334
2021-01-12 00:00:00+00:00,14.146666666666667
2021-01-13 00:00:00+00:00,14.886249999999999
2021-01-14 00:00:00+00:00,14.432083333333333
2021-01-15 00:00:00+00:00,14.4125
2021-01-16 00:00:00+00:00,13.775416666666667
2021-01-17 00:00:00+00:00,14.019583333333335
2021-01-18 00:00:00+00:00,14.184166666666668
2021-01-19 00:00:00+00:00,14.989583333333334
2021-01-20 00:00:00+00:00,14.49375
2021-01-21 00:00:00+00:00,13.674583333333333
2021-01-22 00:00:00+00:00,12.723333333333334
2021-01-23 00:00:00+00:00,14.142083333333332
2021-01-24 00:00:00+00:00,14.34875
2021-01-25 00:00:00+00:00,13.758333333333333
2021-01-26 00:00:00+00:00,14.010833333333332
2021-01-27 00:00:00+00:00,15.343333333333334
2021-01-28 00:00:00+00:00,15.055833333333334
2021-01-29 00:00:00+00:00,15.263333333333334
2021-01-30 00:00:00+00:00,15.03375
2021-01-31 00:00:00+00:00,16.076249999999998
2021-02-01 00:00:00+00:00,15.354999999999999
2021-02-02 00:00:00+00:00,15.1025
2021-02-03 00:00:00+00:00,15.784583333333332
2021-02-04 00:00:00+00:00,15.637500000000001
2021-02-05 00:00:00+00:00,14.811666666666667
2021-02-06 00:00:00+00:00,15.363333333333335
2021-02-07 00:00:00+00:00,16.317083333333333
2021-02-08 00:00:00+00:00,14.837083333333332
2021-02-09 00:00:00+00:00,14.685833333333333
2021-02-10 00:00:00+00:00,13.972083333333332
2021-02-11 00:00:00+00:00,13.71
2021-02-12 00:00:00+00:00,13.644583333333335
2021-02-13 00:00:00+00:00,14.907916666666667
2021-02-14 00:00:00+00:00,14.606666666666667
2021-02-15 00:00:00+00:00,13.854166666666666
2021-02-16 00:00:00+00:00,14.277083333333332
2021-02-17 00:00:00+00:00,13.795
2021-02-18 00:00:00+00:00,12.744583333333333
2021-02-19 00:00:00+00:00,12.155833333333334
2021-02-20 00:00:00+00:00,13.26375
2021-02-21 00:00:00+00:00,13.677916666666667
2021-02-22 00:00:00+00:00,12.537083333333333
2021-02-23 00:00:00+00:00,14.255833333333333
2021-02-24 00:00:00+00:00,15.60125
2021-02-25 00:00:00+00:00,15.356250000000001
2021-02-26 00:00:00+00:00,14.606250000000001
2021-02-27 00:00:00+00:00,14.13375
2021-02-28 00:00:00+00:00,13.980416666666665
2021-03-01 00:00:00+00:00,12.735416666666666
2021-03-02 00:00:00+00:00,11.921666666666667
2021-03-03 00:00:00+00:00,12.260833333333332
2021-03-04 00:00:00+00:00,12.509090909090908
2021-03-05 00:00:00+00:00,12.664583333333333
2021-03-06 00:00:00+00:00,14.579583333333334
2021-03-07 00:00:00+00:00,14.607916666666666
2021-03-08 00:00:00+00:00,13.353333333333333
2021-03-09 00:00:00+00:00,12.08
2021-03-10 00:00:00+00:00,12.069583333333334
2021-03-11 00:00:00+00:00,11.701666666666668
2021-03-12 00:00:00+00:00,12.259166666666667
2021-03-13 00:00:00+00:00,12.10125
2021-03-14 00:00:00+00:00,13.042083333333332
2021-03-15 00:00:00+00:00,12.239583333333334
2021-03-16 00:00:00+00:00,12.624782608695652
2021-03-17 00:00:00+00:00,13.0345
2021-03-18 00:00:00+00:00,12.108333333333334
2021-03-19 00:00:00+00:00,13.118333333333334
2021-03-20 00:00:00+00:00,13.47375
2021-03-21 00:00:00+00:00,14.189166666666667
2021-03-22 00:00:00+00:00,12.4325
2021-03-23 00:00:00+00:00,12.94375
2021-03-24 00:00:00+00:00,13.28625
2021-03-25 00:00:00+00:00,13.568333333333333
2021-03-26 00:00:00+00:00,14.400416666666667
2021-03-27 00:00:00+00:00,13.68125
2021-03-28 00:00:00+00:00,14.439583333333333
2021-03-29 00:00:00+00:00,14.967083333333333
2021-03-30 00:00:00+00:00,15.242916666666666
2021-03-31 00:00:00+00:00,15.936250000000001
2021-04-01 00:00:00+00:00,15.570416666666667
2021-04-02 00:00:00+00:00,15.312608695652173
2021-04-03 00:00:00+00:00,13.904583333333333
2021-04-04 00:00:00+00:00,14.51375
2021-04-05 00:00:00+00:00,14.95125
2021-04-06 00:00:00+00:00,14.892083333333334
2021-04-07 00:00:00+00:00,14.500833333333333
2021-04-08 00:00:00+00:00,15.227083333333333
2021-04-09 00:00:00+00:00,13.395000000000001
2021-04-10 00:00:00+00:00,13.714583333333332
2021-04-11 00:00:00+00:00,15.357916666666666
2021-04-12 00:00:00+00:00,14.693333333333333
2021-04-13 00:00:00+00:00,16.44666666666667
2021-04-14 00:00:00+00:00,16.014166666666668
2021-04-15 00:00:00+00:00,14.924999999999999
2021-04-16 00:00:00+00:00,14.422608695652174
2021-04-17 00:00:00+00:00,13.385416666666666
2021-04-18 00:00:00+00:00,13.510416666666666
2021-04-19 00:00:00+00:00,11.8525
2021-04-20 00:00:00+00:00,14.143333333333333
2021-04-21 00:00:00+00:00,13.0625
2021-04-22 00:00:00+00:00,14.571666666666665
2021-04-23 00:00:00+00:00,14.65375
2021-04-24 00:00:00+00:00,14.605833333333335
2021-04-25 00:00:00+00:00,15.23375
2021-04-26 00:00:00+00:00,13.75
2021-04-27 00:00:00+00:00,12.845416666666667
2021-04-28 00:00:00+00:00,12.371250000000002
2021-04-29 00:00:00+00:00,12.893333333333333
2021-04-30 00:00:00+00:00,12.180416666666666
2021-05-01 00:00:00+00:00,11.51
2021-05-02 00:00:00+00:00,12.2525
2021-05-03 00:00:00+00:00,11.657916666666667
2021-05-04 00:00:00+00:00,13.82
2021-05-05 00:00:00+00:00,13.976666666666667
2021-05-06 00:00:00+00:00,13.274166666666666
2021-05-07 00:00:00+00:00,14.13
2021-05-08 00:00:00+00:00,14.140416666666667
2021-05-09 00:00:00+00:00,14.910833333333334
2021-05-10 00:00:00+00:00,15.908333333333333
2021-05-11 00:00:00+00:00,15.807083333333333
2021-05-12 00:00:00+00:00,14.8075
2021-05-13 00:00:00+00:00,15.68625
2021-05-14 00:00:00+00:00,15.638333333333334
2021-05-15 00:00:00+00:00,14.740416666666667
2021-05-16 00:00:00+00:00,14.03875
2021-05-17 00:00:00+00:00,13.357083333333334
2021-05-18 00:00:00+00:00,13.891666666666666
2021-05-19 00:00:00+00:00,15.401666666666666
2021-05-20 00:00:00+00:00,15.532499999999999
2021-05-21 00:00:00+00:00,15.887916666666667
2021-05-22 00:00:00+00:00,15.494166666666667
2021-05-23 00:00:00+00:00,15.137083333333335
2021-05-24 00:00:00+00:00,15.061250000000001
2021-05-25 00:00:00+00:00,14.627083333333333
2021-05-26 00:00:00+00:00,15.315833333333332
2021-05-27 00:00:00+00:00,15.565416666666666
2021-05-28 00:00:00+00:00,14.427083333333334
2021-05-29 00:00:00+00:00,13.887083333333335
2021-05-30 00:00:00+00:00,14.225
2021-05-31 00:00:00+00:00,13.657083333333333
2021-06-01 00:00:00+00:00,14.307083333333333
2021-06-02 00:00:00+00:00,15.4925
2021-06-03 00:00:00+00:00,15.475
2021-06-04 00:00:00+00:00,14.584583333333333
2021-06-05 00:00:00+00:00,15.08375
2021-06-06 00:00:00+00:00,14.274583333333334
2021-06-07 00:00:00+00:00,12.610416666666666
2021-06-08 00:00:00+00:00,12.42875
2021-06-09 00:00:00+00:00,13.374166666666667
2021-06-10 00:00:00+00:00,14.617916666666666
2021-06-11 00:00:00+00:00,13.421666666666667
2021-06-12 00:00:00+00:00,14.74
2021-06-13 00:00:00+00:00,11.865416666666667
2021-06-14 00:00:00+00:00,12.52375
2021-06-15 00:00:00+00:00,11.967500000000001
2021-06-16 00:00:00+00:00,14.354583333333332
2021-06-17 00:00:00+00:00,14.687916666666666
2021-06-18 00:00:00+00:00,14.732083333333334
2021-06-19 00:00:00+00:00,14.251666666666667
2021-06-20 00:00:00+00:00,14.967500000000001
2021-06-21 00:00:00+00:00,13.83625
2021-06-22 00:00:00+00:00,14.172083333333333
2021-06-23 00:00:00+00:00,13.4375
2021-06-24 00:00:00+00:00,14.485416666666667
2021-06-25 00:00:00+00:00,12.996250000000002
2021-06-26 00:00:00+00:00,13.382916666666667
2021-06-27 00:00:00+00:00,13.473333333333334
2021-06-28 00:00:00+00:00,14.195
2021-06-29 00:00:00+00:00,14.859583333333333
2021-06-30 00:00:00+00:00,14.629583333333334
2021-07-01 00:00:00+00:00,13.97625
2021-07-02 00:00:00+00:00,13.274545454545455
2021-07-03 00:00:00+00:00,13.971666666666666
2021-07-04 00:00:00+00:00,13.848095238095238
2021-07-05 00:00:00+00:00,14.800833333333335
2021-07-06 00:00:00+00:00,15.051666666666668
2021-07-07 00:00:00+00:00,15.177916666666667
2021-07-08 00:00:00+00:00,14.41625
2021-07-09 00:00:00+00:00,13.836666666666666
2021-07-10 00:00:00+00:00,13.840833333333334
2021-07-11 00:00:00+00:00,14.307083333333333
2021-07-12 00:00:00+00:00,14.774166666666666
2021-07-13 00:00:00+00:00,14.909999999999998
2021-07-14 00:00:00+00:00,15.007083333333334
2021-07-15 00:00:00+00:00,15.67875
2021-07-16 00:00:00+00:00,14.517083333333332
2021-07-17 00:00:00+00:00,13.378333333333332
2021-07-18 00:00:00+00:00,14.13
2021-07-19 00:00:00+00:00,15.155000000000001
2021-07-20 00:00:00+00:00,16.0225
2021-07-21 00:00:00+00:00,15.446666666666667
2021-07-22 00:00:00+00:00,15.28
2021-07-23 00:00:00+00:00,14.3675
2021-07-24 00:00:00+00:00,14.317916666666667
2021-07-25 00:00:00+00:00,13.03125
2021-07-26 00:00:00+00:00,13.694583333333334
2021-07-27 00:00:00+00:00,13.915416666666665
2021-07-28 00:00:00+00:00,15.7525
2021-07-29 00:00:00+00:00,15.433750000000002
2021-07-30 00:00:00+00:00,15.6775
2021-07-31 00:00:00+00:00,16.31833333333333
2021-08-01 00:00:00+00:00,14.989583333333334
2021-08-02 00:00:00+00:00,14.777916666666668
2021-08-03 00:00:00+00:00,14.207500000000001
2021-08-04 00:00:00+00:00,14.011666666666665
2021-08-05 00:00:00+00:00,14.645833333333334
2021-08-06 00:00:00+00:00,14.920416666666666
2021-08-07 00:00:00+00:00,14.649583333333334
2021-08-08 00:00:00+00:00,15.002916666666666
2021-08-09 00:00:00+00:00,14.71
2021-08-10 00:00:00+00:00,15.715416666666668
2021-08-11 00:00:00+00:00,14.667499999999999
2021-08-12 00:00:00+00:00,13.558750000000002
2021-08-13 00:00:00+00:00,13.714583333333332
2021-08-14 00:00:00+00:00,13.707083333333335
2021-08-15 00:00:00+00:00,13.597500000000002
2021-08-16 00:00:00+00:00,13.229583333333332
2021-08-17 00:00:00+00:00,14.019583333333335
2021-08-18 00:00:00+00:00,14.380416666666667
2021-08-19 00:00:00+00:00,14.566249999999998
2021-08-20 00:00:00+00:00,14.157916666666667
2021-08-21 00:00:00+00:00,14.498333333333333
2021-08-22 00:00:00+00:00,15.170833333333334
2021-08-23 00:00:00+00:00,14.325000000000001
2021-08-24 00:00:00+00:00,13.535833333333334
2021-08-25 00:00:00+00:00,12.904782608695653
2021-08-26 00:00:00+00:00,13.89125
2021-08-27 00:00:00+00:00,14.094583333333333
2021-08-28 00:00:00+00:00,14.120833333333332
2021-08-29 00:00:00+00:00,14.376666666666667
2021-08-30 00:00:00+00:00,13.6775
2021-08-31 00:00:00+00:00,13.575000000000001
2021-09-01 00:00:00+00:00,15.116666666666667
2021-09-02 00:00:00+00:00,15.687083333333334
2021-09-03 00:00:00+00:00,15.02875
2021-09-04 00:00:00+00:00,15.50875
2021-09-05 00:00:00+00:00,14.750416666666666
2021-09-06 00:00:00+00:00,11.467916666666667
2021-09-07 00:00:00+00:00,13.9975
2021-09-08 00:00:00+00:00,14.07625
2021-09-09 00:00:00+00:00,14.482916666666666
2021-09-10 00:00:00+00:00,14.767083333333334
2021-09-11 00:00:00+00:00,13.914583333333333
2021-09-12 00:00:00+00:00,13.60125
2021-09-13 00:00:00+00:00,14.162083333333333
2021-09-14 00:00:00+00:00,13.840416666666668
2021-09-15 00:00:00+00:00,14.612083333333333
2021-09-16 00:00:00+00:00,15.152083333333332
2021-09-17 00:00:00+00:00,15.546666666666667
2021-09-18 00:00:00+00:00,14.761666666666668
2021-09-19 00:00:00+00:00,14.337083333333332
2021-09-20 00:00:00+00:00,14.950416666666667
2021-09-21 00:00:00+00:00,14.174166666666666
2021-09-22 00:00:00+00:00,14.012500000000001
2021-09-23 00:00:00+00:00,14.220833333333333
2021-09-24 00:00:00+00:00,15.292083333333332
2021-09-25 00:00:00+00:00,15.359583333333333
2021-09-26 00:00:00+00:00,15.155833333333334
2021-09-27 00:00:00+00:00,15.859583333333333
2021-09-28 00:00:00+00:00,14.623750000000001
2021-09-29 00:00:00+00:00,13.561666666666667
2021-09-30 00:00:00+00:00,13.113750000000001
2021-10-01 00:00:00+00:00,13.69375
2021-10-02 00:00:00+00:00,14.29
2021-10-03 00:00:00+00:00,14.677916666666667
2021-10-04 00:00:00+00:00,14.286666666666667
2021-10-05 00:00:00+00:00,14.107916666666666
2021-10-06 00:00:00+00:00,14.860416666666666
2021-10-07 00:00:00+00:00,15.640416666666667
2021-10-08 00:00:00+00:00,14.729583333333332
2021-10-09 00:00:00+00:00,14.635833333333332
2021-10-10 00:00:00+00:00,12.582500000000001
2021-10-11 00:00:00+00:00,14.232083333333334
2021-10-12 00:00:00+00:00,14.997083333333334
2021-10-13 00:00:00+00:00,15.895416666666668
2021-10-14 00:00:00+00:00,14.209583333333333
2021-10-15 00:00:00+00:00,13.344583333333333
2021-10-16 00:00:00+00:00,13.192083333333334
2021-10-17 00:00:00+00:00,13.363750000000001
2021-10-18 00:00:00+00:00,13.720416666666667
2021-10-19 00:00:00+00:00,13.972083333333332
2021-10-20 00:00:00+00:00,13.59625
2021-10-21 00:00:00+00:00,12.235
2021-10-22 00:00:00+00:00,13.302083333333334
2021-10-23 00:00:00+00:00,12.970416666666667
2021-10-24 00:00:00+00:00,13.498333333333333
2021-10-25 00:00:00+00:00,13.139583333333334
2021-10-26 00:00:00+00:00,13.877916666666666
2021-10-27 00:00:00+00:00,14.686666666666667
2021-10-28 00:00:00+00:00,15.41375
2021-10-29 00:00:00+00:00,13.982916666666666
2021-10-30 00:00:00+00:00,12.747083333333334
2021-10-31 00:00:00+00:00,12.922916666666666
2021-11-01 00:00:00+00:00,13.447916666666666
2021-11-02 00:00:00+00:00,13.095833333333333
2021-11-03 00:00:00+00:00,13.873333333333333
2021-11-04 00:00:00+00:00,13.683750000000002
2021-11-05 00:00:00+00:00,13.941666666666668
2021-11-06 00:00:00+00:00,14.765
2021-11-07 00:00:00+00:00,14.463333333333333
2021-11-08 00:00:00+00:00,14.200000000000001
2021-11-09 00:00:00+00:00,12.308333333333332
2021-11-10 00:00:00+00:00,13.104583333333332
2021-11-11 00:00:00+00:00,14.413333333333334
2021-11-12 00:00:00+00:00,13.894166666666665
2021-11-13 00:00:00+00:00,13.823333333333332
2021-11-14 00:00:00+00:00,14.385
2021-11-15 00:00:00+00:00,14.198333333333332
2021-11-16 00:00:00+00:00,13.737916666666665
2021-11-17 00:00:00+00:00,13.385416666666666
2021-11-18 00:00:00+00:00,13.697083333333333
2021-11-19 00:00:00+00:00,12.705416666666666
2021-11-20 00:00:00+00:00,13.024583333333334
2021-11-21 00:00:00+00:00,13.9775
2021-11-22 00:00:00+00:00,13.477083333333333
2021-11-23 00:00:00+00:00,13.30375
2021-11-24 00:00:00+00:00,12.987083333333333
2021-11-25 00:00:00+00:00,12.218333333333334
2021-11-26 00:00:00+00:00,12.892083333333334
2021-11-27 00:00:00+00:00,14.138333333333334
2021-11-28 00:00:00+00:00,14.29
2021-11-29 00:00:00+00:00,13.342916666666667
2021-11-30 00:00:00+00:00,12.475
2021-12-01 00:00:00+00:00,13.846666666666666
2021-12-02 00:00:00+00:00,15.076818181818181
2021-12-03 00:00:00+00:00,14.200000000000001
2021-12-04 00:00:00+00:00,14.9695
2021-12-05 00:00:00+00:00,14.664583333333333
2021-12-06 00:00:00+00:00,15.288333333333334
2021-12-07 00:00:00+00:00,15.517916666666666
2021-12-08 00:00:00+00:00,14.501249999999999
2021-12-09 00:00:00+00:00,15.145833333333334
2021-12-10 00:00:00+00:00,14.317083333333334
2021-12-11 00:00:00+00:00,13.06875
2021-12-12 00:00:00+00:00,11.980833333333335
2021-12-13 00:00:00+00:00,12.278333333333334
2021-12-14 00:00:00+00:00,12.239166666666668
2021-12-15 00:00:00+00:00,13.141666666666666
2021-12-16 00:00:00+00:00,13.6975
2021-12-17 00:00:00+00:00,13.700000000000001
2021-12-18 00:00:00+00:00,13.532916666666667
2021-12-19 00:00:00+00:00,14.206249999999999
2021-12-20 00:00:00+00:00,13.805
2021-12-21 00:00:00+00:00,13.5625
2021-12-22 00:00:00+00:00,13.942083333333334
2021-12-23 00:00:00+00:00,15.017916666666666
2021-12-24 00:00:00+00:00,15.287916666666668
2021-12-25 00:00:00+00:00,14.695416666666667
2021-12-26 00:00:00+00:00,14.675833333333335
2021-12-27 00:00:00+00:00,14.644166666666665
2021-12-28 00:00:00+00:00,14.392916666666666
2021-12-29 00:00:00+00:00,13.467916666666667
2021-12-30 00:00:00+00:00,14.835
2021-12-31 00:00:00+00:00,15.377916666666666
2022-01-01 00:00:00+00:00,15.479999999999999
2022-01-02 00:00:00+00:00,14.304761904761904
2022-01-03 00:00:00+00:00,15.204166666666666
2022-01-04 00:00:00+00:00,14.26
2022-01-05 00:00:00+00:00,13.7325
2022-01-06 00:00:00+00:00,14.330416666666666
2022-01-07 00:00:00+00:00,14.126666666666667
2022-01-08 00:00:00+00:00,13.925833333333335
2022-01-09 00:00:00+00:00,13.737083333333333
2022-01-10 00:00:00+00:00,12.94
2022-01-11 00:00:00+00:00,13.637083333333335
2022-01-12 00:00:00+00:00,14.032499999999999
2022-01-13 00:00:00+00:00,13.43625
2022-01-14 00:00:00+00:00,13.116666666666667
2022-01-15 00:00:00+00:00,13.775
2022-01-16 00:00:00+00:00,14.338333333333333
2022-01-17 00:00:00+00:00,13.594166666666666
2022-01-18 00:00:00+00:00,14.429130434782609
2022-01-19 00:00:00+00:00,15.210833333333333
2022-01-20 00:00:00+00:00,15.538333333333334
2022-01-21 00:00:00+00:00,15.304583333333333
2022-01-22 00:00:00+00:00,14.54625
2022-01-23 00:00:00+00:00,14.759
2022-01-24 00:00:00+00:00,15.499583333333334
2022-01-25 00:00:00+00:00,14.124166666666667
2022-01-26 00:00:00+00:00,13.857083333333334
2022-01-27 00:00:00+00:00,13.00875
2022-01-28 00:00:00+00:00,12.414545454545454
2022-01-29 00:00:00+00:00,12.741666666666667
2022-01-30 00:00:00+00:00,12.4375
2022-01-31 00:00:00+00:00,11.488333333333335
2022-02-01 00:00:00+00:00,13.182916666666666
2022-02-02 00:00:00+00:00,14.41125
2022-02-03 00:00:00+00:00,14.177083333333334
2022-02-04 00:00:00+00:00,14.09375
2022-02-05 00:00:00+00:00,13.835833333333333
2022-02-06 00:00:00+00:00,12.792499999999999
2022-02-07 00:00:00+00:00,13.09875
2022-02-08 00:00:00+00:00,12.842500000000001
2022-02-09 00:00:00+00:00,13.700000000000001
2022-02-10 00:00:00+00:00,14.30625
2022-02-11 00:00:00+00:00,14.348333333333334
2022-02-12 00:00:00+00:00,13.999166666666667
2022-02-13 00:00:00+00:00,13.811250000000001
2022-02-14 00:00:00+00:00,13.412916666666668
2022-02-15 00:00:00+00:00,13.4425
2022-02-16 00:00:00+00:00,14.457916666666668
2022-02-17 00:00:00+00:00,14.422916666666666
2022-02-18 00:00:00+00:00,13.2575
2022-02-19 00:00:00+00:00,13.595
2022-02-20 00:00:00+00:00,13.190416666666666
2022-02-21 00:00:00+00:00,14.245
2022-02-22 00:00:00+00:00,13.739583333333334
2022-02-23 00:00:00+00:00,13.146666666666667
2022-02-24 00:00:00+00:00,13.117916666666666
2022-02-25 00:00:00+00:00,13.34375
2022-02-26 00:00:00+00:00,13.344166666666666
2022-02-27 00:00:00+00:00,12.36
2022-02-28 00:00:00+00:00,12.922916666666666
2022-03-01 00:00:00+00:00,13.549166666666666
2022-03-02 00:00:00+00:00,13.58375
2022-03-03 00:00:00+00:00,13.579166666666666
2022-03-04 00:00:00+00:00,14.18
2022-03-05 00:00:00+00:00,12.53625
2022-03-06 00:00:00+00:00,12.002916666666666
2022-03-07 00:00:00+00:00,11.870833333333332
2022-03-08 00:00:00+00:00,12.134166666666665
2022-03-09 00:00:00+00:00,13.488750000000001
2022-03-10 00:00:00+00:00,14.265833333333333
2022-03-11 00:00:00+00:00,13.570416666666667
2022-03-12 00:00:00+00:00,12.492916666666666
2022-03-13 00:00:00+00:00,12.879583333333334
2022-03-14 00:00:00+00:00,13.414583333333333
2022-03-15 00:00:00+00:00,13.264583333333334
2022-03-16 00:00:00+00:00,13.301666666666668
2022-03-17 00:00:00+00:00,12.895416666666668
2022-03-18 00:00:00+00:00,14.167916666666665
2022-03-19 00:00:00+00:00,13.845833333333333
2022-03-20 00:00:00+00:00,13.972499999999998
2022-03-21 00:00:00+00:00,13.221666666666666
2022-03-22 00:00:00+00:00,14.72875
2022-03-23 00:00:00+00:00,14.909999999999998
2022-03-24 00:00:00+00:00,14.125
2022-03-25 00:00:00+00:00,13.936666666666667
2022-03-26 00:00:00+00:00,13.546666666666667
2022-03-27 00:00:00+00:00,13.060416666666667
2022-03-28 00:00:00+00:00,14.128333333333332
2022-03-29 00:00:00+00:00,12.936666666666667
2022-03-30 00:00:00+00:00,13.398333333333333
2022-03-31 00:00:00+00:00,13.72875
2022-04-01 00:00:00+00:00,13.366666666666667
2022-04-02 00:00:00+00:00,14.370833333333332
2022-04-03 00:00:00+00:00,14.492916666666666
2022-04-04 00:00:00+00:00,14.68
2022-04-05 00:00:00+00:00,14.651304347826088
2022-04-06 00:00:00+00:00,14.78375
2022-04-07 00:00:00+00:00,14.629583333333334
2022-04-08 00:00:00+00:00,13.8375
2022-04-09 00:00:00+00:00,14.199166666666665
2022-04-10 00:00:00+00:00,14.250416666666666
2022-04-11 00:00:00+00:00,15.028333333333334
2022-04-12 00:00:00+00:00,15.040000000000001
2022-04-13 00:00:00+00:00,14.503750000000002
2022-04-14 00:00:00+00:00,15.541666666666666
2022-04-15 00:00:00+00:00,15.6275
2022-04-16 00:00:00+00:00,15.43625
2022-04-17 00:00:00+00:00,14.604166666666666
2022-04-18 00:00:00+00:00,13.712916666666667
2022-04-19 00:00:00+00:00,11.795833333333334
2022-04-20 00:00:00+00:00,11.45875
2022-04-21 00:00:00+00:00,12.454166666666666
2022-04-22 00:00:00+00:00,12.555416666666666
2022-04-23 00:00:00+00:00,13.518333333333333
2022-04-24 00:00:00+00:00,13.421666666666667
2022-04-25 00:00:00+00:00,14.145000000000001
2022-04-26 00:00:00+00:00,14.389166666666668
2022-04-27 00:00:00+00:00,14.011666666666665
2022-04-28 00:00:00+00:00,13.502916666666666
2022-04-29 00:00:00+00:00,14.575416666666667
2022-04-30 00:00:00+00:00,15.240833333333335
2022-05-01 00:00:00+00:00,15.354999999999999
2022-05-02 00:00:00+00:00,15.700000000000001
2022-05-03 00:00:00+00:00,16.28875
2022-05-04 00:00:00+00:00,14.560416666666667
2022-05-05 00:00:00+00:00,12.467500000000001
2022-05-06 00:00:00+00:00,13.332916666666668
2022-05-07 00:00:00+00:00,14.878333333333332
2022-05-08 00:00:00+00:00,15.37375
2022-05-09 00:00:00+00:00,15.307083333333333
2022-05-10 00:00:00+00:00,13.962083333333334
2022-05-11 00:00:00+00:00,14.061666666666667
2022-05-12 00:00:00+00:00,14.103333333333333
2022-05-13 00:00:00+00:00,15.16125
2022-05-14 00:00:00+00:00,14.330833333333333
2022-05-15 00:00:00+00:00,14.832916666666668
2022-05-16 00:00:00+00:00,14.254166666666668
2022-05-17 00:00:00+00:00,13.425416666666665
2022-05-18 00:00:00+00:00,13.307083333333333
2022-05-19 00:00:00+00:00,12.979166666666666
2022-05-20 00:00:00+00:00,13.944166666666666
2022-05-21 00:00:00+00:00,14.955833333333333
2022-05-22 00:00:00+00:00,15.324583333333335
2022-05-23 00:00:00+00:00,14.172083333333333
2022-05-24 00:00:00+00:00,14.878333333333332
2022-05-25 00:00:00+00:00,14.714583333333332
2022-05-26 00:00:00+00:00,14.613333333333332
2022-05-27 00:00:00+00:00,14.369166666666667
2022-05-28 00:00:00+00:00,10.996666666666668
2022-05-29 00:00:00+00:00,
2022-05-30 00:00:00+00:00,14.153333333333334
2022-05-31 00:00:00+00:00,12.955
2022-06-01 00:00:00+00:00,12.547826086956523
2022-06-02 00:00:00+00:00,12.864166666666668
2022-06-03 00:00:00+00:00,11.772916666666667
2022-06-04 00:00:00+00:00,13.264583333333334
2022-06-05 00:00:00+00:00,13.855833333333335
2022-06-06 00:00:00+00:00,12.75125
2022-06-07 00:00:00+00:00,12.402916666666668
2022-06-08 00:00:00+00:00,12.787083333333333
2022-06-09 00:00:00+00:00,12.61125
2022-06-10 00:00:00+00:00,13.436250000000001
2022-06-11 00:00:00+00:00,12.467083333333333
2022-06-12 00:00:00+00:00,14.282083333333333
2022-06-13 00:00:00+00:00,13.445416666666667
2022-06-14 00:00:00+00:00,14.105416666666668
2022-06-15 00:00:00+00:00,13.67875
2022-06-16 00:00:00+00:00,14.096666666666666
2022-06-17 00:00:00+00:00,13.485
2022-06-18 00:00:00+00:00,11.55375
2022-06-19 00:00:00+00:00,12.811666666666667
2022-06-20 00:00:00+00:00,13.214583333333332
2022-06-21 00:00:00+00:00,14.091666666666667
2022-06-22 00:00:00+00:00,13.70125
2022-06-23 00:00:00+00:00,14.410416666666668
2022-06-24 00:00:00+00:00,12.28625
2022-06-25 00:00:00+00:00,13.23625
2022-06-26 00:00:00+00:00,12.707083333333335
2022-06-27 00:00:00+00:00,13.747916666666667
2022-06-28 00:00:00+00:00,13.856250000000001
2022-06-29 00:00:00+00:00,14.125
2022-06-30 00:00:00+00:00,13.799583333333333
2022-07-01 00:00:00+00:00,14.352916666666667
2022-07-02 00:00:00+00:00,15.127916666666666
2022-07-03 00:00:00+00:00,15.058750000000002
2022-07-04 00:00:00+00:00,14.18875
2022-07-05 00:00:00+00:00,14.095416666666667
2022-07-06 00:00:00+00:00,14.84375
2022-07-07 00:00:00+00:00,14.914583333333333
2022-07-08 00:00:00+00:00,14.647083333333335
2022-07-09 00:00:00+00:00,14.347916666666668
2022-07-10 00:00:00+00:00,14.343333333333334
2022-07-11 00:00:00+00:00,14.018749999999999
2022-07-12 00:00:00+00:00,14.323333333333332
2022-07-13 00:00:00+00:00,13.188695652173912
2022-07-14 00:00:00+00:00,13.972083333333332
2022-07-15 00:00:00+00:00,14.715416666666668
2022-07-16 00:00:00+00:00,14.228333333333333
2022-07-17 00:00:00+00:00,14.32
2022-07-18 00:00:00+00:00,15.161666666666667
2022-07-19 00:00:00+00:00,15.683333333333332
2022-07-20 00:00:00+00:00,14.418333333333335
2022-07-21 00:00:00+00:00,13.885833333333332
2022-07-22 00:00:00+00:00,14.012500000000001
2022-07-23 00:00:00+00:00,13.622083333333334
2022-07-24 00:00:00+00:00,12.2975
2022-07-25 00:00:00+00:00,13.320416666666667
2022-07-26 00:00:00+00:00,13.254583333333334
2022-07-27 00:00:00+00:00,12.793333333333335
2022-07-28 00:00:00+00:00,13.76
2022-07-29 00:00:00+00:00,15.150833333333333
2022-07-30 00:00:00+00:00,15.3125
2022-07-31 00:00:00+00:00,14.062916666666666
2022-08-01 00:00:00+00:00,13.116363636363637
2022-08-02 00:00:00+00:00,13.804583333333333
2022-08-03 00:00:00+00:00,14.32125
2022-08-04 00:00:00+00:00,13.450000000000001
2022-08-05 00:00:00+00:00,12.985833333333334
2022-08-06 00:00:00+00:00,13.755416666666667
2022-08-07 00:00:00+00:00,14.503333333333332
2022-08-08 00:00:00+00:00,14.50625
2022-08-09 00:00:00+00:00,14.782916666666667
2022-08-10 00:00:00+00:00,14.48375
2022-08-11 00:00:00+00:00,13.889166666666668
2022-08-12 00:00:00+00:00,14.601666666666667
2022-08-13 00:00:00+00:00,14.214999999999998
2022-08-14 00:00:00+00:00,13.797916666666666
2022-08-15 00:00:00+00:00,14.063333333333333
2022-08-16 00:00:00+00:00,14.016666666666666
2022-08-17 00:00:00+00:00,14.863333333333332
2022-08-18 00:00:00+00:00,15.214583333333332
2022-08-19 00:00:00+00:00,14.86875
2022-08-20 00:00:00+00:00,14.294166666666667
2022-08-21 00:00:00+00:00,14.450833333333334
2022-08-22 00:00:00+00:00,14.1275
2022-08-23 00:00:00+00:00,14.420833333333334
2022-08-24 00:00:00+00:00,14.215833333333334
2022-08-25 00:00:00+00:00,14.420416666666666
2022-08-26 00:00:00+00:00,13.804583333333333
2022-08-27 00:00:00+00:00,14.231250000000001
2022-08-28 00:00:00+00:00,14.044166666666667
2022-08-29 00:00:00+00:00,14.717083333333333
2022-08-30 00:00:00+00:00,14.747916666666667
2022-08-31 00:00:00+00:00,14.11625
2022-09-01 00:00:00+00:00,14.397083333333333
2022-09-02 00:00:00+00:00,15.033333333333333
2022-09-03 00:00:00+00:00,15.18
2022-09-04 00:00:00+00:00,14.735833333333334
2022-09-05 00:00:00+00:00,13.745833333333332
2022-09-06 00:00:00+00:00,13.262916666666667
2022-09-07 00:00:00+00:00,14.450833333333334
2022-09-08 00:00:00+00:00,15.584166666666667
2022-09-09 00:00:00+00:00,15.24125
2022-09-10 00:00:00+00:00,15.65625
2022-09-11 00:00:00+00:00,14.72375
2022-09-12 00:00:00+00:00,14.382083333333334
2022-09-13 00:00:00+00:00,14.745833333333332
2022-09-14 00:00:00+00:00,14.629583333333334
2022-09-15 00:00:00+00:00,15.469545454545454
2022-09-16 00:00:00+00:00,14.86153846153846
2022-09-17 00:00:00+00:00,13.23625
2022-09-18 00:00:00+00:00,14.731250000000001
2022-09-19 00:00:00+00:00,13.503333333333332
2022-09-20 00:00:00+00:00,13.887500000000001
2022-09-21 00:00:00+00:00,13.634583333333333
2022-09-22 00:00:00+00:00,13.560416666666667
2022-09-23 00:00:00+00:00,14.497083333333334
2022-09-24 00:00:00+00:00,13.36
2022-09-25 00:00:00+00:00,14.214166666666666
2022-09-26 00:00:00+00:00,14.8175
2022-09-27 00:00:00+00:00,15.194166666666668
2022-09-28 00:00:00+00:00,14.002083333333333
2022-09-29 00:00:00+00:00,13.657083333333333
2022-09-30 00:00:00+00:00,13.309583333333334
2022-10-01 00:00:00+00:00,14.292916666666665
2022-10-02 00:00:00+00:00,15.27125
2022-10-03 00:00:00+00:00,15.669583333333334
2022-10-04 00:00:00+00:00,14.350833333333334
2022-10-05 00:00:00+00:00,13.5525
2022-10-06 00:00:00+00:00,13.279166666666667
2022-10-07 00:00:00+00:00,13.117083333333333
2022-10-08 00:00:00+00:00,13.111666666666666
2022-10-09 00:00:00+00:00,13.848333333333334
2022-10-10 00:00:00+00:00,14.536666666666667
2022-10-11 00:00:00+00:00,15.10125
2022-10-12 00:00:00+00:00,14.070833333333333
2022-10-13 00:00:00+00:00,12.645833333333334
2022-10-14 00:00:00+00:00,14.265
2022-10-15 00:00:00+00:00,13.37
2022-10-16 00:00:00+00:00,13.669166666666667
2022-10-17 00:00:00+00:00,13.110416666666666
2022-10-18 00:00:00+00:00,13.164166666666667
2022-10-19 00:00:00+00:00,12.862083333333333
2022-10-20 00:00:00+00:00,12.634583333333333
2022-10-21 00:00:00+00:00,13.804166666666667
2022-10-22 00:00:00+00:00,11.492857142857144
2022-10-23 00:00:00+00:00,
2022-10-24 00:00:00+00:00,14.546
2022-10-25 00:00:00+00:00,13.92875
2022-10-26 00:00:00+00:00,13.15125
2022-10-27 00:00:00+00:00,13.595416666666667
2022-10-28 00:00:00+00:00,13.080833333333333
2022-10-29 00:00:00+00:00,14.238750000000001
2022-10-30 00:00:00+00:00,14.192083333333334
2022-10-31 00:00:00+00:00,14.08
2022-11-01 00:00:00+00:00,16.015
2022-11-02 00:00:00+00:00,15.068333333333333
2022-11-03 00:00:00+00:00,14.779166666666667
2022-11-04 00:00:00+00:00,13.236666666666666
2022-11-05 00:00:00+00:00,10.508333333333333
2022-11-06 00:00:00+00:00,
2022-11-07 00:00:00+00:00,15.919333333333332
2022-11-08 00:00:00+00:00,14.600833333333334
2022-11-09 00:00:00+00:00,14.017083333333334
2022-11-10 00:00:00+00:00,13.178333333333333
2022-11-11 00:00:00+00:00,14.045
2022-11-12 00:00:00+00:00,13.584583333333333
2022-11-13 00:00:00+00:00,13.410416666666668
2022-11-14 00:00:00+00:00,14.633333333333333
2022-11-15 00:00:00+00:00,14.887500000000001
2022-11-16 00:00:00+00:00,14.802916666666667
2022-11-17 00:00:00+00:00,14.287916666666668
2022-11-18 00:00:00+00:00,15.13375
2022-11-19 00:00:00+00:00,15.28375
2022-11-20 00:00:00+00:00,14.57125
2022-11-21 00:00:00+00:00,14.093125
2022-11-22 00:00:00+00:00,13.667499999999999
2022-11-23 00:00:00+00:00,13.387916666666667
2022-11-24 00:00:00+00:00,14.330416666666666
2022-11-25 00:00:00+00:00,13.835
2022-11-26 00:00:00+00:00,14.654583333333333
2022-11-27 00:00:00+00:00,14.301666666666668
2022-11-28 00:00:00+00:00,13.566666666666668
2022-11-29 00:00:00+00:00,13.393749999999999
2022-11-30 00:00:00+00:00,14.63375
2022-12-01 00:00:00+00:00,14.181666666666667
2022-12-02 00:00:00+00:00,13.219999999999999
2022-12-03 00:00:00+00:00,13.315416666666666
2022-12-04 00:00:00+00:00,12.96125
2022-12-05 00:00:00+00:00,13.058333333333332
2022-12-06 00:00:00+00:00,13.81875
2022-12-07 00:00:00+00:00,13.745
2022-12-08 00:00:00+00:00,13.807916666666666
2022-12-09 00:00:00+00:00,13.996250000000002
2022-12-10 00:00:00+00:00,14.057916666666666
2022-12-11 00:00:00+00:00,13.705833333333333
2022-12-12 00:00:00+00:00,14.595833333333333
2022-12-13 00:00:00+00:00,14.43125
2022-12-14 00:00:00+00:00,14.05625
2022-12-15 00:00:00+00:00,14.375
2022-12-16 00:00:00+00:00,14.492916666666666
2022-12-17 00:00:00+00:00,14.055416666666666
2022-12-18 00:00:00+00:00,13.155
2022-12-19 00:00:00+00:00,14.512500000000001
2022-12-20 00:00:00+00:00,14.71625
2022-12-21 00:00:00+00:00,14.519583333333335
2022-12-22 00:00:00+00:00,15.175416666666665
2022-12-23 00:00:00+00:00,15.093333333333334
2022-12-24 00:00:00+00:00,14.5375
2022-12-25 00:00:00+00:00,14.327916666666667
2022-12-26 00:00:00+00:00,12.869166666666667
2022-12-27 00:00:00+00:00,13.515833333333333
2022-12-28 00:00:00+00:00,14.193333333333333
2022-12-29 00:00:00+00:00,14.789166666666667
2022-12-30 00:00:00+00:00,13.893333333333333
2022-12-31 00:00:00+00:00,12.064166666666667
2023-01-01 00:00:00+00:00,12.338333333333333
2023-01-02 00:00:00+00:00,11.929583333333333
2023-01-03 00:00:00+00:00,12.665416666666667
2023-01-04 00:00:00+00:00,13.380833333333333
2023-01-05 00:00:00+00:00,13.13875
2023-01-06 00:00:00+00:00,13.526666666666666
2023-01-07 00:00:00+00:00,13.58625
2023-01-08 00:00:00+00:00,13.497916666666667
2023-01-09 00:00:00+00:00,12.147083333333333
2023-01-10 00:00:00+00:00,11.792916666666665
2023-01-11 00:00:00+00:00,11.144166666666665
2023-01-12 00:00:00+00:00,12.548333333333334
2023-01-13 00:00:00+00:00,13.354999999999999
2023-01-14 00:00:00+00:00,12.311250000000001
2023-01-15 00:00:00+00:00,12.704166666666666
2023-01-16 00:00:00+00:00,13.888333333333334
2023-01-17 00:00:00+00:00,14.172083333333333
2023-01-18 00:00:00+00:00,13.299999999999999
2023-01-19 00:00:00+00:00,12.295
2023-01-20 00:00:00+00:00,13.005416666666667
2023-01-21 00:00:00+00:00,12.982083333333334
2023-01-22 00:00:00+00:00,13.298333333333334
2023-01-23 00:00:00+00:00,14.237916666666665
2023-01-24 00:00:00+00:00,14.235
2023-01-25 00:00:00+00:00,14.614166666666668
2023-01-26 00:00:00+00:00,14.571666666666667
2023-01-27 00:00:00+00:00,14.721666666666666
2023-01-28 00:00:00+00:00,15.294166666666667
2023-01-29 00:00:00+00:00,15.125
2023-01-30 00:00:00+00:00,14.414583333333333
2023-01-31 00:00:00+00:00,13.623333333333333
2023-02-01 00:00:00+00:00,12.920416666666666
2023-02-02 00:00:00+00:00,14.780416666666667
2023-02-03 00:00:00+00:00,14.46625
2023-02-04 00:00:00+00:00,14.8525
2023-02-05 00:00:00+00:00,15.00625
2023-02-06 00:00:00+00:00,15.099166666666667
2023-02-07 00:00:00+00:00,15.530833333333334
2023-02-08 00:00:00+00:00,14.707500000000001
2023-02-09 00:00:00+00:00,14.646666666666667
2023-02-10 00:00:00+00:00,14.45375
2023-02-11 00:00:00+00:00,14.509166666666667
2023-02-12 00:00:00+00:00,14.680416666666666
2023-02-13 00:00:00+00:00,14.841666666666667
2023-02-14 00:00:00+00:00,14.501666666666667
2023-02-15 00:00:00+00:00,15.397894736842105
2023-02-16 00:00:00+00:00,15.071666666666667
2023-02-17 00:00:00+00:00,14.148333333333333
2023-02-18 00:00:00+00:00,14.10125
2023-02-19 00:00:00+00:00,15.015416666666667
2023-02-20 00:00:00+00:00,14.325416666666667
2023-02-21 00:00:00+00:00,12.667499999999999
2023-02-22 00:00:00+00:00,12.5375
2023-02-23 00:00:00+00:00,13.957916666666668
2023-02-24 00:00:00+00:00,14.732083333333334
2023-02-25 00:00:00+00:00,14.867083333333333
2023-02-26 00:00:00+00:00,15.182916666666666
2023-02-27 00:00:00+00:00,15.487916666666665
2023-02-28 00:00:00+00:00,16.403333333333332
2023-03-01 00:00:00+00:00,16.35375
2023-03-02 00:00:00+00:00,15.384583333333333
2023-03-03 00:00:00+00:00,15.488333333333335
2023-03-04 00:00:00+00:00,15.142916666666666
2023-03-05 00:00:00+00:00,15.1875
2023-03-06 00:00:00+00:00,14.107916666666666
2023-03-07 00:00:00+00:00,12.701666666666666
2023-03-08 00:00:00+00:00,12.964583333333332
2023-03-09 00:00:00+00:00,11.604583333333332
2023-03-10 00:00:00+00:00,12.503333333333332
2023-03-11 00:00:00+00:00,11.412916666666668
2023-03-12 00:00:00+00:00,12.485416666666666
2023-03-13 00:00:00+00:00,12.600833333333334
2023-03-14 00:00:00+00:00,11.487916666666665
2023-03-15 00:00:00+00:00,12.35
2023-03-16 00:00:00+00:00,12.814736842105262
2023-03-17 00:00:00+00:00,13.677083333333334
2023-03-18 00:00:00+00:00,12.539583333333333
2023-03-19 00:00:00+00:00,12.57625
2023-03-20 00:00:00+00:00,12.865416666666667
2023-03-21 00:00:00+00:00,12.800833333333335
2023-03-22 00:00:00+00:00,13.530833333333334
2023-03-23 00:00:00+00:00,13.19
2023-03-24 00:00:00+00:00,12.059166666666668
2023-03-25 00:00:00+00:00,13.135
2023-03-26 00:00:00+00:00,14.874583333333334
2023-03-27 00:00:00+00:00,14.219999999999999
2023-03-28 00:00:00+00:00,13.150833333333333
2023-03-29 00:00:00+00:00,13.42375
2023-03-30 00:00:00+00:00,14.719583333333333
2023-03-31 00:00:00+00:00,12.54625
2023-04-01 00:00:00+00:00,14.794583333333334
2023-04-02 00:00:00+00:00,14.795
2023-04-03 00:00:00+00:00,14.17125
2023-04-04 00:00:00+00:00,13.652916666666668
2023-04-05 00:00:00+00:00,13.688333333333333
2023-04-06 00:00:00+00:00,12.423333333333332
2023-04-07 00:00:00+00:00,12.758333333333333
2023-04-08 00:00:00+00:00,12.945
2023-04-09 00:00:00+00:00,14.834166666666667
2023-04-10 00:00:00+00:00,15.320416666666667
2023-04-11 00:00:00+00:00,14.900416666666667
2023-04-12 00:00:00+00:00,14.54875
2023-04-13 00:00:00+00:00,15.058333333333332
2023-04-14 00:00:00+00:00,14.997916666666667
2023-04-15 00:00:00+00:00,14.686666666666667
2023-04-16 00:00:00+00:00,13.159166666666666
2023-04-17 00:00:00+00:00,12.514583333333334
2023-04-18 00:00:00+00:00,13.527916666666668
2023-04-19 00:00:00+00:00,14.94625
2023-04-20 00:00:00+00:00,14.474583333333333
2023-04-21 00:00:00+00:00,12.94625
2023-04-22 00:00:00+00:00,12.899583333333334
2023-04-23 00:00:00+00:00,11.385833333333332
2023-04-24 00:00:00+00:00,14.12
2023-04-25 00:00:00+00:00,14.244583333333333
2023-04-26 00:00:00+00:00,13.895833333333334
2023-04-27 00:00:00+00:00,13.280416666666667
2023-04-28 00:00:00+00:00,14.259583333333333
2023-04-29 00:00:00+00:00,14.7975
2023-04-30 00:00:00+00:00,14.615833333333335
2023-05-01 00:00:00+00:00,14.454166666666666
2023-05-02 00:00:00+00:00,15.970416666666667
2023-05-03 00:00:00+00:00,16.350833333333334
2023-05-04 00:00:00+00:00,16.532083333333333
2023-05-05 00:00:00+00:00,16.328333333333333
2023-05-06 00:00:00+00:00,16.032083333333333
2023-05-07 00:00:00+00:00,16.747916666666665
2023-05-08 00:00:00+00:00,17.06625
2023-05-09 00:00:00+00:00,16.084166666666665
2023-05-10 00:00:00+00:00,14.770833333333334
2023-05-11 00:00:00+00:00,14.895833333333334
2023-05-12 00:00:00+00:00,15.246666666666668
2023-05-13 00:00:00+00:00,15.915833333333333
2023-05-14 00:00:00+00:00,15.860416666666667
2023-05-15 00:00:00+00:00,15.837083333333332
2023-05-16 00:00:00+00:00,14.399166666666666
2023-05-17 00:00:00+00:00,16.26625
2023-05-18 00:00:00+00:00,16.4975
2023-05-19 00:00:00+00:00,15.459130434782608
2023-05-20 00:00:00+00:00,14.064166666666667
2023-05-21 00:00:00+00:00,14.062083333333334
2023-05-22 00:00:00+00:00,15.021666666666667
2023-05-23 00:00:00+00:00,14.145416666666668
2023-05-24 00:00:00+00:00,14.719583333333333
2023-05-25 00:00:00+00:00,14.28125
2023-05-26 00:00:00+00:00,14.69
2023-05-27 00:00:00+00:00,15.039583333333333
2023-05-28 00:00:00+00:00,13.958333333333334
2023-05-29 00:00:00+00:00,15.262083333333335
2023-05-30 00:00:00+00:00,15.120416666666666
2023-05-31 00:00:00+00:00,14.573749999999999
2023-06-01 00:00:00+00:00,14.74
2023-06-02 00:00:00+00:00,14.735
2023-06-03 00:00:00+00:00,14.998333333333333
2023-06-04 00:00:00+00:00,14.821666666666667
2023-06-05 00:00:00+00:00,15.260833333333332
2023-06-06 00:00:00+00:00,14.40625
2023-06-07 00:00:00+00:00,14.81375
2023-06-08 00:00:00+00:00,14.20875
2023-06-09 00:00:00+00:00,14.361666666666666
2023-06-10 00:00:00+00:00,14.212083333333332
2023-06-11 00:00:00+00:00,15.5525
2023-06-12 00:00:00+00:00,16.075416666666666
2023-06-13 00:00:00+00:00,15.847083333333332
2023-06-14 00:00:00+00:00,15.6725
2023-06-15 00:00:00+00:00,15.823749999999999
2023-06-16 00:00:00+00:00,15.110833333333334
2023-06-17 00:00:00+00:00,15.104583333333332
2023-06-18 00:00:00+00:00,15.619166666666667
2023-06-19 00:00:00+00:00,16.299166666666668
2023-06-20 00:00:00+00:00,16.309166666666666
2023-06-21 00:00:00+00:00,16.440416666666668
2023-06-22 00:00:00+00:00,16.120833333333334
2023-06-23 00:00:00+00:00,15.223333333333334
2023-06-24 00:00:00+00:00,15.081249999999999
2023-06-25 00:00:00+00:00,14.120833333333332
2023-06-26 00:00:00+00:00,14.904166666666667
2023-06-27 00:00:00+00:00,15.376666666666667
2023-06-28 00:00:00+00:00,15.550416666666665
2023-06-29 00:00:00+00:00,16.781666666666666
2023-06-30 00:00:00+00:00,15.696666666666667
2023-07-01 00:00:00+00:00,15.668750000000001
2023-07-02 00:00:00+00:00,14.511666666666668
2023-07-03 00:00:00+00:00,14.661666666666667
2023-07-04 00:00:00+00:00,15.68125
2023-07-05 00:00:00+00:00,14.935416666666667
2023-07-06 00:00:00+00:00,14.37375
2023-07-07 00:00:00+00:00,14.343333333333334
2023-07-08 00:00:00+00:00,14.1325
2023-07-09 00:00:00+00:00,14.988750000000001
2023-07-10 00:00:00+00:00,15.096666666666666
2023-07-11 00:00:00+00:00,15.05625
2023-07-12 00:00:00+00:00,15.08625
2023-07-13 00:00:00+00:00,15.511249999999999
2023-07-14 00:00:00+00:00,15.421666666666667
2023-07-15 00:00:00+00:00,14.969166666666666
2023-07-16 00:00:00+00:00,15.828333333333333
2023-07-17 00:00:00+00:00,15.097500000000002
2023-07-18 00:00:00+00:00,15.6225
2023-07-19 00:00:00+00:00,15.666666666666666
2023-07-20 00:00:00+00:00,16.6125
2023-07-21 00:00:00+00:00,16.20375
2023-07-22 00:00:00+00:00,15.96625
2023-07-23 00:00:00+00:00,15.807083333333333
2023-07-24 00:00:00+00:00,16.305
2023-07-25 00:00:00+00:00,15.489166666666668
2023-07-26 00:00:00+00:00,14.994583333333333
2023-07-27 00:00:00+00:00,15.628749999999998
2023-07-28 00:00:00+00:00,16.4025
2023-07-29 00:00:00+00:00,16.252916666666668
2023-07-30 00:00:00+00:00,15.93125
2023-07-31 00:00:00+00:00,15.031666666666666
2023-08-01 00:00:00+00:00,14.871666666666668
2023-08-02 00:00:00+00:00,15.153809523809525
2023-08-03 00:00:00+00:00,15.705
2023-08-04 00:00:00+00:00,15.83
2023-08-05 00:00:00+00:00,15.982916666666668
2023-08-06 00:00:00+00:00,16.027083333333334
2023-08-07 00:00:00+00:00,15.596666666666666
2023-08-08 00:00:00+00:00,15.926666666666668
2023-08-09 00:00:00+00:00,15.025833333333333
2023-08-10 00:00:00+00:00,15.452916666666667
2023-08-11 00:00:00+00:00,15.237499999999999
2023-08-12 00:00:00+00:00,15.905000000000001
2023-08-13 00:00:00+00:00,14.17125
2023-08-14 00:00:00+00:00,14.589583333333332
2023-08-15 00:00:00+00:00,13.459166666666667
2023-08-16 00:00:00+00:00,14.520833333333334
2023-08-17 00:00:00+00:00,15.205
2023-08-18 00:00:00+00:00,15.193333333333333
2023-08-19 00:00:00+00:00,14.85875
2023-08-20 00:00:00+00:00,13.885416666666666
2023-08-21 00:00:00+00:00,13.527499999999998
2023-08-22 00:00:00+00:00,13.527500000000002
2023-08-23 00:00:00+00:00,14.52125
2023-08-24 00:00:00+00:00,14.281666666666666
2023-08-25 00:00:00+00:00,14.39875
2023-08-26 00:00:00+00:00,14.989583333333334
2023-08-27 00:00:00+00:00,15.839583333333335
2023-08-28 00:00:00+00:00,15.7575
2023-08-29 00:00:00+00:00,16.152083333333334
2023-08-30 00:00:00+00:00,16.875416666666666
2023-08-31 00:00:00+00:00,16.53875
2023-09-01 00:00:00+00:00,16.496666666666666
2023-09-02 00:00:00+00:00,15.6275
2023-09-03 00:00:00+00:00,14.534166666666666
2023-09-04 00:00:00+00:00,16.02375
2023-09-05 00:00:00+00:00,15.319583333333334
2023-09-06 00:00:00+00:00,15.4975
2023-09-07 00:00:00+00:00,15.56875
2023-09-08 00:00:00+00:00,16.023333333333333
2023-09-09 00:00:00+00:00,15.264166666666666
2023-09-10 00:00:00+00:00,15.168750000000001
2023-09-11 00:00:00+00:00,16.595833333333335
2023-09-12 00:00:00+00:00,16.162499999999998
2023-09-13 00:00:00+00:00,15.985
2023-09-14 00:00:00+00:00,16.42083333333333
2023-09-15 00:00:00+00:00,16.044166666666666
2023-09-16 00:00:00+00:00,14.986666666666666
2023-09-17 00:00:00+00:00,15.247083333333334
2023-09-18 00:00:00+00:00,15.481250000000001
2023-09-19 00:00:00+00:00,15.354166666666666
2023-09-20 00:00:00+00:00,15.342500000000001
2023-09-21 00:00:00+00:00,15.9825
2023-09-22 00:00:00+00:00,15.920416666666668
2023-09-23 00:00:00+00:00,16.106666666666666
2023-09-24 00:00:00+00:00,15.65
2023-09-25 00:00:00+00:00,14.80625
2023-09-26 00:00:00+00:00,14.297083333333333
2023-09-27 00:00:00+00:00,14.79875
2023-09-28 00:00:00+00:00,14.777500000000002
2023-09-29 00:00:00+00:00,15.880416666666667
2023-09-30 00:00:00+00:00,16.042083333333334
2023-10-01 00:00:00+00:00,15.647083333333335
2023-10-02 00:00:00+00:00,15.537916666666668
2023-10-03 00:00:00+00:00,14.881666666666668
2023-10-04 00:00:00+00:00,15.14875
2023-10-05 00:00:00+00:00,15.01375
2023-10-06 00:00:00+00:00,16.195833333333333
2023-10-07 00:00:00+00:00,15.661666666666667
2023-10-08 00:00:00+00:00,15.225833333333334
2023-10-09 00:00:00+00:00,15.71125
2023-10-10 00:00:00+00:00,15.108333333333334
2023-10-11 00:00:00+00:00,15.553333333333335
2023-10-12 00:00:00+00:00,14.59875
2023-10-13 00:00:00+00:00,14.94625
2023-10-14 00:00:00+00:00,13.41375
2023-10-15 00:00:00+00:00,14.465833333333334
2023-10-16 00:00:00+00:00,15.581666666666665
2023-10-17 00:00:00+00:00,15.17
2023-10-18 00:00:00+00:00,15.72625
2023-10-19 00:00:00+00:00,16.575833333333332
2023-10-20 00:00:00+00:00,13.368461538461538
2023-10-21 00:00:00+00:00,14.716666666666667
2023-10-22 00:00:00+00:00,15.622916666666667
2023-10-23 00:00:00+00:00,15.342500000000001
2023-10-24 00:00:00+00:00,15.309583333333334
2023-10-25 00:00:00+00:00,13.80318181818182
2023-10-26 00:00:00+00:00,12.273913043478261
2023-10-27 00:00:00+00:00,12.448695652173912
2023-10-28 00:00:00+00:00,11.684761904761904
2023-10-29 00:00:00+00:00,13.135416666666666
2023-10-30 00:00:00+00:00,13.984545454545456
2023-10-31 00:00:00+00:00,14.045
2023-11-01 00:00:00+00:00,13.919545454545455
2023-11-02 00:00:00+00:00,14.13375
2023-11-03 00:00:00+00:00,14.599166666666667
2023-11-04 00:00:00+00:00,15.162916666666668
2023-11-05 00:00:00+00:00,14.6025
2023-11-06 00:00:00+00:00,15.303333333333335
2023-11-07 00:00:00+00:00,16.450416666666666
2023-11-08 00:00:00+00:00,17.02958333333333
2023-11-09 00:00:00+00:00,16.819166666666668
2023-11-10 00:00:00+00:00,17.17875
2023-11-11 00:00:00+00:00,16.197916666666668
2023-11-12 00:00:00+00:00,15.395416666666668
2023-11-13 00:00:00+00:00,16.559166666666666
2023-11-14 00:00:00+00:00,16.024583333333332
2023-11-15 00:00:00+00:00,15.145000000000001
2023-11-16 00:00:00+00:00,16.44625
2023-11-17 00:00:00+00:00,15.74375
2023-11-18 00:00:00+00:00,14.990416666666667
2023-11-19 00:00:00+00:00,14.366666666666667
2023-11-20 00:00:00+00:00,14.2675
2023-11-21 00:00:00+00:00,14.005833333333333
2023-11-22 00:00:00+00:00,13.796666666666667
2023-11-23 00:00:00+00:00,13.805833333333332
2023-11-24 00:00:00+00:00,12.911666666666667
2023-11-25 00:00:00+00:00,13.553333333333335
2023-11-26 00:00:00+00:00,15.687083333333334
2023-11-27 00:00:00+00:00,15.887500000000001
2023-11-28 00:00:00+00:00,14.980416666666665
2023-11-29 00:00:00+00:00,14.812083333333334
2023-11-30 00:00:00+00:00,15.525833333333333
2023-12-01 00:00:00+00:00,15.615833333333335
2023-12-02 00:00:00+00:00,15.7875
2023-12-03 00:00:00+00:00,16.73375
2023-12-04 00:00:00+00:00,16.75166666666667
2023-12-05 00:00:00+00:00,14.979999999999999
2023-12-06 00:00:00+00:00,14.399583333333332
2023-12-07 00:00:00+00:00,14.553333333333333
2023-12-08 00:00:00+00:00,16.186666666666667
2023-12-09 00:00:00+00:00,16.7825
2023-12-10 00:00:00+00:00,15.782499999999999
2023-12-11 00:00:00+00:00,16.582083333333333
2023-12-12 00:00:00+00:00,16.515833333333333
2023-12-13 00:00:00+00:00,16.1925
2023-12-14 00:00:00+00:00,16.182916666666667
2023-12-15 00:00:00+00:00,13.837083333333332
2023-12-16 00:00:00+00:00,13.53875
2023-12-17 00:00:00+00:00,13.849583333333333
2023-12-18 00:00:00+00:00,14.67
2023-12-19 00:00:00+00:00,14.362499999999999
2023-12-20 00:00:00+00:00,14.935416666666667
2023-12-21 00:00:00+00:00,15.54625
2023-12-22 00:00:00+00:00,15.621250000000002
2023-12-23 00:00:00+00:00,14.185833333333333
2023-12-24 00:00:00+00:00,16.142916666666668
2023-12-25 00:00:00+00:00,14.902499999999998
2023-12-26 00:00:00+00:00,14.034999999999998
2023-12-27 00:00:00+00:00,14.112916666666665
2023-12-28 00:00:00+00:00,13.042916666666668
2023-12-29 00:00:00+00:00,13.909999999999998
2023-12-30 00:00:00+00:00,14.422083333333333
2023-12-31 00:00:00+00:00,14.27625
2024-01-01 00:00:00+00:00,13.812916666666666
2024-01-02 00:00:00+00:00,13.3925
2024-01-03 00:00:00+00:00,12.957500000000001
2024-01-04 00:00:00+00:00,13.54625
2024-01-05 00:00:00+00:00,14.34875
2024-01-06 00:00:00+00:00,14.825416666666667
2024-01-07 00:00:00+00:00,15.770416666666668
2024-01-08 00:00:00+00:00,15.128333333333332
2024-01-09 00:00:00+00:00,14.487083333333333
2024-01-10 00:00:00+00:00,14.9925
2024-01-11 00:00:00+00:00,15.153333333333334
2024-01-12 00:00:00+00:00,13.659166666666666
2024-01-13 00:00:00+00:00,14.44375
2024-01-14 00:00:00+00:00,15.322916666666666
2024-01-15 00:00:00+00:00,15.487083333333333
2024-01-16 00:00:00+00:00,15.669166666666667
2024-01-17 00:00:00+00:00,14.865833333333335
2024-01-18 00:00:00+00:00,16.225416666666668
2024-01-19 00:00:00+00:00,16.575
2024-01-20 00:00:00+00:00,16.254583333333333
2024-01-21 00:00:00+00:00,16.392083333333332
2024-01-22 00:00:00+00:00,17.21875
2024-01-23 00:00:00+00:00,17.579166666666666
2024-01-24 00:00:00+00:00,17.610833333333336
2024-01-25 00:00:00+00:00,16.559583333333332
2024-01-26 00:00:00+00:00,16.479583333333334
2024-01-27 00:00:00+00:00,16.22458333333333
2024-01-28 00:00:00+00:00,16.868333333333336
2024-01-29 00:00:00+00:00,16.881666666666668
2024-01-30 00:00:00+00:00,16.69
2024-01-31 00:00:00+00:00,16.171666666666667
2024-02-01 00:00:00+00:00,16.307916666666667
2024-02-02 00:00:00+00:00,14.586666666666666
2024-02-03 00:00:00+00:00,14.878333333333332
2024-02-04 00:00:00+00:00,15.100833333333334
2024-02-05 00:00:00+00:00,13.410000000000002
2024-02-06 00:00:00+00:00,14.61875
2024-02-07 00:00:00+00:00,14.674583333333333
2024-02-08 00:00:00+00:00,16.106666666666666
2024-02-09 00:00:00+00:00,16.480833333333333
2024-02-10 00:00:00+00:00,16.01875
2024-02-11 00:00:00+00:00,15.6075
2024-02-12 00:00:00+00:00,15.093333333333334
2024-02-13 00:00:00+00:00,15.731666666666667
2024-02-14 00:00:00+00:00,17.09875
2024-02-15 00:00:00+00:00,17.63375
2024-02-16 00:00:00+00:00,17.324583333333333
2024-02-17 00:00:00+00:00,16.912916666666664
2024-02-18 00:00:00+00:00,16.230833333333333
2024-02-19 00:00:00+00:00,15.47125
2024-02-20 00:00:00+00:00,13.34125
2024-02-21 00:00:00+00:00,12.931666666666667
2024-02-22 00:00:00+00:00,14.192000000000002
2024-02-23 00:00:00+00:00,15.013636363636364
2024-02-24 00:00:00+00:00,14.518749999999999
2024-02-25 00:00:00+00:00,14.100416666666668
2024-02-26 00:00:00+00:00,13.649583333333332
2024-02-27 00:00:00+00:00,14.465416666666668
2024-02-28 00:00:00+00:00,15.137916666666667
2024-02-29 00:00:00+00:00,15.4825
2024-03-01 00:00:00+00:00,14.996250000000002
2024-03-02 00:00:00+00:00,13.485416666666666
2024-03-03 00:00:00+00:00,13.667083333333332
2024-03-04 00:00:00+00:00,14.899166666666666
2024-03-05 00:00:00+00:00,16.08625
2024-03-06 00:00:00+00:00,16.080833333333334
2024-03-07 00:00:00+00:00,16.97791666666667
2024-03-08 00:00:00+00:00,16.21125
2024-03-09 00:00:00+00:00,15.954166666666666
2024-03-10 00:00:00+00:00,16.4325
2024-03-11 00:00:00+00:00,17.06416666666667
2024-03-12 00:00:00+00:00,17.300833333333333
2024-03-13 00:00:00+00:00,17.44090909090909
2024-03-14 00:00:00+00:00,17.08125
2024-03-15 00:00:00+00:00,16.45625
2024-03-16 00:00:00+00:00,17.377916666666668
2024-03-17 00:00:00+00:00,17.377916666666668
2024-03-18 00:00:00+00:00,17.4075
2024-03-19 00:00:00+00:00,16.243750000000002
2024-03-20 00:00:00+00:00,16.305
2024-03-21 00:00:00+00:00,16.076249999999998
2024-03-22 00:00:00+00:00,14.690833333333332
2024-03-23 00:00:00+00:00,15.415416666666667
2024-03-24 00:00:00+00:00,15.159583333333332
2024-03-25 00:00:00+00:00,14.64875
2024-03-26 00:00:00+00:00,13.825833333333334
2024-03-27 00:00:00+00:00,13.969583333333333
2024-03-28 00:00:00+00:00,14.55375
2024-03-29 00:00:00+00:00,14.35875
2024-03-30 00:00:00+00:00,15.320416666666667
2024-03-31 00:00:00+00:00,14.334166666666667
2024-04-01 00:00:00+00:00,13.905000000000001
2024-04-02 00:00:00+00:00,12.90375
2024-04-03 00:00:00+00:00,13.575416666666667
2024-04-04 00:00:00+00:00,14.025416666666667
2024-04-05 00:00:00+00:00,14.756250000000001
2024-04-06 00:00:00+00:00,15.169166666666667
2024-04-07 00:00:00+00:00,16.4575
2024-04-08 00:00:00+00:00,15.934166666666668
2024-04-09 00:00:00+00:00,15.693333333333333
2024-04-10 00:00:00+00:00,15.317083333333334
2024-04-11 00:00:00+00:00,16.145416666666666
2024-04-12 00:00:00+00:00,16.657083333333333
2024-04-13 00:00:00+00:00,16.187916666666666
2024-04-14 00:00:00+00:00,16.10625
2024-04-15 00:00:00+00:00,15.696666666666667
2024-04-16 00:00:00+00:00,17.023333333333333
2024-04-17 00:00:00+00:00,15.319999999999999
2024-04-18 00:00:00+00:00,15.172083333333333
2024-04-19 00:00:00+00:00,12.523333333333333
2024-04-20 00:00:00+00:00,14.0225
2024-04-21 00:00:00+00:00,13.588333333333333
2024-04-22 00:00:00+00:00,13.069583333333334
2024-04-23 00:00:00+00:00,14.574583333333335
2024-04-24 00:00:00+00:00,15.615833333333333
2024-04-25 00:00:00+00:00,14.11625
2024-04-26 00:00:00+00:00,15.192916666666667
2024-04-27 00:00:00+00:00,14.022083333333335
2024-04-28 00:00:00+00:00,14.064166666666667
2024-04-29 00:00:00+00:00,14.455
2024-04-30 00:00:00+00:00,15.532916666666667
2024-05-01 00:00:00+00:00,15.711666666666666
2024-05-02 00:00:00+00:00,15.9975
2024-05-03 00:00:00+00:00,14.778333333333334
2024-05-04 00:00:00+00:00,14.966666666666667
2024-05-05 00:00:00+00:00,13.69625
2024-05-06 00:00:00+00:00,15.99125
2024-05-07 00:00:00+00:00,15.09875
2024-05-08 00:00:00+00:00,12.845833333333333
2024-05-09 00:00:00+00:00,14.931739130434783
2024-05-10 00:00:00+00:00,16.893333333333334
2024-05-11 00:00:00+00:00,15.0875
2024-05-12 00:00:00+00:00,16.177916666666665
2024-05-13 00:00:00+00:00,15.872083333333334
2024-05-14 00:00:00+00:00,14.157142857142858
2024-05-15 00:00:00+00:00,14.846666666666666
2024-05-16 00:00:00+00:00,15.174583333333333
2024-05-17 00:00:00+00:00,16.112083333333334
2024-05-18 00:00:00+00:00,17.055833333333332
2024-05-19 00:00:00+00:00,17.327916666666667
2024-05-20 00:00:00+00:00,17.620833333333334
2024-05-21 00:00:00+00:00,17.09208333333333
2024-05-22 00:00:00+00:00,15.5725
2024-05-23 00:00:00+00:00,14.74875
2024-05-24 00:00:00+00:00,15.393333333333333
2024-05-25 00:00:00+00:00,16.14625
2024-05-26 00:00:00+00:00,16.350833333333334
2024-05-27 00:00:00+00:00,15.543333333333335
2024-05-28 00:00:00+00:00,14.074583333333335
2024-05-29 00:00:00+00:00,13.652083333333332
2024-05-30 00:00:00+00:00,16.132916666666667
2024-05-31 00:00:00+00:00,16.620833333333334
2024-06-01 00:00:00+00:00,17.85125
2024-06-02 00:00:00+00:00,17.57375
2024-06-03 00:00:00+00:00,17.39125
2024-06-04 00:00:00+00:00,16.252916666666668
2024-06-05 00:00:00+00:00,14.865
2024-06-06 00:00:00+00:00,13.905217391304348
2024-06-07 00:00:00+00:00,15.405000000000001
2024-06-08 00:00:00+00:00,15.908333333333333
2024-06-09 00:00:00+00:00,15.84625
2024-06-10 00:00:00+00:00,15.284166666666666
2024-06-11 00:00:00+00:00,16.43
2024-06-12 00:00:00+00:00,15.767916666666666
2024-06-13 00:00:00+00:00,14.968333333333334
2024-06-14 00:00:00+00:00,13.979583333333332
2024-06-15 00:00:00+00:00,13.525833333333333
2024-06-16 00:00:00+00:00,14.259583333333333
2024-06-17 00:00:00+00:00,15.985833333333334
2024-06-18 00:00:00+00:00,14.674583333333333
2024-06-19 00:00:00+00:00,13.394347826086957
2024-06-20 00:00:00+00:00,14.394166666666665
2024-06-21 00:00:00+00:00,14.31875
2024-06-22 00:00:00+00:00,14.611666666666666
2024-06-23 00:00:00+00:00,14.824583333333335
2024-06-24 00:00:00+00:00,15.869565217391305
2024-06-25 00:00:00+00:00,15.150833333333333
2024-06-26 00:00:00+00:00,14.168333333333335
2024-06-27 00:00:00+00:00,13.728333333333333
2024-06-28 00:00:00+00:00,14.010416666666666
2024-06-29 00:00:00+00:00,15.448333333333332
2024-06-30 00:00:00+00:00,14.322916666666666
2024-07-01 00:00:00+00:00,15.512083333333335
2024-07-02 00:00:00+00:00,14.770416666666668
2024-07-03 00:00:00+00:00,14.319166666666668
2024-07-04 00:00:00+00:00,13.424583333333333
2024-07-05 00:00:00+00:00,13.347499999999998
2024-07-06 00:00:00+00:00,15.238750000000001
2024-07-07 00:00:00+00:00,15.26
2024-07-08 00:00:00+00:00,15.636249999999999
2024-07-09 00:00:00+00:00,14.989166666666668
2024-07-10 00:00:00+00:00,15.499166666666667
2024-07-11 00:00:00+00:00,15.543750000000001
2024-07-12 00:00:00+00:00,15.685416666666667
2024-07-13 00:00:00+00:00,15.581249999999999
2024-07-14 00:00:00+00:00,16.401666666666667
2024-07-15 00:00:00+00:00,16.680833333333332
2024-07-16 00:00:00+00:00,16.07166666666667
2024-07-17 00:00:00+00:00,15.59375
2024-07-18 00:00:00+00:00,15.740833333333333
2024-07-19 00:00:00+00:00,15.609583333333333
2024-07-20 00:00:00+00:00,16.725833333333334
2024-07-21 00:00:00+00:00,16.34
2024-07-22 00:00:00+00:00,16.43166666666667
2024-07-23 00:00:00+00:00,15.59375
2024-07-24 00:00:00+00:00,16.21291666666667
2024-07-25 00:00:00+00:00,15.766666666666666
2024-07-26 00:00:00+00:00,15.69625
2024-07-27 00:00:00+00:00,15.753333333333332
2024-07-28 00:00:00+00:00,16.997916666666665
2024-07-29 00:00:00+00:00,16.714583333333334
2024-07-30 00:00:00+00:00,16.249583333333334
2024-07-31 00:00:00+00:00,16.235833333333336
2024-08-01 00:00:00+00:00,15.130416666666667
2024-08-02 00:00:00+00:00,15.753749999999998
2024-08-03 00:00:00+00:00,15.062083333333334
2024-08-04 00:00:00+00:00,15.055416666666666
2024-08-05 00:00:00+00:00,14.953333333333333
2024-08-06 00:00:00+00:00,14.876666666666667
2024-08-07 00:00:00+00:00,15.608333333333334
2024-08-08 00:00:00+00:00,16.003333333333334
2024-08-09 00:00:00+00:00,13.532083333333333
2024-08-10 00:00:00+00:00,14.72875
2024-08-11 00:00:00+00:00,15.519166666666665
2024-08-12 00:00:00+00:00,15.456249999999999
2024-08-13 00:00:00+00:00,15.742083333333333
2024-08-14 00:00:00+00:00,15.40125
2024-08-15 00:00:00+00:00,16.09875
2024-08-16 00:00:00+00:00,15.377083333333333
2024-08-17 00:00:00+00:00,15.21625
2024-08-18 00:00:00+00:00,15.54
2024-08-19 00:00:00+00:00,15.234166666666667
2024-08-20 00:00:00+00:00,15.274166666666666
2024-08-21 00:00:00+00:00,14.913333333333334
2024-08-22 00:00:00+00:00,15.219583333333333
2024-08-23 00:00:00+00:00,15.675
2024-08-24 00:00:00+00:00,15.1275
2024-08-25 00:00:00+00:00,14.637916666666667
2024-08-26 00:00:00+00:00,15.177083333333334
2024-08-27 00:00:00+00:00,15.855416666666668
2024-08-28 00:00:00+00:00,16.05125
2024-08-29 00:00:00+00:00,15.550416666666665
2024-08-30 00:00:00+00:00,15.960833333333333
2024-08-31 00:00:00+00:00,15.864583333333334
2024-09-01 00:00:00+00:00,15.915833333333333
2024-09-02 00:00:00+00:00,15.821666666666665
2024-09-03 00:00:00+00:00,15.96625
2024-09-04 00:00:00+00:00,16.717916666666667
2024-09-05 00:00:00+00:00,15.8575
2024-09-06 00:00:00+00:00,16.22458333333333
2024-09-07 00:00:00+00:00,15.730454545454545
2024-09-08 00:00:00+00:00,15.88125
2024-09-09 00:00:00+00:00,15.78375
2024-09-10 00:00:00+00:00,15.813181818181818
2024-09-11 00:00:00+00:00,16.925833333333333
2024-09-12 00:00:00+00:00,16.775000000000002
2024-09-13 00:00:00+00:00,17.052916666666665
2024-09-14 00:00:00+00:00,16.87
2024-09-15 00:00:00+00:00,17.0075
2024-09-16 00:00:00+00:00,16.112916666666667
2024-09-17 00:00:00+00:00,16.344583333333333
2024-09-18 00:00:00+00:00,16.643333333333334
2024-09-19 00:00:00+00:00,15.911666666666667
2024-09-20 00:00:00+00:00,15.588333333333333
2024-09-21 00:00:00+00:00,14.170416666666666
2024-09-22 00:00:00+00:00,14.195416666666667
2024-09-23 00:00:00+00:00,14.526470588235293
2024-09-24 00:00:00+00:00,15.06875
2024-09-25 00:00:00+00:00,15.685416666666667
2024-09-26 00:00:00+00:00,15.639583333333334
2024-09-27 00:00:00+00:00,14.194166666666668
2024-09-28 00:00:00+00:00,12.75875
2024-09-29 00:00:00+00:00,13.669583333333334
2024-09-30 00:00:00+00:00,14.311666666666667
2024-10-01 00:00:00+00:00,13.767391304347825
2024-10-02 00:00:00+00:00,13.762083333333335
2024-10-03 00:00:00+00:00,14.659166666666666
2024-10-04 00:00:00+00:00,14.951666666666668
2024-10-05 00:00:00+00:00,15.27625
2024-10-06 00:00:00+00:00,15.61625
2024-10-07 00:00:00+00:00,15.434166666666668
2024-10-08 00:00:00+00:00,13.13375
2024-10-09 00:00:00+00:00,14.280416666666667
2024-10-10 00:00:00+00:00,13.3075
2024-10-11 00:00:00+00:00,15.305833333333334
2024-10-12 00:00:00+00:00,16.027083333333334
2024-10-13 00:00:00+00:00,15.947083333333333
2024-10-14 00:00:00+00:00,15.46375
2024-10-15 00:00:00+00:00,15.648333333333333
2024-10-16 00:00:00+00:00,15.889565217391304
2024-10-17 00:00:00+00:00,17.10818181818182
2024-10-18 00:00:00+00:00,17.251250000000002
2024-10-19 00:00:00+00:00,16.542083333333334
2024-10-20 00:00:00+00:00,15.14
2024-10-21 00:00:00+00:00,14.686250000000001
2024-10-22 00:00:00+00:00,15.36125
2024-10-23 00:00:00+00:00,15.78875
2024-10-24 00:00:00+00:00,15.93
2024-10-25 00:00:00+00:00,17.15434782608696
2024-10-26 00:00:00+00:00,16.752916666666668
2024-10-27 00:00:00+00:00,16.390416666666667
2024-10-28 00:00:00+00:00,15.620416666666666
2024-10-29 00:00:00+00:00,16.3075
2024-10-30 00:00:00+00:00,14.967916666666667
2024-10-31 00:00:00+00:00,13.645833333333334
2024-11-01 00:00:00+00:00,13.53875
2024-11-02 00:00:00+00:00,14.263333333333334
2024-11-03 00:00:00+00:00,14.756666666666666
2024-11-04 00:00:00+00:00,14.712916666666667
2024-11-05 00:00:00+00:00,15.256666666666666
2024-11-06 00:00:00+00:00,15.715833333333334
2024-11-07 00:00:00+00:00,15.3125
2024-11-08 00:00:00+00:00,14.06875
2024-11-09 00:00:00+00:00,13.857083333333334
2024-11-10 00:00:00+00:00,14.145833333333334
2024-11-11 00:00:00+00:00,14.088333333333333
2024-11-12 00:00:00+00:00,13.912083333333333
2024-11-13 00:00:00+00:00,14.493333333333332
2024-11-14 00:00:00+00:00,13.8025
2024-11-15 00:00:00+00:00,14.719999999999999
2024-11-16 00:00:00+00:00,14.128695652173912
2024-11-17 00:00:00+00:00,14.3025
2024-11-18 00:00:00+00:00,14.120833333333332
2024-11-19 00:00:00+00:00,13.925833333333335
2024-11-20 00:00:00+00:00,13.98375
2024-11-21 00:00:00+00:00,12.947916666666666
2024-11-22 00:00:00+00:00,14.580833333333333
2024-11-23 00:00:00+00:00,15.457916666666668
2024-11-24 00:00:00+00:00,15.926666666666668
2024-11-25 00:00:00+00:00,15.464166666666666
2024-11-26 00:00:00+00:00,15.048333333333334
2024-11-27 00:00:00+00:00,14.694166666666668
2024-11-28 00:00:00+00:00,14.270416666666668
2024-11-29 00:00:00+00:00,15.33375
2024-11-30 00:00:00+00:00,16.19333333333333
